imageid,partition,group_id,pixel_hash
1.jpg,train,1.jpg,9cc26b65f3be3a8ab6aae051f665827aa4f3de5c205c3df3985ed72c62236297
2.jpg,train,2.jpg,70621b054e191f1d1f24c9371d2b20aa88f6697a8abe03aab20a87ce264a26bd
3.jpg,train,3.jpg,ddf8dbbc4034ff3be54eead957e538235f338c54a989b129da7f210b52645c03
4.jpg,train,4.jpg,7d2b0b864033aca6a0ab548f07fb4092e02b3f2a3392b882668786de015c6a75
5.jpg,train,5.jpg,a55396f1f1aebe7b55c4c8f5930e7ad62c0c08f02e99b6bb7488146269decdeb
6.jpg,train,6.jpg,2b99c5a5b6843b45e368ff318afc461a692cd77f78ef45ba47aa834eb181728a
7.jpg,train,7.jpg,d3a1f42cd8cb3034c66019c0549e80904d886a2d78ae441647c4bd6513ae0c93
8.jpg,train,8.jpg,49026fee1076ab3a7c49b0e1c2e152c1acad85ce2a5c17b7ac68d9518a5259dd
9.jpg,validation,9.jpg,632905d348ed6c036758c7a876dbed628d14619057f57ea0703c9165a320d1be
10.jpg,train,10.jpg,073b80337096e9e279ed3250827af088305e11fce5054caa08b4b5bdaca65280
11.jpg,train,11.jpg,f87b8bd13c409414b233d977a159323478ae09293c9d4c6795b5dec9b3627113
12.jpg,train,12.jpg,8df03257c1a447b0b93267248660649b9e257e652ccda15045a690fbb7f6bf5c
13.jpg,train,13.jpg,b5cc2eef46690ad73cd71dfedb33f8e5afd3c133d64a92c9250b5fba170817d2
14.jpg,train,14.jpg,ba07f52e60397f539979ea45c899036b1b689ff9e0f4b011bd5373107d40c0cb
15.jpg,validation,15.jpg,3a49099407d8e83a5f14ce198bfd4a55f19030cbf3b11c98d1fdb546e9a72e97
16.jpg,train,16.jpg,e3265bd70975d98ec09266819d2e9e01b7d1de10823d92aedc9d7b8a504a9789
17.jpg,train,17.jpg,35e2edb5dab3f7aa177f43d8421462bc8fd247233aa93579d9ab6c6ccec1d06f
18.jpg,train,18.jpg,29e04f08b0bff2c9cd95f3d1e7e8cc3f62584767bad2a210b5a7ceaf141a7e66
19.jpg,train,19.jpg,7f5d76d8b5196d5bf8a5a334b71a023f475cdc79c9ea5e2be713da468513bced
20.jpg,train,20.jpg,49f29d336646751e30c5c69c47609d262a0f32c631780ae29647b6e06b88abd8
21.jpg,train,21.jpg,a2e7efac04a57c7e866edeb681ee0fcd8f262c340229a033697919c03aa5b078
22.jpg,validation,22.jpg,73de5ddc420dd725ddd5e8cf970fb030d2ed14784866dba47870ff26d89bdfdc
23.jpg,train,23.jpg,92082601e7abdfdbccf22c1a673f27e5c279383b948fc2cdc00f21bab2c6116c
24.jpg,validation,24.jpg,6cca9c1c6b32de85f31b1bb20094fc5eb3a676baa4f219e77ead20ddb3df7432
25.jpg,train,25.jpg,56a62fe14b75032862b987dd95dac0d6a1a6ab419fa9e62fe5e27a3df6aba39b
26.jpg,validation,26.jpg,2a6a2c4dd471179ab05518e33211011a20a31f9107fc2b021186b00c6b7f71cf
27.jpg,validation,27.jpg,cf5bb2bf5d2209bdf1cb3abde918a3ae160515c98ea720c8b1cbdbfa6fe0f26b
28.jpg,train,28.jpg,d72324deafc9344537ffca5f6ee34e109938126c1815763761d9088462951db4
29.jpg,train,29.jpg,8d1640e2391e95065a21240f2a9829ceac897710103a356c233be78afe4bf01e
30.jpg,train,30.jpg,ede8983a3dfcdaad3cc718cce54ae697cbc6ded661223fa6aac08cbf58dc455e
31.jpg,train,31.jpg,06e07c9c39e38c571869939335c3a7d5c3f1189abef58bc432690919aa2114a4
32.jpg,train,32.jpg,1699e97cc1cef7e111a3fc4d8a352a04ca5ad98407ef6f15c43ce0907eceecf0
33.jpg,train,33.jpg,03dee224a3762d0056e35140afeef0d774518ae7f98c5cf617afd00f47d73389
34.jpg,train,34.jpg,ffd5e06ba1e9fc0fb60cc107bc423abde7bb06882a4bc29906bc0d940e9919f4
35.jpg,train,35.jpg,d701ca79863e318906d8e6e00c052717a83e9cff6e2fad6beadc786bccd10505
36.jpg,train,36.jpg,31a804db68226db696b065babd8409b21f9c4fb93b0987acd5dc0a14ed4de9c2
37.jpg,train,37.jpg,8bc278baaef8ff9d6043e4f3abb573f9c7edfb7c467355d6d5dee0cf819fa513
38.jpg,train,38.jpg,8c92eb969aba8f699293f7da6ed65f3f242e033f518a957f0b6e800d9c2f0846
39.jpg,train,39.jpg,54edf449b1e0780346231149dce29ce17c5538b056ebb5a39283fccbf255cddb
40.jpg,train,40.jpg,c751bc0385c3d8c3fab88f09d4bfc1e892498a09b0370a980b8321b3530aebc8
41.jpg,validation,41.jpg,7d436144b9fd48be53255f1d6f03d8dd4fd4439550de9bb0b9a2efab39f61b56
42.jpg,train,42.jpg,2dfe0994d2ce9e2380c87df5a81e50654c52ef0158af4854142354ca1a44ffa8
43.jpg,train,43.jpg,dc89dd85b1b5b79183974e512f367d8fee5758a8f9e88027e9485fdb21bc4b4a
44.jpg,train,44.jpg,3475b7773509d03dab0cb4a2a10db9812a1da8803c5e79eeeb9411b9c4c7d82c
45.jpg,train,45.jpg,01b0a8a8caddb2a59d3eacf1f7e96eb42ca8440448d3d0b8802eb39177ee4e75
46.jpg,train,46.jpg,3ab96c99ab5366c78f46a04656b18fb018ae53883f0f94c106be101f93d96a68
47.jpg,train,47.jpg,ce30e167c7d636b8ca4fc1b385211e4054a94a4c18cef284a9c36fc93873f27c
48.jpg,validation,48.jpg,2f63d3a9785be86e91d3802e3d0cc614af35e6c32794544e8356137570c8536d
49.jpg,train,49.jpg,c6012f59f0a273dd103ebf0614d5067d86c5c70b5ad4ac195df5fd8da3f4e6a8
50.jpg,train,50.jpg,b09e4430720e0f2796e13b540de3e7cfb1dd20eb572770988a9d782472859223
51.jpg,train,51.jpg,5b31fc9e2137c9bbc6fb5545d7a8a3733e7560bd358960311fbce84074668290
52.jpg,validation,52.jpg,9021885872ec44f2f854a11ec9822aa4c5ce1745dff8575364122cf52bce26d5
53.jpg,train,53.jpg,92c62285683cb313f2659061db66e7f7570d503eb3bf7550864eef6fe8cd162e
54.jpg,train,54.jpg,92a023054a3b05d868b7ef56350e804a4cdadf91b9a26fc48ed774bfa57580e3
55.jpg,train,55.jpg,7f92be5e9b9525b1904ef29a2fcba377b3d48d6ddb09a41b9d36af68abf17f02
56.jpg,train,56.jpg,73bc2413f786209f5290000b26315a992597be980af4df34a7cc326455370072
57.jpg,train,57.jpg,4f82bf305e2c8234b793c5feecb734e8c1e0b50e4213b44e7fab87ad8e22580b
58.jpg,train,58.jpg,5a277a97ba85059e98b83b19bffd930273d33b05f8dca231bbf06b0696d3e22e
59.jpg,train,59.jpg,d4a9dd85f28378318732dd926a811d8275847352b6e9d73a388437208c82b238
60.jpg,train,60.jpg,47001acdcc25b8ef62f53ab169614ff76afb90288805e4a4ae92d2802a988c32
61.jpg,train,61.jpg,157db8cf770daf0f3efdc0af5ccd1dcde0c8d7fea3c0049a9b0723d48a9e31b5
62.jpg,train,62.jpg,6d080c3b0cc213371f5dc4e6a1d4adf405cfef9ca2030b5c28545a224977d1ee
63.jpg,train,63.jpg,21c7b92575f48563f2c946265e020dcb63cc4f5e6911677538a1de6b151c1b47
64.jpg,train,64.jpg,c4cbf5e29e82fb1e988d2129a7e4cac6710db0764bfcdd6624cdb515f6b2a3c1
65.jpg,train,65.jpg,beea80c66d057fdc0fc15a3eac55edd667953bc688124daf1b11aaa5ee36cf93
66.jpg,train,66.jpg,59ca37ed95eb935b1ce37a066d0dc248cec5079761c8fd0b0a2ad11bc7665ec7
67.jpg,train,67.jpg,b9cd8399d62a95580835590fbadea283cf8be8c37f1dffcf58caa8c363ece053
68.jpg,validation,68.jpg,334cfc5665dc525c950f6a3dead40a6f39c9fb641b8af285a584d7ac2f46ae51
69.jpg,validation,69.jpg,bab01e4c6e738e472110a4e9efd7fc9618030670ab43c8c78b0291bc8d79e971
70.jpg,train,70.jpg,9b11f125d0d40dcd4a1c4379abdcab13ea23eea38a09e9a069c1561d84df164d
71.jpg,train,71.jpg,d78a2670f1377289b7d9b7de24d7d97c7a038c19fc82c5456f81c6a7881d5068
72.jpg,train,72.jpg,ab70b65f7e48b466d99126902ab4dc7866ff5dfbcc14c4ef0ca7f912b030ae0b
73.jpg,train,73.jpg,1e9dadc6b40fd179995278759ff86ccc2cfc81ed80062eeed87bbfd947d6f304
74.jpg,validation,74.jpg,ef8b0592dded2f1e623aba985ab228263ebc982b3e025f81c3b4832dbb944531
75.jpg,train,75.jpg,6062a29e11a1d48bcff05ecb643bfb60065c4926cdfff76026c3225c4390bbf1
76.jpg,validation,76.jpg,37daa1ab1d0995c2ba4840078423c2b778adf3a6318d6bcf69ddb145ae6be33a
77.jpg,train,77.jpg,6f91248679b6f49666a824decadd81392e2950a72efdd8c37350fcb218d26c35
78.jpg,train,78.jpg,576959f8a689553a428289c89d8fdbfe3188be8434f513f660f8f4096fecedc5
79.jpg,train,79.jpg,e2d64c240339ca854ecb4e8e6599d8c9844bfe999ef4bc060ee29bd4205baa70
80.jpg,train,80.jpg,2ed67741040bc2df24ef57a01faa0fb6f73edc5af1f955d5d319fd8c121e1d6d
81.jpg,train,81.jpg,82ebac65dcd26f1b321227eddc41c0b3c82f0c53d645a9291f3bbe7bec1bf67b
82.jpg,train,82.jpg,f4e15f1f869dbaffe193036638aed3ebb297d6295fedb9a13e2b5b9c79ec1c69
83.jpg,train,83.jpg,1e66abadec142c6acf4d1ffcff1d3923c85c2f5f7bb8c6b28d49d5ced22febde
84.jpg,train,84.jpg,31226865aa2d190f3172cc499deca61fac4106990480eace90ad5dbaf6aee1e9
85.jpg,train,85.jpg,b3e46116b3b6fd854263e86eeeacf6d87d3375f3b23bd4ea03ba59686d02b3f4
86.jpg,train,86.jpg,4b9b4fbf97414deb7ca01f6f05cd9accef4e2153071d883e23980ae59f9e9da8
87.jpg,train,87.jpg,3b129dca95d7c70df447a9b7129a0fe02e974527f940a672731fe211a14697ac
88.jpg,train,88.jpg,12fd8a158361b7e3b67ccc423af3bc5fb86c833ae7e9225bb982448749c870b9
89.jpg,validation,89.jpg,587a9f8af319109f54b0d68be8220d0e743ec871db7ea4772cd2da98d0115354
90.jpg,train,90.jpg,994bbc22bec4594891258cedb2162966eb24c5dbc6bb5a27a081718ee26d9e6d
91.jpg,train,91.jpg,60f147100090f623c0dd8722da50afee2a77b35ff9890119d56f34738e9b391d
92.jpg,train,92.jpg,9f4752bd28c8b7bdad926f3059dc006c979b4fd9a1db1499e9ab236638cc3716
93.jpg,validation,93.jpg,b4b9cb9c3e9a6fe170d5e3e49df78004eb24fe923022421f3af448c57e51d436
94.jpg,train,94.jpg,2e9d1aff9f7c78ecc0d22355f5f6baf500d63e16fa71ec8e023c6ce4e6779903
95.jpg,train,95.jpg,784d313daee0f8bd668e8ae9d545e7ce6e002ea882bae8fc4402ab15308962b4
96.jpg,train,96.jpg,7c2094e1d61282eaeb111eec1af92d6172ce4bc51ff307ea31984e164c576a1d
97.jpg,train,97.jpg,950b0e9b904ec126564b7e0ffbe0068e0456c9ccea43a0fff85c015102dbebcd
98.jpg,train,98.jpg,5b7c24ae76938f4a2bd61df8ee77fe1f1084925fa15fd4862add8370c0779471
99.jpg,train,99.jpg,1b9c64dc751d5b53f25b63e510f33980f94eaf66a75cf836eaae1b14ee98af25
100.jpg,train,100.jpg,de25c6bd831de4d98d42a89df5c2b2a447f77bb3b0607228b0ef70b2f17a03e6
101.jpg,train,101.jpg,2b5c95fa940369234d2abb9d0d12a39ed08e957e1ce4694ebf2a7103ed6f2f73
102.jpg,train,102.jpg,788fb8a7738289164088bccc0c98f5c0e66283c466208301849e877be76ec3c0
103.jpg,train,103.jpg,e610c52e1b314cd10e20188a5ca7deed981492472a41cac00c357d6fb665be1b
104.jpg,train,104.jpg,77a42129de2f9a9474df2c3dd0fd0a2bd5059c6be73569288eab2e735465853a
105.jpg,train,105.jpg,e68eea1bc910100266fb2fef076bea9064aa87dde37f27559bc5ec1809c2f924
106.jpg,train,106.jpg,54de7e4fd3d027254517f4c287e796457190720b982aad8099842688bbb59371
107.jpg,train,107.jpg,4117bb5ecb1565a03fd9654ce3022b99eb9744c9300a6ec5c849d86f6e170b47
108.jpg,validation,108.jpg,527997c5d038deab90039c27f2d934cac3875715bd2fe1316403da4e046e1447
109.jpg,train,109.jpg,e5e7a3940230381ad10a67074a403834fe1fef1f55dcbb0627770ee886288657
110.jpg,train,110.jpg,2c80d6e41b27260a46e22824ac975027caf503acb43cd00b881fb18a48f85473
111.jpg,validation,111.jpg,1a0511b988b1b59a9b49d666f625190df688352315db125a801859b8ccb74b42
112.jpg,validation,112.jpg,57e9aa7505bd88207dc83da12eed5bed31f87e3675c1c04ed1fe4b8df2717674
113.jpg,validation,113.jpg,20b0c38e97afcd3f3b1eab2c826cd39d36eef6b47a3f615e1ddb973972520f66
114.jpg,train,114.jpg,ae713825f35c3643d72f8e39f4a6da3b8ba7e73478cacc32398ffcb22224dc3a
115.jpg,train,115.jpg,bb36dc6f6ace6fa757c22849c12b864a4ac71ac4bc8489db305e570a27ac059b
116.jpg,validation,116.jpg,3f5eb68fa8e75552790e5d18a4ac8eb3fdbf73a447a9d67ccc0149ec8ff72d22
117.jpg,train,117.jpg,03694b1b259934aab490e6dfeaea4777d5d0035b301ec85eba3185a4e9980ad3
118.jpg,validation,118.jpg,38e18bc12ee0bb939e815820dbd51240ee19b27c796142f0752b357b17385973
119.jpg,train,119.jpg,58d17983322b984200030d75d2192f3d407f4d0db402c5f6cf44dddf44a9da66
120.jpg,train,120.jpg,f85b4b3680532b0e79fddc422b57d800d7486c5c304947feb5260e260aea246a
121.jpg,validation,121.jpg,a499f4c64a501e7e8cbb19b927d1000def2618754f78501cc0e882f02948c678
122.jpg,train,122.jpg,a52ce2fd913562c593073696e47b5a6743488d50f5a96fa9b3b20ad99aee75b6
123.jpg,train,123.jpg,43a9d26ccc0a512abcb6b96a4b367ebeee49e07b0dda642571f49f945c58d99a
124.jpg,train,124.jpg,d9d80ceda6d6bdf7fbd082b4903084e6855b0cae64ea614c3099b8b97ddd7794
125.jpg,validation,125.jpg,bce01a49e70069ea187b0bffaf92d4bba6afd47408dfe6e52a25857176d00217
126.jpg,validation,126.jpg,f1f49c11b883ec76d4ddbfd1da34160e9d0288ed4f8209d3e8bbc179e2d4de2d
127.jpg,train,127.jpg,719763e67e79557995bbe2af2964344e65a713f432d1c981979a4c43ce966ab7
128.jpg,train,128.jpg,7b2318a76ba03dcf71d0b899d9d0c925ac1abff2bb51994c83bf81f92821fd0b
129.jpg,train,129.jpg,ef5286fbe82567ff008d1ce3cd28df446c80ad1971fb08149e319dc5e962a5e7
130.jpg,train,130.jpg,21d52bc6ed7ea473d1622e1f60c00f15b88e1c368fc57406be49b5d5783e5390
131.jpg,train,131.jpg,951796f5147cdbb2e6ea981218d85925796d14d43f9ca27c8668813755ba4851
132.jpg,train,132.jpg,df8f0ce727963db166f65f4b3bca6fd90bb2a1139397dbd0e49cb2ab789d964c
133.jpg,train,133.jpg,a2f4c1b33278ede36af7b58f8b41b42b67f9f38e5c62611cea3be7f84abb1da4
134.jpg,train,134.jpg,6e3391b603b056fd4dd73ee820c2ead0b1a9c18287d4b67f3e59b05877587ed0
135.jpg,validation,135.jpg,88bc611d1fc68608f825fa2418b3bcad3e71183ea065248cca6dd8b9c01bc718
136.jpg,train,136.jpg,0417c9f18c7ff9860b8ed0cf6d4ec888cc2b1385c89f599f7d47f9996d205c44
137.jpg,train,137.jpg,7561b5e04546fbae2bfb50b2440c5ccf607244e9133dca720c96848feb53b785
138.jpg,train,138.jpg,ed35a9dc90769c9bc3e572e2cbb940b72fae042b8430575b82aa17e73ad362ff
139.jpg,validation,139.jpg,f5a0e0b0e91bb5e0d5adabb50d607e701407876a106e7a2827c533159c0ab45d
140.jpg,validation,140.jpg,29e4be61e31eb241159cef5eeb1d55d3a2821165c3ae454ec064722a456717c2
141.jpg,train,141.jpg,6608260f7a8bf8078243e238ce75b8f4c7695f3c48feaf56099e6bc8a123b29e
142.jpg,train,142.jpg,886a28ca4d2629546093a3204dda33fef733ab78d6831897cde960f832fa7e91
143.jpg,train,143.jpg,41537321599f054895a2fd6713947733b4dce84b679869590dd1ed801884e97b
144.jpg,train,144.jpg,2c0bad4ceb8e6f8bb138a7aeaadfde1fde1981ac552ddf76eb85d97ebf59f3b6
145.jpg,validation,145.jpg,f922d131e8c073df703adac234aa98dcd1a42bb532badb2127810541385022c2
146.jpg,train,146.jpg,2ab63265671d03acfd4f1a13cd6012735f1b9e588b3561f36667267523b35bcc
147.jpg,train,147.jpg,acb63c6b44fd78ac9aa700461f70dca67f708153a0dbff4f9dccc0d09ac05c1b
148.jpg,train,148.jpg,ca09126ecbe741dc0728ef7b31a6f5b6279528ff992ddfb1454bd169464e0c71
149.jpg,train,149.jpg,62487854f23a6e960d06bd073a8aed4dc41a03000f564c56f46d9926ef78c9da
150.jpg,validation,150.jpg,2b8b489e2adc80463f3cf8c1a9cf790c167303f8f4f39ab52f7441b0ebba65a0
151.jpg,train,151.jpg,33937058614807c5c9a46f10051289cb0e000da2402b869e643f47b629a9e8c2
152.jpg,validation,152.jpg,d402468e5cae9c5855e3d8e36a987c95e5384b36b65857681d251d6a24853367
153.jpg,train,153.jpg,21ca5c20aba1222b5af7d31fadd37620f00f1b973284a1378bdda56ac3841f48
154.jpg,validation,154.jpg,cdaf21ff962416841c8cd51036c59d5943547bbda99223bdf22c5c9a7455c13d
155.jpg,train,155.jpg,d66064ec9121726b1ff4c93080ad5d599d20c880df6d2e7e1133e87d64a2aa45
156.jpg,train,156.jpg,05fc16f4fb93dda0731a722df2479a9603a2ef49fd03e03bef3bd62b57dcc049
157.jpg,train,157.jpg,626e7fbf3251ede0a54d11cfaa749e39d40a0bf5047778dee2ecb3b98975ecce
158.jpg,train,158.jpg,ff6aee3b48cf7072a0ed26d252ed846cbbb6ad162848d9bcb66fc1d2c02cb537
159.jpg,validation,159.jpg,fc7f80f0b7416926f49be739388b1b5114231241032f676d72436e8b3a2795e2
160.jpg,train,160.jpg,0099ac22d126ca918ac9fa70799397d75e871035fc90f5e48433041d074fd2ee
161.jpg,train,161.jpg,a1e4b73733e0e59a4b2f63fab970b552dbfc1e8da6daf6f3da1c8edcb4e4bc09
162.jpg,train,162.jpg,02d1660a071c776065646dd7d392a1293a96fe11c855428c65e7f7b65fd12783
163.jpg,train,163.jpg,477171587031ffa42c8836e7792a3f8a749b50c6d69788e385104380db0600b6
164.jpg,validation,164.jpg,1f7dcb088c77fb8e920e1b0418341c3c3bd123bc8fc6ca1dce59e00c53f95050
165.jpg,train,165.jpg,5b6f724a835e62cc80009914661655481eddfc6468cb1279f8b120b8fae90501
166.jpg,train,166.jpg,d52b8704f78e534b342db26c61639bbc60ea181f0048eccf22159bf8c5e46a42
167.jpg,train,167.jpg,1a5317703c963700507612b6a70a66e0a40cf1684f87ecd24c5ab5981399b714
168.jpg,train,168.jpg,c40ff18412b0010087136d10aad31cdc505d2335cbbfa6c727cf5ca18ff8a926
169.jpg,validation,169.jpg,2fd90c8a19a87b0fc652819287c11c74b712e37acb57170b9a76c9643756acd1
170.jpg,train,170.jpg,7c9da71c1c0d7107e0e4487481a29b76dbda37cadf49110079cb798568c1e831
171.jpg,train,171.jpg,b0990624c768e639bc387e39ade0038d7adbb4e22d73e94ef0e96a30c37196bd
172.jpg,train,172.jpg,a332ad76f827321e6ad83b548ce85e5c21f954556d36727182fcda9b406b723b
173.jpg,train,173.jpg,9cde51331742e284c10f85eebac59d58a454ec5ca4cc00f003c933291ec5fc07
174.jpg,train,174.jpg,ecaec1f18b07c2287f33ec3fc3d44f70232bd4afb72fe55f52b7c9096fcf41e3
175.jpg,train,175.jpg,175778061ae050af7fae968828fba95b10f8fc48ef5a55b82a958b53084cdb59
176.jpg,train,176.jpg,c74c39ca41962e3b98e49b64f105c7c8c61195ab8b55265b4d63d9c2688fe626
177.jpg,validation,177.jpg,c31728f2c4f41b25eb29888854223112b978a8a2ed656b47a9a2d53dbbdcaa38
178.jpg,train,178.jpg,ffbd7a6f7dd44dbc72dbb965f07caa4b461a01a1b9deb80f8c4394b06d40fbb9
179.jpg,train,179.jpg,255b01dc62864b5ce18ea6bec3939ce4f038abbaa20a900bdbea885f58a7e80c
180.jpg,train,180.jpg,9c4463586a8c272b06300a985d6d88ea7e043430eb9f9876675d00cfb7c2185f
181.jpg,train,181.jpg,f875e0d8ab3a193ecafc5dcd624102f8e1b6bf2be6ea963eabd1f9fe8e4e5b28
182.jpg,train,182.jpg,e681892303196abacf9c1dc0b7e0fa319ceb8b37a32d5152d8406a4f303f58c7
183.jpg,train,183.jpg,c163a4ccfc00ac9ce5c1e82b014a2c14850215ce0bcf42250109e8b537d4ae7f
184.jpg,train,184.jpg,3db2ff4f82294fabc57601169b420303d6a99ba8ba23530bda14cf858aab7562
185.jpg,train,185.jpg,adbb6fca886583b63ac7c9f8957547a26f2554daced83b72fc9804e089295e68
186.jpg,train,186.jpg,6b9b9863b3ac793652b41dffa3d6cca57f24b52c403b6f05a6be29e4a1a22ce0
187.jpg,train,187.jpg,22bb09b12c10a609bc726b91eb21454aed77e2e2931b82d159265cb20d9dc6fa
188.jpg,train,188.jpg,68492faf22d201855b03825b93c92f5ba2c9929bb371e949903648ac4bf5585c
189.jpg,train,189.jpg,f3b27cae01be6ef05b35d1a8086129dd24a8e2e2dad4e23491f16dfa89dc2fe1
190.jpg,train,190.jpg,d34530f49f9fb162a3d3decb26c823be77ad448352e365a73bd96e80d85ad2cf
191.jpg,train,191.jpg,e237cd0670e2920dc51080843fb872c07614bd0e78a4122e9b252cb79cc980c7
192.jpg,validation,192.jpg,f71e255cafa67d9475c23377945d2e4eb1a93f9e54f460fb0e6ac783ee6c1b0a
193.jpg,train,193.jpg,cb315279dcb84d4521557622ac5ee25f3a9ed98cd1d36c27853f19bdff858dc7
194.jpg,train,194.jpg,ab88b343e1c00f0bee1c19bc4b40608504830a142aba7a67f6d5e387ed25c5a3
195.jpg,train,195.jpg,9d4378feeb9ffddfd7f2d51414e6b7bcf1a9fc6815dc0a989743f283199d9d16
196.jpg,train,196.jpg,d4db7691db69edd9598ca7aa08a285dca0880d4322e8e52fcb392c851505b258
197.jpg,train,197.jpg,e94ecd18ff312fed8ddcdc8778437875807682b1f25f59f805c8b258388778f3
198.jpg,train,198.jpg,de201e3c7404b73fd2ea5a29c0efe02a11a34057beb0adcc900c3824befc6ffe
199.jpg,train,199.jpg,fb13b2a300983c4adc74b386113d08badf9f7cad1334be82fb2ab5fea43a5e83
200.jpg,train,200.jpg,bfb2a72fc4654a011b7f3152afbf682d9dd66087aeb1f60df93a2998460fc71e
201.jpg,validation,201.jpg,beaff4fe6962193229640bf47f635d9ab407fc3aabac814181d160bdfb0c5232
202.jpg,train,202.jpg,eb660fe1454968b7a2b1ca3b304f89d395927aa8b0a2a7d68f677f583b3ec7fc
203.jpg,train,203.jpg,99cf1e34b1181726c330a44c4c18ca1f86332b484842ca090cdc2b6b53050e46
204.jpg,train,204.jpg,caec68dee1db059e55964addcc572036d112de22092244469a65993aeb921fa4
205.jpg,train,205.jpg,199afcc719230c02c8fd01bec9d8a4f6b0784b5cd9384b59ebd817374844f705
206.jpg,train,206.jpg,29f0216ed5258a0e686e2bef68d8114ca683b7f8361160a9e753b9179645dfdf
207.jpg,train,207.jpg,4f41b8141b7eb2ac57af9f3492e9fc6dea9041504fa0c7a59b779f6e2a60d02c
208.jpg,train,208.jpg,f56ae3261b73e7a18a7b30ca57fa69b0069499794d86298ddfa0f5c211e03b83
209.jpg,train,209.jpg,3cbefa17171c0615d41aea43cfc5114063d7a7f13eab5002c650cc6d0c9d4440
210.jpg,validation,210.jpg,a1bf6d8d3fec59df5a7c3b6d404873766f2a40718d6d7fcec1413da3cb4b5cc3
211.jpg,validation,211.jpg,524b0150645d0fbf3d3a1f5a6b0784fc03bf0fd76d0e32b62a0d62c271d08d3d
212.jpg,train,212.jpg,6af7749b163a974f066658df586e0980b8f10598f8c68ce8c522816b5c3f975e
213.jpg,validation,213.jpg,3e968af548b952c0ffc4df87ccd3df85ee03cd1f149bb6498787429d6cb48f11
214.jpg,train,214.jpg,d691ba348601a3bb87ea4f43f83fd5c68f9b4f83c25ec2f86ee31903f395368b
215.jpg,train,215.jpg,40e05e46ca90600d5ff75cf16d2ac5020f641fec4715655ac9c391cea7932645
216.jpg,train,216.jpg,b6718159f24bc7a5fa11ee0263276b6fd071ac04a1784e7c8c28de7ba13533a8
217.jpg,train,217.jpg,75bc64642ad6c6e6bdec73101452f38d057129290eba58bea76a913b24cb5e09
218.jpg,train,218.jpg,2273f9cebf45391671e038c7cb95b07cb43e6b48b35431e45c38ce6cb0b6819d
219.jpg,train,219.jpg,83ab62540ee1ddbddbaa828eacafb41cffce2ee766e766083740e2295a22eebd
220.jpg,train,220.jpg,0a1da9e56b9f8f2496a739db6a63569233b004bb01e3e3e5f74a032a1af29077
221.jpg,train,221.jpg,10a706e11e689387d4420d71d96eec652ed8dfc78f6ef2e96fe93006739691c3
222.jpg,train,222.jpg,fc7115d4ae699c3a98c21c0c83122610c925491606b05e6ae7261b06f55d6d6d
223.jpg,validation,223.jpg,efe21fd09c9e6f1644f9d63a69c9bda1f4382b5962481adb0be2b5331038c717
224.jpg,train,224.jpg,ff1951f77258dbb47ef4b363c0f8fd07795dafd11cc4424aa45846dd2cd7c4e4
225.jpg,validation,225.jpg,0581a692f5453545e5b4d241967e6ed3bb2b4a2cf88916acd1402182a42354df
226.jpg,train,226.jpg,57deab2fc31d0d2154193793da2512ca0b2c75596d1ff168eb372c03b0184882
227.jpg,train,227.jpg,d7ffebeb1b330e41df0a5893a11efaef59c17f6194fe58f5932087b796a4b44e
228.jpg,train,228.jpg,62c37fd4c06fa73b801dace7da7d80f37be3db8ce222ab4213ef33e5871d7c8a
229.jpg,train,229.jpg,0bcbc6173d03e21161936d4d58504724b600bbe5be8f98dbcf5eb540f58acd09
230.jpg,train,230.jpg,b9e6c4ece01008f74c3b72600edeca096bf3c3148683672be1a435d35fa448f9
231.jpg,train,231.jpg,2217ef9eaf0bda95abecad7bde589d29b91d6ed16b42810873fcc0280dfde319
232.jpg,train,232.jpg,81684c1a725428f8d9f3119d83ac43aaf761ac6a20a8cede8a893a6d1852491c
233.jpg,train,233.jpg,bbec1817d6a029500370e06c0c9a3872b63814fcab6bc5cc239c33252e09b6bc
234.jpg,train,234.jpg,08d0d1c0a29d0aa54866d60b8402b2136b39b785fceba42fd41a535c06259db2
235.jpg,validation,235.jpg,748ee4688634fb3a84faa9b4fc5577bed84a392f80319206eb74631807f77d9c
236.jpg,validation,236.jpg,a454cc5004ab0e2b1493c49cf0604df6ae6a32eb275b8019ef6b0b33e8695f1d
237.jpg,train,237.jpg,62a52b7a1a5c279d85d909cb5d3d7ae2eaf4370bb3fde73ae20f4aa64dba64d3
238.jpg,train,238.jpg,55081a8c39aae5c11a70303e8958715ff9fe9233e8d7b3b935cc6834f79ac19c
239.jpg,train,239.jpg,8565db920824781c61e663e05b8edb238abd55a4daeb4ddb766817c551b5ae94
240.jpg,train,240.jpg,7a4cf4b79159f6602fdeb63aa8ac35647a79b7093e347906ba6ebac1bbe9a98f
241.jpg,train,241.jpg,193885170037889061625bca2af6c2292c2c930d74cb693fd5628511a043b2ec
242.jpg,validation,242.jpg,d7d34c1f0bb05e03cec584733143be45354d44c88492bdfb9b9a4dc361a7f1c1
243.jpg,validation,243.jpg,49d8bf2e4e547b8a284ca3076b21c337fcf6a673c423c87272de5b2ff092ce5f
244.jpg,validation,244.jpg,c7582cf1db8a900b7f0db0d6932aa63f50766801a5ea69339de76fad8c981268
245.jpg,train,245.jpg,380cd4a04f76275741952cf6e045a00ef08828f698288fb11de36493e7133b48
246.jpg,train,246.jpg,1f3b4f9df14b851ca8c1b09adf758e81d609281634cfc6791a620ce8d8ebf886
247.jpg,train,247.jpg,4793908a550606cfab7700c96f5ba3d2cdee7c4ceac8113c6926e40523602488
248.jpg,validation,248.jpg,0d9fee841488c2576094c6bbb9683ec761d08acbe25f2abb12abe1eb83df1274
249.jpg,train,249.jpg,444db96fd63887b48aa90ece3d0039d29f98045dca7cbf4bbd6610ae86991c0c
250.jpg,train,250.jpg,d9bf1c537da174df0ace976f5a81f0978c7f0431796ca977e63baa9d2d28ac2b
251.jpg,train,251.jpg,3f2bf2ee2b903ee0e1e018f78614920ace2656f6b3bbb4aae5f0ee6b3fed0065
252.jpg,validation,252.jpg,6f29495e69174aa95bcb8f4f4c9428d28a6c02c89b9ce066a52030fa99973afc
253.jpg,train,253.jpg,b07f94d544f7e544abbad1dd577a6994a39072036564ca26942828f8997082d5
254.jpg,train,254.jpg,949a1fe0dfe4bc0b02769098d511baea83d8ed0674cc8e75d5b5e6d961be6034
255.jpg,train,255.jpg,bb842efd4e30a97fb447b133a76088bf6c3000e7b8ae7dafb5a201aa72ddecc6
256.jpg,train,256.jpg,c17590b87e3b539fa9540d7339e020c6f386ccb7973fdd768ed5eb23c0b284d6
257.jpg,validation,257.jpg,6a0a00bb8019df527173c42d0bd87a537de4b941f7753630aafb01ecf09748e2
258.jpg,train,258.jpg,b1d0563b92b83f8c340beed8085917bc9d8e0f6786ce685a5e852d5fd4307ba2
259.jpg,train,259.jpg,23a20580bbe7fe349e50425f381bdfedd0fdaded314be276743238fe13f85c0a
260.jpg,train,260.jpg,428b7883a8ef14b11fab2951c0080c62fbf5fe028b1f5d2337d7d1495ed0d3d1
261.jpg,train,261.jpg,c158309b6c55e44d0680c3bd43970414c433fd99a4533c8d91fb3dee7fcb8106
262.jpg,train,262.jpg,f6d7dd93db0c8a554d744eb450c20389b27dae7a9e0c6f03e77d64a45fe9f8f8
263.jpg,train,263.jpg,292dd7096e5aab3624fa18aa8757d6755a82228ceb5528c9ff7d84272e36080c
264.jpg,validation,264.jpg,8d2f2f9ba20f29fde1de275b4db93357da5eabc644f7aadd3f0f9199dd6ffa1d
265.jpg,train,265.jpg,f892fbadeadcdd976fd8c3e74275123bc93e6d3480e58bf255108ca1e4ff0dca
266.jpg,train,266.jpg,56f73ddec1b48c8c1af97be1e2cd5948f5d82f518a5cb84f3bf489b02cc6f3d9
267.jpg,validation,267.jpg,f91359cf391c3ded5b862b5ce4a55d9705ad5b5e4ef9ce09830ff4ca71e0bebe
268.jpg,train,268.jpg,84764c422beaab7e36c769caf15ee50624c737a1e9268caab33986ee410469ec
269.jpg,train,269.jpg,eadf3613b4434e27e405bb76200927af9a6efe802bd74a001298745b15fdc6fa
270.jpg,train,270.jpg,5cc24cba4473f28b968a324c41239048cb72dc8ffe4b250676914446f7c3f666
271.jpg,train,271.jpg,089229ad6e98c125a9d6d0cf3348d2673c468366140e704f4988b406ff3bd2f7
272.jpg,train,272.jpg,e880e085d5d471c24d15e3a81c0f903e0f2e4a43207b868076eb3551887282ad
273.jpg,validation,273.jpg,df5ecc07436d784c426c31d34a5bd4d140a7883782f63594d1d2832859698ac2
274.jpg,validation,274.jpg,bc793654b571f63ccb489fb2d4bc678015069a0f26fea4352190a3dc7403e14b
275.jpg,validation,275.jpg,41716627b6bf1b3eb2a281a4634727a97563f3c037864dd0b1b750f8e54789f0
276.jpg,train,276.jpg,49f15530940f7441fe480b02db6962c10fa07dcd656a1ed7e43eb978e4dcd0f4
277.jpg,train,277.jpg,6430b68c433a797ad2871097d0fe4aa139fea0e90552ab5d936e87e92bedb7e0
278.jpg,train,278.jpg,90f255c6d8a78a4ee04b967ed8319c434ccff7a9d8c10889f1652aaf878489d7
279.jpg,validation,279.jpg,ebea5c135ac3eff301af47700e3869a729cc2f9f2900aca091bd06b96d2c62dd
280.jpg,train,280.jpg,cb6312f398eb9ae3397c10270e4cbecf2d4c83eedb44f7b5104566984537241b
281.jpg,train,281.jpg,590c46f3d7cb1739a0605ead88139e1fed3601e02f681bc341f98e132887fdb7
282.jpg,train,282.jpg,ddbf31efac9bfd7328db7162de5ee63571dad5c348fadd9d1141f4f03c7b076d
283.jpg,train,283.jpg,8668d1814124ca92fd46eb61cb141ba22d9fffa318b88e5605dc1a6fecfea243
284.jpg,train,284.jpg,f45b22ef1cb769cfd642f3c9eebe3db53b41cbfa37fa413cb50818b29b4ede0b
285.jpg,train,285.jpg,2db3476f3d4420f67fa292f9751f4f1d69721a32691fc083236a157941820c0c
286.jpg,validation,286.jpg,dc7e739e9246a408d9fe30549287dac2053672af5c09840afb9fe36482c60160
287.jpg,validation,287.jpg,a5bca4c2dd94432552af7b68e4bcb6398441a60e55e6f1e5c0d0cb4a187de7ef
288.jpg,train,288.jpg,7698732f8a5201ab51ba0f1033c8c393aef5c738595c64d0b8311e358b0d97a4
289.jpg,train,289.jpg,d6bcc0a022480c6594ce5518b6c3f2b6f0464417ac6edcf6f7b927499063a36f
290.jpg,train,290.jpg,7c26b00cef8e200b5eda58c024e476facd645dbde00af5393ee1ff814d218128
291.jpg,train,291.jpg,3ccb350be7cadccbe9a974155734de0e89bacb9f841a71424edc54621c04feab
292.jpg,train,292.jpg,f130a332e969cfd18f0edfc961298489e737306c80cfff7e35f97d2694de3251
293.jpg,train,293.jpg,aa26948fb9b7ed500f935c327c68578ade18bcbce5e85a9fae5765a19e90636a
294.jpg,train,294.jpg,8ed89b2a85761410acef0c5f40783572e09910dbdf0d63acf143acdaaa2d95dc
295.jpg,validation,295.jpg,0f81496a4d13246916b809f9b4e12495d6645999e5b29d4a87a379dc8a04e400
296.jpg,train,296.jpg,453ebb7d6c68b9a1231ea16a3749a15d113011187e084eaaa7662f875ff38814
297.jpg,train,297.jpg,4e76d9e6ce3fe955a63445ac27094cb63d1725add049f16d317b92cc01196f7b
298.jpg,train,298.jpg,5f93e17f13035d9a0e70d1ab01cb3e05c9b6c0cb656649f838f37a23eb33c7d1
299.jpg,train,299.jpg,e35dfc39b26c9134e7664d264e0d456d6903ef10019f0636d5caaa2e60099abf
300.jpg,train,300.jpg,7415401f1c94d2d56f87cf082d35762cb4660f3f5a907b8b61ff3111bc194b47
301.jpg,train,301.jpg,d393f203efcd298812e7b92e01df45cc4db9a4ed0ff4c582ad3e908766f04675
302.jpg,train,302.jpg,d661490cbff2c8897c03700e4ace0f603b444e94c3e60678659fe116b3fdd030
303.jpg,train,303.jpg,daf4281b5d947e772976a7b7cda12619dd022ea728116529a11c6fb82fce4681
304.jpg,train,304.jpg,6594a3f9746e1fd45884f0568e8b2494194f94b7696cc80efb80ac6310844e4b
305.jpg,validation,305.jpg,f5f338942e79ce56087d99b1e91086d97039a938bf212dbdefbdc74bec27513b
306.jpg,train,306.jpg,2e2c1e63066113b3eb617e20a875b3bc95d015782b3075d7da31887679b213b8
307.jpg,train,307.jpg,4ae93bc245f51aba48c70c99ec6b5c16e5fa0dd3f47bb662db57b155696880ad
308.jpg,train,308.jpg,ba68f696ae96aa9b0abe6ab68a1b403736e88ba71f42b97c4096a58834c6afd2
309.jpg,validation,309.jpg,fa9d2c0517220c0e6a2078d155ad77faa8f8e8e5a61687f523f4fecd1d149b07
310.jpg,train,310.jpg,c2448c958ed03b0e34f7b36faa9ba88f3315015304dc1318a34d780ad2fef3f2
311.jpg,train,311.jpg,795fbdd5d9556457fa2affe2b11d3bd32e0bb86ceb9c12676a3210f253f4d103
312.jpg,validation,312.jpg,adbe557d2a8397e0e06577ea2ce2fa2f6d0bc3e327a24fe905183f7553d03fff
313.jpg,train,313.jpg,4969808dcc1f28ffe3f7f7003215b11fa14764d715e75389cca26c8335fb515f
314.jpg,train,314.jpg,35cc9d25a8427011b13f592651f8d1354bf27b9f855ace0df69dd381c40ce506
315.jpg,train,315.jpg,8b7794ae433df3c7cbb36dc7b00feb4587a1d689cbc29673e63c56357e96a7e9
316.jpg,train,316.jpg,4a3a9a9495c9a0d329c24e76657f6d170054a4164f7dd792efd21c290087cea1
317.jpg,train,317.jpg,892fce4bd673a8dccdbb627f473cab847a1e8feb865d3898463c2b5b30679ca1
318.jpg,train,318.jpg,1cd9d8b09e756b243a27f193a7f72c1e1257adbedfaaedcf1eb2b0211712b859
319.jpg,train,319.jpg,d404dcc5a767b6be8d3e18c1739b8ff0699c5d9e7501ae13842aeb4715b3932e
320.jpg,train,320.jpg,ae9e387209a9cc5e2d8142f4ff97a2d9a6cde8ce10ebd86c01cf305802adaecf
321.jpg,validation,321.jpg,605c2fc9c818eb114245171fefe21373c5322872eef09bdbb5528d5cc255279c
322.jpg,train,322.jpg,3aaf2e3c3d95719fbc5fca37800d102b6a33342d967790da6a7e491c47d358d9
323.jpg,train,323.jpg,938774ac6b9086fd31a8c35ced2a8a3d48b2188b727a8ac411d5e1fd1516ab18
324.jpg,validation,324.jpg,a8b3d3800db3e7152311e5367ccb23bfa589d1ef5425bd1020fef43adc1a8b64
325.jpg,train,325.jpg,76f62e22377e2a0cb08e1482baf5bc04e674465a2120dce4adda869a6cb1900e
326.jpg,train,326.jpg,59858f9fcace0a2f0809076881551f00ca72cfa76734e664a7c9ac47aa814a3a
327.jpg,validation,327.jpg,0c110bd2e934845992ee8147db13338eb054b233467173aff9ed15b4c78896d5
328.jpg,train,328.jpg,352b61c827eb85bf957c18b902268e038f81d0c14bae55455665f1066c547bae
329.jpg,train,329.jpg,995bb564b432fbdca0289f26636f12bee817b0aa2d6a927ea37aa9cffbf4a075
330.jpg,train,330.jpg,5dbf23f858215c6cc40c7d685c11de7148bbf8e4cddd068752fe8d3d12e74497
331.jpg,validation,331.jpg,4d94ef2a36f2d2692a1615f5ce280be122a8e4e4e4b49f0d509174564485171c
332.jpg,train,332.jpg,7e15ced3221edcfdf76ae606d68a6ea80e99ec3e0a303c20676ef1a796b3cc94
333.jpg,train,333.jpg,ab215fba628d0505b5fd2cd92de28002cf3a627aa9423e0a5fc85b4f77408838
334.jpg,train,334.jpg,93ee0a8d84a2aa55ef129ebd8373a7c1dcf970f5bfd4cdd29ce759f8b60a8f02
335.jpg,train,335.jpg,b40989ddf59018a4baa32a705ab6ec81c3edd3e988d9ecdc60eb3842eaaf7a14
336.jpg,train,336.jpg,856cf8890103a42c39dc60f0db790e82f57578a33c4afb9bbb5919fb43702488
337.jpg,train,337.jpg,5de73294053dd9b913f9c5740a8b4138e1c6765c39061a2974e69e5872f8f682
338.jpg,train,338.jpg,0e2abb52bf207aed7335725d0ed1a9a562b4cefffeefa53001cb93252cb8c25a
339.jpg,train,339.jpg,7a54b83b7cb2261a08adc3a20810242a8a55f7ff2815131f0beaab426d81ca2a
340.jpg,train,340.jpg,16b58c1c79fc3ef733f05e5cd697886e224b816331a9fa0c9f8b8c75f804a662
341.jpg,train,341.jpg,8aabff203716faaec231580b59e57c9b3c73b3e078310ff1b99eee3475197bc6
342.jpg,train,342.jpg,1f8f96362766cfd4c619f29280362e08560a99101ca399eb4263ae0b74eae8b0
343.jpg,train,343.jpg,844459c08b3040316b37c706562d828ee6e340f47c3a43935ba148f9faf82b7d
344.jpg,train,344.jpg,4ca660a40f77d1c42b0395ff72d54e59f477633d253e4d47120cbbb6f23d95d6
345.jpg,train,345.jpg,11370b7ebe87e991f62450b35bad81a2d286830698b52f8de83f07a1e95fbc08
346.jpg,validation,346.jpg,12e6678012d3f54e40e4b379a572bb0892818304399260ad43e0c28bdd77d41f
347.jpg,train,347.jpg,0995597d66abf3ae809eaad45577ce09f3a93ca5e05a6d431aedbabc6ee6936e
348.jpg,train,348.jpg,365aae3bedf7554d38cda8d030ba06452e248270df795514bafc25470138d099
349.jpg,train,349.jpg,185b706476bca0fbed73107d730ac0b61e8b98d4d68bb827e379ee9f74deebb0
350.jpg,train,350.jpg,0dc93decb7c939cfc073131932d4edc74339bacf5e6a1c63cc4572774077c9e4
351.jpg,train,351.jpg,b3731b4fc6e8a18399da3c3fe8c068d8c4f78fdd53d1b603758e94f708b723c8
352.jpg,train,352.jpg,9067d5b9f13dbb0b6d5e47cc4e8aac0324dc6d6076cd36394a6b6cfaf7662055
353.jpg,train,353.jpg,67d018eabc57cd700db59834c4f826f28251aca720b739f7354d62fe335a6d60
354.jpg,train,354.jpg,3646b1c43a72dbdd6e0e19258067010644aa3fe8c498dd46cedae79e9caef4c5
355.jpg,train,355.jpg,da44d181d363ac4661915c159a62bb6882339a98a8e81ccc6e41f9d2f03a66ff
356.jpg,train,356.jpg,61ba0059303d51a7621d10e04fcaaf675a1ae7c743ff0eeb358cf36596fc564f
357.jpg,validation,357.jpg,46daa765213be43b6ade003fe3ad5954451bbed9a3c42a1dbf17e218413cc1ed
358.jpg,train,358.jpg,ced367c3ef4e5d03f6213c7782c46213381542f688a63bc20d07327198449652
359.jpg,train,359.jpg,77bc39a8e7c5943fec62bf0547c183bad12ee0d831118bd29ea4ed118d985b92
360.jpg,train,360.jpg,fc44527ed21fc21eb51fe48d2248b9e0a0f1edb061efe85627e62387a1cf580e
361.jpg,train,361.jpg,2483b83c13a09eda22599c9e099323c32b933e32c0adc1307bcfb6a627ee1030
362.jpg,train,362.jpg,61ee2d1ea357145198c4ee9e359daf6297c09d3ddc29a47de46bb4f27a6a9ab7
363.jpg,validation,363.jpg,1664fc836b9485b065ba9d1527bd912f0ac069170ff874f10ff8a471abc3d101
364.jpg,validation,364.jpg,2cb3fd35f83576e1bc43fd4b88a3ae98868f0050f245c90041e80b29dc1aa8ca
365.jpg,train,365.jpg,2e3b7b3cf8d3e790e25b97acf8f29e1f7b58aaa3a9172ddba023f90924a08870
366.jpg,train,366.jpg,fd8d060e1387113c316b3c4454bd68689e7f56d32975206df64139a5358d0a41
367.jpg,train,367.jpg,054c7e9a7c70c4d7151d6a71caa838d5774ff46cc4cbe73477c9335234e0828e
368.jpg,train,368.jpg,8c331cebfe1aa13eda2231b29f554b7730aa5c7771e6011666ca0b1afbfbc522
369.jpg,train,369.jpg,80b155b5039502818f91cc86fb9cbab3139f414946b99135e8aa619f31e59419
370.jpg,validation,370.jpg,64b7b117410323a43475c10dcc249255044b92714cc9f3d2b8380bf4d181dfe1
371.jpg,train,371.jpg,1d8a09d50d12a5684632d66e779922ba46c00eae1811b727045916462ec7e53b
372.jpg,train,372.jpg,c636282e5310329862f11ee5bfade926daf5b7f03bf121376cea0177cbed913e
373.jpg,train,373.jpg,05ed7c6ecde4619bcc85551dee8d05399579e19cc69c1b44211f928bbd72fbdb
374.jpg,validation,374.jpg,65d2b4ff75bf36279fda9794cfab395fdcca0215f813848e4ba59c7415dba0b6
375.jpg,train,375.jpg,7afbadb4b98f6a5f2a50e72effb0b444c24148a4e8043f8eac50adab016e0424
376.jpg,train,376.jpg,f2da5ee5160386a3504d843f97bd38fc31369aead1a128e7d4c9105242c806f8
377.jpg,train,377.jpg,fc04aac83ca7d7f511c13cfc6f6d10f11f04e62889c708f6f564733dc0382d9d
378.jpg,train,378.jpg,b0aafe5b6a7f3f6ccb650f4ecd30f9bf762c8c3dfdaeff1084efee3eab1ef9b4
379.jpg,train,379.jpg,d388ecac9c8531031dd3e9ca3a0b9727d06e95833cbd8833ee37dd7dd24cc7fc
380.jpg,train,380.jpg,d6ea74473a71a8ec9d129143b8a4ac4aa8210a7dc3429a87f614f49631c2c4aa
381.jpg,train,381.jpg,0cb4049b0f3daca63c447930ca163a3a9e05aa9632cde274d8a41b259484cec7
382.jpg,train,382.jpg,278e1b818882d57c4d5011b5652ee312cb73023946635e5fe07a0427fe2fdc2f
383.jpg,train,383.jpg,9374995d8c6d421c335c359f2e8909a1108bd7b2c52f6b1ddadca9f51f1656ba
384.jpg,validation,384.jpg,fdcc4188af1b4b6d4b6cb43eee26e2954e22a1c0b5b1886d0449964ad3b1396b
385.jpg,train,385.jpg,35dc459619dd24ed7f438a623770419d25e9fa581536372677a21de02934ebab
386.jpg,train,386.jpg,7fbb2d7b052596a57d128399849c70b7c6cdc39773a448750a55e87fd63e0682
387.jpg,train,387.jpg,1d6a92d37f650df003bc189922acbe052950dae8fb445d08eb4a5f3c851e995d
388.jpg,train,388.jpg,6f648e77ca7b1ab4b84d653ee2b8d63682807e9daa93e923d7ff9edb54ddde0e
389.jpg,train,389.jpg,64772281215c9a3ad61943591498d123ea24a9722710d63232630f075fb56a6d
390.jpg,train,390.jpg,cc668728acc22f435abdabe00311bcb08237a7cfcf4602b6b90293b7971c5e93
391.jpg,train,391.jpg,f4bfe28185f22e2457f4da87474057d04bb0b06ca5c5731865de0fb6b029aadc
392.jpg,train,392.jpg,6192447593ab5ca7ad41e11243312ab542bcffb7c3f948a57e1be5d3065cc054
393.jpg,train,393.jpg,e199b39432b5a246be6615d48c0b13f3751bf14c3b9aa3238912cfe7441d338e
394.jpg,train,394.jpg,69496df6bc3fe856719435191ab8d5efd478463b333818c328ed7936380b0c85
395.jpg,train,395.jpg,c9d63ad97f3a3016e190a71883fefb25a8efeaa11e76ffe5cdea5a67dfe33c3b
396.jpg,train,396.jpg,679cd2b5f1dae5333c2aa0971401602b03f29e5767f96da855739d39723ab9fc
397.jpg,train,397.jpg,3b3cc018bd9c723f9dad9735775144e2eaacc2e39aa7e62f6b38df24c3c16eb9
398.jpg,validation,398.jpg,3490bf0ce0629e7c8828753e69fa72899ea8a7655968ac9ef5a8224d375622c3
399.jpg,train,399.jpg,01664981cc201c69854358e07bc905916da97b271190da4baf303ca6c20c41ee
400.jpg,train,400.jpg,f871bf842ee5267c947619d7b2c1577eb385730b705f861228f27dba40af7a00
401.jpg,train,401.jpg,224f0d45e84a67a71a9ae773f2e17677aec99b1878fd0b874a12d502a8f73510
402.jpg,validation,402.jpg,7946cefd9dbb87cd684e72fefd566a1304747e9f143ad7025106be087fbd7fdc
403.jpg,train,403.jpg,6cd1ec99e3da33f625e7aeda824ba12dcc0eb7ac67bf2be321aef7a0a5904f52
404.jpg,train,404.jpg,9dc9207c52233983a6c0dd16310053096d6d4578587a964b03a4ed8af597c203
405.jpg,validation,405.jpg,85c67e7251179b923fc5b9e6a8063f1b949add8ee11078cd96890a478350cb2f
406.jpg,validation,406.jpg,e37b958f4c48c7263e489e3702fee429f4337b446332571bdc1d2a378164045b
407.jpg,train,407.jpg,0ffd6e8b75bf6760087b4eb3575ef9fa0bfdf2e3350b8cd3e403748e2426e8ed
408.jpg,train,408.jpg,674c493ce39d18607a164245f31fd242c03e78e8594983b2cc006c2b3bf836b0
409.jpg,train,409.jpg,d9f99c2df267c241e3a136b06ac1c18d31fd31a64804844ea79f42c8f82350f7
410.jpg,train,410.jpg,1e35cde9f0a3134e31f6f1710f171bb9a2279618cabeb85e5bda63307feaf478
411.jpg,train,411.jpg,0d785f472a6411ed7d69e5cd2ac54f1e35397b7e138f4d13605edd6cdd8ee7e4
412.jpg,train,412.jpg,68e90bf39f266beb586b29e075b8bff4f779e09726d146111a02a02036cdfed7
413.jpg,validation,413.jpg,a460ecbd48907372bfbac07c6a2284a9a684364e7139872eda7d2c16f0bbe266
414.jpg,train,414.jpg,b2d6acc1f5e50e5a904bf62347d71f76066d5224b524cf77c1e255c1d9f343e5
415.jpg,train,415.jpg,53d034816c943f95ffc6ebb428bc0522be71decdd5b606a84a6f7202584e710a
416.jpg,train,416.jpg,ce4ab413dc8644820b4f5476a7f8767163a5ee73b98f1b781896a9904a8ac18c
417.jpg,train,417.jpg,6d0f4f8b3d8d197c711a8c1df56ec20459fcc130b23e84d792195ceaa7ec2078
418.jpg,validation,418.jpg,b7be21b2f456ba0fb18e7baf7d3966f82ed398c1334d871cd5a8b5318aca6944
419.jpg,train,419.jpg,64fd83c067e4a2cd23e3cfc99fe5d5765b6687507130ec0da4ee886c278d091a
420.jpg,train,420.jpg,18061393a0114cb5bb9b464ccdc4112ba5ecee08115d1a0c89e8080d2b4b93ea
421.jpg,train,421.jpg,7e2490cda0c0ac59f65e9ce0196d5e3ee4e9e1c2a74041a82b4c3b8eef47c84d
422.jpg,train,422.jpg,1506318822c2c1b9652c75bcb5e18729d00eb6f316d7c6eb3899d8ccd6ca79fc
423.jpg,train,423.jpg,b35e55998bfff5cfbb373515f83e48893425fc6cdc6be544996f37083bc8a268
424.jpg,train,424.jpg,adc65f36d913e91e5e86850f44dfe2037b4736fc9cf017a0f416115d10cad4cc
425.jpg,validation,425.jpg,6c67ba6fa809eecd24af9c42d4c2e65bd344a9203e487decaedf332e0490039f
426.jpg,train,426.jpg,72b298c9e2f9229e2af8e9c3e0ad52a6ddf59a008d77d4848be59030523c2345
427.jpg,train,427.jpg,3c92fa312f5f677ee9f6c17a7b151a2e35ebd0b966d4225023be8fa97d93ee55
428.jpg,train,428.jpg,bb7b7f9c9bcc4f0dd7926b34516970e6c3ddf46be3a7354c045eb059bd112986
429.jpg,validation,429.jpg,a60eb72a5e92f09a2e19ce91bd7ea9973835d37f6590058d2a478018b2fca25f
430.jpg,train,430.jpg,68e71711c67888391e3a0ceea926649b57e992b27c6a2091dac65de2eb51efa6
431.jpg,train,431.jpg,8d9676e9cd1e63aac39ec8005ab26b2f18ae39a895ee45d9aa43530f3c4a1913
432.jpg,train,432.jpg,7edaf110177cdd1ba8370ce052ddb253458784cb77a47331beff9584f765c8a8
433.jpg,train,433.jpg,ac9ad772244da17b824ad023c546f03e91c351d3ef9bacc521cc96b40609bbad
434.jpg,train,434.jpg,fcbe7f538de9c049e8f7cc90251d86749e6527c021c36ca95ec8e2b264b53206
435.jpg,validation,435.jpg,9af6869fa364962cba1197b1c2b94efc783835712eda41959c6d5bf9caa5c46f
436.jpg,train,436.jpg,27ddd51e02dfd30bf51e86e2403e3249f7207763425ef385813f33b6e83dfe69
437.jpg,train,437.jpg,559238b5e0f3e8371dff1f2aedd2496e9b4b45b178edc7a82da4eb49caaf4f81
438.jpg,train,438.jpg,2b899489a1ed6913860e6dd074c2b5bdf87956545e6d1add0febb076401df7a4
439.jpg,validation,439.jpg,bc4c1d9e969e2718d8d0cf50833e02911f542454f0cdb761e69c454e7f3ff658
440.jpg,train,440.jpg,a9311ac58684f4c5fd116cd99ceb6039ca0a9e1c553eb08733f13649da4501ff
441.jpg,train,441.jpg,505960f75692d92b018c45d6a03a140d95575df30d31c73abcb3ef32d71542da
442.jpg,train,442.jpg,f4eecf3932c9d1924d7444c6cd870275bf5d4a0bc537b200ad6f5accae33214f
443.jpg,validation,443.jpg,033f6ceb40eac634e1dda89a7cf1e3ba75be135ef37283c310aff1a1aa89d857
444.jpg,train,444.jpg,fbf5706bdade60e3ef6970c84f7caeb41eeefa275bb91be03ad8b623bcd5a8c4
445.jpg,train,445.jpg,966b8ca429fd359f3608e913bee8a910484e6b990c38aef58c146582dcc90258
446.jpg,validation,446.jpg,7ca7f333fbd182425e2a31a44ed4e41ade841d9cdeefbc48a3b2602354700e1c
447.jpg,validation,447.jpg,bac6bc092a5aefd2a29f3a59dc89a5c3d89fada60f07d7897b7c886d91184543
448.jpg,train,448.jpg,4a269ba2ca8c160c8d60c88cb319278a2bcae8b26b5579e7a6a3ca96444203f6
449.jpg,train,449.jpg,3c50f1f39c3e6b2a69911f77cca28547e0d78b3e15f1688b4995e95ebc47f3b7
450.jpg,train,450.jpg,3ed540d697f620ddc8c721e129a46664de0d0fb81b06aff955ddacb2644b84ee
451.jpg,train,451.jpg,64be286a50b216de1d3ce70cce4b3d16380034696a7194c437769cbc869adbee
452.jpg,train,452.jpg,ece31c5f2adae06d007e1f4f0bc994ac296e702e70a30b1428fd702dc809f6dc
453.jpg,train,453.jpg,1d7ebfa96643b15e716655648bd8af547dcf31ddafcfe14c10458a758b56537f
454.jpg,train,454.jpg,525c5310f4f5d2d1da8382de22dbd6e11fc2d04c88404d44a6a2e9bdd0556b5d
455.jpg,validation,455.jpg,0ca8e0eb340c00be1056764190bae8da9e0095e539d0a79ab5484853a472408e
456.jpg,train,456.jpg,29134253b4834907c1008967c3a4dbdc657b70285eef2dc8bb48ce0dbedaf478
457.jpg,validation,457.jpg,e43aee99a239758c5a548e1e267f78975cd485be420ce69e90a8a43a6549a992
458.jpg,train,458.jpg,a797f45fc668c9ebaaefe7aa8c64917edbfb577815cc1a6fb8e7718620dd8aaf
459.jpg,validation,459.jpg,2cf228238ebb4c0982b3bdc863a507d6a1c2be1388631199f3acacb99d4bae56
460.jpg,train,460.jpg,7293cedf887281bc69412093e8a3f79a44a4681b9a673031cd45055f20e30461
461.jpg,validation,461.jpg,4020d9c6e4cfaf9dcacf1c9d72b55f698ca76f8dc6deb802f624aff17178cdbb
462.jpg,validation,462.jpg,80bd70963dc1130a4cecfc3c4cc8b442ad9a5b2817c57f54748815e8d1951c4e
463.jpg,train,463.jpg,bee26dc37dd83ec91d895bbbda635befb4d8f28725a525442016d6df99f5a279
464.jpg,train,464.jpg,121e999f45b48a628737776b463ce405c74651d0c61abe149d2bc5076d32ecbe
465.jpg,train,465.jpg,a68b23a350d3081d92f61c58846a9fa460e5c81a61c6a3d46e0e77d08b1ae509
466.jpg,train,466.jpg,f879e43cbac452b4c72359cb951ca5dc67e9ca063264bffb78bbde895d5475bd
467.jpg,train,467.jpg,c69e4817362ed332fd99d75c98be5435702bf5b97ec4b4825314ea7f9b0736f9
468.jpg,train,468.jpg,c13764fe56e47aa3d91c722e5fcc277aaa36c6ecc7dda7e71a24e1b503f28bb0
469.jpg,train,469.jpg,0dad88f514a99f3aed9e66f7b68d5aa3ada8dedf4c51da7dc97130068df4d734
470.jpg,train,470.jpg,26aea618b415e7d3be0df5e603f47597b9c2e20eb8f68b6e1e3d25ce9dd65728
471.jpg,validation,471.jpg,d7060777ced565ac5a07ac9e8b0044b0133e7c15112e3ee8a7e1e7ad683995f2
472.jpg,validation,472.jpg,b4ffedd511bdebe034834f6a0b5880e02fc108f7a73497e7a7c7b9fc24a06435
473.jpg,train,473.jpg,7d8057875c1e4b2742a8b65247dea4ec8d438719ee0bf342b6ba600adcfb9ddf
474.jpg,train,474.jpg,e64137967abb625514e3a11890032e813dcbb939ff5b2cdc3c668eb9354ad85e
475.jpg,train,475.jpg,37f8bdbf95341986bb832d562762c0a9226e865dcf5b64b014f1d93236de948f
476.jpg,train,476.jpg,65a671917976a361fed761680f265b6fcb567fa40d8e17ff0d8b5b4f26c0fd56
477.jpg,train,477.jpg,17c1c97d5d08d0f4094c2a54dd5380265132840b17b40f00188c9c61e8252c31
478.jpg,validation,478.jpg,f0fdac60f15396d8d7ba81d9b70d6d32e3b5b773a6de336e55b1bb8531c2a0f7
479.jpg,train,479.jpg,72b1d1a9a629d5508dfe3c1237961d5926375fcb7ff71c7776aad74e2812574a
480.jpg,train,480.jpg,419fa5f9dd9e2eadcee09d391a0d0d435972d798cc5c50bd40af2caa367af987
481.jpg,train,481.jpg,e670c8c435326013ac53e4245f626fcd2769f1a76ba0fd8b637d79d0d3891ed1
482.jpg,train,482.jpg,3ccab80fd88c95d4e69e1faeb4432f803825ed20f952d32cc3dce0a89c32666c
483.jpg,validation,483.jpg,502fc95333a6afe26cfa96c751c7e995012cc8ca7009e376ba62ff0318f1846d
484.jpg,train,484.jpg,e4dc163980f4d8050e3f3ef832954a4e3bb8226b5d5ba88181a7f3327638b6fa
485.jpg,validation,485.jpg,4a6d4c9fad748f899959ee677665190ced450c3b6f59a1dfb1bbe7ece6c92365
486.jpg,validation,486.jpg,b7b4e36371835232d71ca3704202e0a925aa6cf9a9d85b790cca236cb2152301
487.jpg,train,487.jpg,6e2c8dd606b16bce45374c3becb0388c5627d9494066111d93cf7189b144b933
488.jpg,train,488.jpg,6adb0f8afda062ec0988951bb2e8302932c8bd7b65f8adb6a5b8a921fc097beb
489.jpg,validation,489.jpg,85c958c2f76aa49d9a951b18e3a97cec4198111e7a94cea457734106afe72758
490.jpg,validation,490.jpg,11f0e2507541aff3ce8e255adc8a9c520af3442f3a748bdcf050fbe58b91b4b4
491.jpg,train,491.jpg,6ca74621b7602492a3c11d9eca33d491cc4cdb2bd25437f284ffd1dd98196895
492.jpg,train,492.jpg,aa8d25cddfef016f41ee00fda4946968b1cf40a4136ab664a3b87f9fd10b8e72
493.jpg,validation,493.jpg,c7228c8d00b078e3983dfae534b75f17e20bb30f3d3bf64c5e7022758bb1363c
494.jpg,train,494.jpg,3b6a1e411d0a9c0685815aa73223b8d37aff19f3dd98db9d5b86d27a9f846966
495.jpg,train,495.jpg,ead2ba1ccea9c5efeae606e9e4151ae4c65e86ac336004b2c913db7f77aa731e
496.jpg,train,496.jpg,99727fff3d68f0dedad02e5a5ddface76244daf9808543d22a21e251828226e2
497.jpg,train,497.jpg,c31444d32d3c8dd673dee4033285765b3156998ba565071df07d545104c5c0e4
498.jpg,train,498.jpg,1985eb43323ffc41a0cc3e3c4142e3b0ce2b89423a5ef9a9432149897820200f
499.jpg,validation,499.jpg,f5d1f5d743f617c86f8a09528ad4095d01d12aa4abbf8e950478a96d56704d62
500.jpg,train,500.jpg,434925acd33a9afea21bde82b806decb1802edf1dee36c9af1e938790df50209
501.jpg,train,501.jpg,74c4118b37355a0af62f5f1af21ac62b9307d33a9c4ec95e66018509819ba6a7
502.jpg,train,502.jpg,0ece0dd06c6e4b6ddf3d75e25e780e381be5e67660a30052847232fb23b62769
503.jpg,train,503.jpg,71aba1c92c1bb25c6ba4fec4ae8a8af687576b4cd8cb64673fd5ca2d54ae0370
504.jpg,train,504.jpg,41527477cc9a229d2a62c27174188a069da43f1f99eba77cf46fc5f53d4e3676
505.jpg,train,505.jpg,c88f246f8ad4191fde69e3799dd7472e7a83e802ee30cf73744967c8bb7589f5
506.jpg,validation,506.jpg,5d3f796c62dd56c35ddfe3ea5b6b784c7b2c02e8159d527215b60d61609c16ac
507.jpg,train,507.jpg,bf3e1c253253563eba2c1f9c7a573d9e6b1987919fed229edb19386b44cc54f2
508.jpg,train,508.jpg,d9eb83d0d69e38945e096c92074c900519c4904bc4ed9e707274b4bbf01a92ae
509.jpg,validation,509.jpg,6e26360b2c6fc68bb846de5f0dbbfb2cea5996b9896a3c5277e951b629224b9a
510.jpg,train,510.jpg,a59ea170b987a1604c5172dc1e66aa3914e9a02180591dd6fdb066e84d2725ec
511.jpg,train,511.jpg,87e08deab0fa3d51c7b9edc06f4315dc8534582af20854b49c7b962ac55b3b8a
512.jpg,train,512.jpg,91a09b69a4e6f2b335f75705705507d0633c5a94efcc23ff3a6e4450abec8896
513.jpg,train,513.jpg,44bdc169cd94e70caecca0b23dadc6fa771c0f0316966b84d3cc67b7db216f65
514.jpg,train,514.jpg,c3cb977f553785a73b0c78731913b0cc5bba92485d2192c67a6e167decc7952d
515.jpg,train,515.jpg,97212c92201b7fccd4380ac720d382c10c4cb3d8d1900597279c7dd7904e81d1
516.jpg,validation,516.jpg,dbe50514f884f7eccbedc1294f1e6bf8fa03857d0ddcdd1c4645658252e1bda4
517.jpg,validation,517.jpg,5f51be3e72ccde8f74de49ac10562b59f844767e19338661aa68a8e1d5fbc7bc
518.jpg,validation,518.jpg,7f2a948143848788da219dbdb70f106f6dfc34357bd254831780329b057643b5
519.jpg,train,519.jpg,d38fc2e7ab852c6cf891bd45b62cecdad72e54e20d7c80ff69cb2e9c9b824627
520.jpg,train,520.jpg,7ace59f2d32319c7fcd32a0e2ee430e53b9ef4468c5e80a3b893d1430bd5ec22
521.jpg,train,521.jpg,ed5a89495518a3a37532d9f1aacbd44e3f4e1111cff8b4042145bf8a36986427
522.jpg,validation,522.jpg,6cd7eca5052bd8c111fe01548a236eef50c8c0bae45f79b180b5f7ec606fb718
523.jpg,validation,523.jpg,7322908265dd21baa2b0f82845bb86cd4205fa6c6f400d2ddd486b47fbad14d5
524.jpg,validation,524.jpg,303c2d7dabc595767a74f110c42c658577b815c9e83d443056ae1ab6954f61b0
525.jpg,train,525.jpg,06abc3cbf1b32d623d296c107eda9df4c007891fecd49ecbf4e65edd0c0e2456
526.jpg,train,526.jpg,9c92e5ea3d7f176541645e844feeebc46dda396255dcd84dc98477b584c9b139
527.jpg,train,527.jpg,57db1973d506125d9e2f4a910228eb64872f2c9281ccef3072cecec6edc401f2
528.jpg,train,528.jpg,ade51757cac65b2cc1ffd227b9249a3381a9920eb0ad5823c72b5a4803e83033
529.jpg,train,529.jpg,26f5d942f3efebd63d3eedac0641ab4fee91fb2b447f7a91cbde5e28bee0d8f2
530.jpg,validation,530.jpg,215c46e97f6365d1de32a4f2963ace3e98dc5ccefe175d42b90322286dcd9135
531.jpg,train,531.jpg,7542f864e57923565c30abfbe8f51718aa557ebf333cd82167979ef817c33503
532.jpg,train,532.jpg,73a02746837eb15a30f6624f63c64e908e57da9c6cbf2003b05f6c31c98db8a0
533.jpg,train,533.jpg,9c87076b38e479514d0f58481c5cd0661455a57cb7aa54bff0fbc68fe9dae6d5
534.jpg,validation,534.jpg,3adc8004cfc416eedbf7b1230f51121c77b2cceca15703a054871cf82f342ffe
535.jpg,train,535.jpg,e66cac3a4aaafb2b643abd68d054b6abcef03f1e6af2b814f59db717ee09b618
536.jpg,train,536.jpg,89f87e33646b328c48d8c4eb7f7397ef3e53744138a32e734c7962f2b348f995
537.jpg,validation,537.jpg,f7500ae6c89a1312a24b8002b79ef1ce6e00dbbe6034a4f59940c14a9cecc702
538.jpg,validation,538.jpg,f0a3ba7c0e2ada096651f55b84dec383dca67919b2985f4921c312a9877571f1
539.jpg,validation,539.jpg,1e946cdd5b3c70033164037c18fc586e55b22f2063b157fa5cfaa26556a5b2a4
540.jpg,train,540.jpg,7e47265d3bea18471efb6e3151b6986043030d0f985b2b8503effdb4abbae128
541.jpg,train,541.jpg,a66e0e7e854d15825a56d43c0711a65a8afc915a343f8f9181e8a7a523a42591
542.jpg,train,542.jpg,7424b364dffa7820abab21d141929d782932131ce1b1a693815f67ee7818059b
543.jpg,validation,543.jpg,922c85b37d1450ded404d6f1fcf10892b53dcc4acd58dde2cd403cb42b712368
544.jpg,validation,544.jpg,889c62ce4a0479e8515c874a24d23759040a1f08b1ac3c76fb7861b4c01d10c5
545.jpg,train,545.jpg,a0e9e7266ebb1570a1c3a09e87915d01bdf834a4a9a622419389cd70f28a6fd1
546.jpg,train,546.jpg,678220a29b9d12bdec58f1dcabdcf4254c94359ef87e29204ef9295761d15f99
547.jpg,train,547.jpg,767c8301ffb39f18815974be99b0c62579108d4f6a91650218777a25a4b8f92d
548.jpg,train,548.jpg,0c1ecf1f30dcd44b745b0ecdff4ba15034c380cb606b003e1177cd432cf177d9
549.jpg,train,549.jpg,9768796fa465d35719d46e9e9b62fe84cce356cf4872380cd2a9bdaae5a94175
550.jpg,validation,550.jpg,0abda5eee3061c29142fd284a664fb27809076c50e0b6110f5de2595eb76e1b6
551.jpg,train,551.jpg,0afa20ddb1f4feb3de5af949cfbbe4ad89dce0f4288d6663698edfb3c7bf5671
552.jpg,train,552.jpg,9264b9a920c5e466265c0a15f9c0c5294ac8a5e938d22a24d13f842daf56bf74
553.jpg,train,553.jpg,ed0cfa7dddd974b3974d72c464503c6bc31cb8966e927367616a5b59a1b300f5
554.jpg,train,554.jpg,c051439918acbf5e4f6436ef00c7f6e0d28318be9e1ce36d4fbe0cf7f892935e
555.jpg,train,555.jpg,937cb8c164c13cc136113d492766af666d68e1c2d7288e35a9904caccae5c620
556.jpg,validation,556.jpg,a34f3d7caa59ac0f7449baf65f02fdfb617ac39d9169e55141cbe32635d65b22
557.jpg,train,557.jpg,8c660d41152ecbe3f35f95f2fa0f48a901cf32fedf463726e0f7eab6292fb1db
558.jpg,train,558.jpg,42e6af01d39322682cc81089e0f452c6e453ee7762b9d7429365f565e51f5796
559.jpg,train,559.jpg,a9cbbf4f0fa4355c42566ac0462c1f966931e7b194c61b59937f2cc9afb60326
560.jpg,train,560.jpg,a40269ff68984b338f0814221f5e2537623c70dcfd36ced2278c7d6d2b75d6a0
561.jpg,train,561.jpg,0606f22ece6740f4965f5030db5ee82fe1221dc6b8625945f1ceb3dbd2025b82
562.jpg,train,562.jpg,e9d8642a558cb8eb619b566bff3c4a6539fdbae5f709779d1229aa136f3d002d
563.jpg,train,563.jpg,3a359b8e50d99652057061b60cd122ef8d73e503126308c5b1ae479e4e1a8b33
564.jpg,train,564.jpg,ac33047205b705bf51518777ac92162f24ac64363577dda76627579a80c24ac3
565.jpg,validation,565.jpg,78cd2eeb10d945a91e6102a33d39365d1453f9072938a33b8c5ed637287f3370
566.jpg,train,566.jpg,5b3b20cce3652bcf8bdfcd3b1b86770dda65469167cd9a43ddde6314b093e9d5
567.jpg,train,567.jpg,8223cc34d08e833b10e081b7f3e3961902cc6ff9a3302d9c75745866b05626ae
568.jpg,train,568.jpg,aca0bb3c276a025274d59f782f5d21e96932ff5666042199c50c48916c066323
569.jpg,train,569.jpg,0f06cd749db1fbb8ea1af90cd3c20eedd7169dcbd4277808474db07b1199cd88
570.jpg,train,570.jpg,5f67c600e95cfb4500b80a60ba650be734ab8079cc9e045d9db9ff87b428fa99
571.jpg,train,571.jpg,67388b93f132a828121f37f89e8fe82e06024d4b532162f30082927a1cfda838
572.jpg,train,572.jpg,c10285c5ed42e5d442996f8cac85627e0a3b3e7ef3745678d5d119706fc36f73
573.jpg,train,573.jpg,9e1435550e8a5afa6279310713d8be1558bb6c6df514d466bd73918f4d45dc3c
574.jpg,train,574.jpg,70e849038cc8bc4eb06e132345a84f34f96982db84a14eb3f8420c73293fddb6
575.jpg,train,575.jpg,7fc9cf3fbf7345f05134b7d51d6416ef920f9378c564e805bb17cad545614f86
576.jpg,train,576.jpg,2cc7d79acb9df273c797ced8f78639156bc03e2eb444e3ce9e51c67c0801a1d2
577.jpg,train,577.jpg,1a48a8481fd88f0ec819e25d631ce4a2a034dc9779c1eba473106cf45f1b4286
578.jpg,validation,578.jpg,fa5e4b4b21d5473a1935f0b114462a1b6c93b5e5e07a4168eb1e796e7050262f
579.jpg,train,579.jpg,3b8a7bdff8d6cb825d8b380a6a4bcca7f6eb417e32974c9d5e8ad8903912cf1c
580.jpg,train,580.jpg,8125e4eea7b300e9055342550bce978c4d4b39357b8c76403cfebd4ef56c8f91
581.jpg,train,581.jpg,602c0bdb8e3347f7eb15b8e32194df853b2dedbbc64fba51a877c6dc415eca6f
582.jpg,train,582.jpg,38732eec3af444fff9be9125b09804103d387061c4705ca8e34973368ddd23fa
583.jpg,train,583.jpg,bf92cf57103908c0b203081c14266a84a4cd31fb8be5ce43b5a73e1e222e565a
584.jpg,validation,584.jpg,4e6e2bfc4f2bba2ed54de58941b1864eb6198aa1b5537123c8fb3f9ea3aef8af
585.jpg,train,585.jpg,e06ae9baa40464af34591953e185cebb4a5422ba3f407a02b4ae6b1343e6eba7
586.jpg,train,586.jpg,61cd0e8405705c192040e8cd47c3d4d6cbeff7deb5782c0a5d608eeb4945b3c6
587.jpg,train,587.jpg,f47edd2686a0b3c11a1a54f2edd0b8af696f95f3222bc7243615156e2fd8a971
588.jpg,validation,588.jpg,9b516011295500b8df8c6b9d7ce6d32f89404ca0688b679fff4e700d633f3960
589.jpg,train,589.jpg,7b7a2fe44ca59abd28d9527215501686ec7728efc5492e5977e815d5541e0e23
590.jpg,train,590.jpg,2f68b57ebee8ad25112ff522121d8ec38d605c823a7788d9001b0557de22e985
591.jpg,train,591.jpg,86a1346ad805e6844b388c2df3da340dfa901b366ef8f537b65c676c27a38364
592.jpg,train,592.jpg,51b709f0a60702a533406d6650ae9291927791f0de1f0daef3db6861b2cd7098
593.jpg,train,593.jpg,5e1328685bb8431662024b3f3cf7297b24f06147278fdc6fa49fd77a95ccf646
594.jpg,train,594.jpg,fee679f2002107f4bf6774eeff09d9630084e03eb9377a844dd97071a11d469d
595.jpg,train,595.jpg,0b3221e58ad8f3616dc3663b8d5ba574861a2c3df98978a2c45d23f20ae05601
596.jpg,train,596.jpg,a6d2d9ea8013775e1199d3c5830b9f599ca15854be54602076a793db54048b35
597.jpg,train,597.jpg,35813b4266dd7b308ca19754972a68d090b2e1085aa1e9ead03b6fbd62f037ed
598.jpg,validation,598.jpg,05618427a9dcb0cccd53999587029fa85b98fbe754d1d30a80cc5cd3b9cd0b22
599.jpg,train,599.jpg,fcc9a362b9f83a3777384db4ecbd1b03363f19d38d3ca4531e06d4baa1e45af6
600.jpg,train,600.jpg,89b889940902210b6223ce1c161269c4d5f1e8fe3c39bdab9626c2201ef7c8ee
601.jpg,train,601.jpg,e7b306c11b7634f7305dae6abbf353fd983c29bcdf7e2fb799ed908fb55ca642
602.jpg,train,602.jpg,d9cc51b1fe8d7196c0646e4de0bc6b63169243186b1127ecfa0dd2fcd2c8cfcc
603.jpg,train,603.jpg,3dca905bae70604f206ee9cf4000890e34e932e8531d38f5c5c2760c291e64e8
604.jpg,train,604.jpg,e9e9c12cd4daa510bdafbce0a086ba64c74747e1557086548754946e912fbbce
605.jpg,validation,605.jpg,2a8430b204fd6cee42588e139ee823419b8c2c5489f74d351169ef6375a2f3fa
606.jpg,train,606.jpg,e5521e540231934540680a5df92e63e9f8cb9d1230f8e7f715abecb3a728adaa
607.jpg,train,607.jpg,15549ee9c8f93e804c700bb785a972fc497f7432b8e3898bdafb7436cbc4c6b1
608.jpg,train,608.jpg,cc54782c9899727401603752c291b911a05e10a5abb12728afd4d559a289078d
609.jpg,validation,609.jpg,0928ad1d88f542ffada328f768cb35ed856e9c13867ad71ce73ee8fca1dd60ba
610.jpg,train,610.jpg,421b02d02c8d67b7da183ebdbb7e8d67491cd3362b7250d5303f42873448758c
611.jpg,train,611.jpg,5276cab9d8d16be081532d69451fe9cbe0887696c7545375227695a1ce9e0c95
612.jpg,train,612.jpg,03870ef8b621b4753cbb7230156ec1b9ac71aabb7d344368963dc82f75fed695
613.jpg,train,613.jpg,a975a46a99e3356bceb8b7072554e3b51c1d871b6dc84c26c570a5cbe03c253b
614.jpg,train,614.jpg,25094f04841b7a32c687ecf62722d26b32cf48be0bc7f464f293840c0e385b45
615.jpg,train,615.jpg,1ad1ae4b8119fbfe09080c37f0cb9f2e79d81149ec1dd136ba52b639aa50497c
616.jpg,validation,616.jpg,2a3b6104afa9a031ab31fcc1cb35a67662ad927bd6ddaecd0b0f6618001b067f
617.jpg,train,617.jpg,f60197a533eebb3007da22a64020b58b9dc9fd0ad85efe565e04d9aab636eabb
618.jpg,train,618.jpg,1b786fe78ee1a973c246ecbddac8f2bb4348f830fa84f95af38deb425a2604db
619.jpg,train,619.jpg,34ced2709bf784f066ed2e1351eb5da53c4d52858efeaf189ac76a8d1294089e
620.jpg,train,620.jpg,ccf36ecadf3855e76c42b8c8fd8e3f3b708c6216d90a6d9c26c75c0f6226b4e8
621.jpg,train,621.jpg,14259619fd106ac85c7033c01fde7c5d440f022a1702cc63e282423d054a7045
622.jpg,train,622.jpg,7160e4e520d33992e265969a73801ddaefd10a6119462cbf57aa2be13d6a3191
623.jpg,validation,623.jpg,400822b5484bb7ee01af2ef2c356fcb8346f4409b58105492c5c3c0980d14129
624.jpg,train,624.jpg,a7d24ec98be246e4bdb9dc8eb5b1275cfb7639ba45580195e206fdb63df1ec39
625.jpg,train,625.jpg,0c6be0832abbe8a7a55a322ce5228d51784b9bc065152041d1642d49146bf080
626.jpg,train,626.jpg,03de46b3d615ccd548edc587ba7868e6fff389ccbf4d047a50ec87ba210595ad
627.jpg,train,627.jpg,bb47e314490e6a503e893ca2bccd8c8ce41af85ab89ba622bca75376fd3615b1
628.jpg,train,628.jpg,3c3bb1170b87b3104b943192df5d685ae3c94dfe32b595b3024b2b33741633dc
629.jpg,validation,629.jpg,23274248c0370b49156179f606574b64ee5192254c6fff1ed62edf890340b61a
630.jpg,train,630.jpg,ada667aca5950e13d03d764b07d000e52c862ee41764b0ba5648eacc9ce4e9f1
631.jpg,train,631.jpg,66590af0a7bdda3cc6a1a3358a9b0a188e35645ad2efaedee4c668d48d2ba3e1
632.jpg,train,632.jpg,4bb7bec81fc6d5bd6873d4dd5e904488c7ba966664c6f4d6b4198bda00361544
633.jpg,train,633.jpg,bce7960df9b40df91c499667f7d2ebc66a87c551b95ca29e6e670fd487459bc3
634.jpg,train,634.jpg,95b20aa6fd36b501ebd60086cb584aca9dc38912cf9cb5a07a70b9ff277a5954
635.jpg,validation,635.jpg,b36ec2498cb9d486ebd4d90521296ba7f03b2d54c9c4778b21329627476eabc5
636.jpg,train,636.jpg,0fa59ea56fa727b9337e1e9dffb91314c642f60b021b30b56ada988a50af33d3
637.jpg,train,637.jpg,d5814ae202608be7f7348cf4c5eb6a6df1c1958ba82e6c07b533c93ed909375a
638.jpg,train,638.jpg,48a76d8cbf20bb91fa3b12c69c8c5e09ff1297fd4bf5de22d7ba3ec24e75637c
639.jpg,train,639.jpg,b8e58cbc670085122e13836b24812b6919e4c02a629418ad1e94afc3a9daadec
640.jpg,train,640.jpg,3c79f0e72fdf7978e7c982d7baea7a5199945149f5f9d3868cb48c137339ac51
641.jpg,train,641.jpg,85b0798c8cca71a53fdcc09599fdfbfecc1250fd0956a2344b569ed65c30685b
642.jpg,train,642.jpg,2c8db62c732b3dfceb28e03c122858b6d9e9486076263930483c51446bd9593d
643.jpg,train,643.jpg,e5f5a7bdba1165ba44630a5e658d2722cfe727bef02c37d9a81f30188c09fb30
644.jpg,validation,644.jpg,7c8bd9fd7e83b6092f698a98824a102a6b84f30071b0d98994c1aee57f46476e
645.jpg,train,645.jpg,f0f1386d3e3df0809fe86ca4a8f430960f11d6c767830d5449ad8d0823e287d4
646.jpg,train,646.jpg,77e2bd3d43163098b782b1c0e0babed8223d976738276ab340b9f4bdab79564d
647.jpg,validation,647.jpg,51211b7410b0a659e13696faa823500febf969165203bff7509e00089a22d738
648.jpg,train,648.jpg,a69ebf8e478482710eb74e7e910d4a6bc04fe29d6dda9611d3a226d3c796e765
649.jpg,train,649.jpg,f536cb31de181311ad0c254ce468a75b8d3014a155957676196f4862669d4663
650.jpg,train,650.jpg,35ab6dbc55bc6353ecd276eb5fab19647656e11f4c8036630f0d2f6d4c42dd5c
651.jpg,train,651.jpg,b2e2d5192efccb220b0cd74dcab9eca34cbee7ff7395c7e91861a5c24915ba1b
652.jpg,train,652.jpg,334f75f9563777455635496a0846c1b66f8719fccc6a9de60060a12fcb538a3b
653.jpg,train,653.jpg,b26e6c3af09c1762214cd5e4dac0b57b311e76efc1d0611b72ddd692f3b98608
654.jpg,train,654.jpg,426e635c1576075fcbd09eeb6364f63b17b2b88ccee936f23519955011fea205
655.jpg,validation,655.jpg,d4b62b0e7e022f4a061c3b0f6524c86d0afdc981d99ca58099a0e301c1c1735e
656.jpg,validation,656.jpg,8e24c49269a58201e7e59db68f6c187b6273767500d1caf720530ccc64a15d51
657.jpg,train,657.jpg,ff5446861c93bcae875e895d64d5b21e8f12ef7467ee8c9725a73dbcbacc269a
658.jpg,train,658.jpg,299b76f4412e3bdbb7f842837aa1423324f82678fd0ab471434c95c098fc3ba1
659.jpg,validation,659.jpg,cb2401aadfcfb8e7b158397e569484c39c361661b6a66e36e81050b9a3e8173d
660.jpg,train,660.jpg,b2d0a93404972eff55013fedd39fc350c98cea71296ce9a2a06b9c5abbbbf75b
661.jpg,train,661.jpg,3c111d3db724cbf58c126d19473b1fbb7be6dfd2909650f970c8f58640d8210a
662.jpg,train,662.jpg,91f7322e508c286caec2a793e3be030bc4138cd882d11a07518085e4a880db83
663.jpg,train,663.jpg,bf65e28b23f8052c6d7076f7af04f37cd2051a33e54c80fb891697d0abe4bc56
664.jpg,validation,664.jpg,77e00f8d3eba2d8b26131263a6bae258a5e91b2c284081a7e86006c8e8344b0b
665.jpg,validation,665.jpg,06d6785a3a76b7e2c7b584a883c9bf463e91a3c63ed38c25639cad9061acceb9
666.jpg,validation,666.jpg,369c664ac2e923503b1b6fd06c6e0e4339c597c63756f8796b77b840ac16c3a4
667.jpg,train,667.jpg,03aaf18cea4f4220e642802ea7c07926703cca2a2ca1caa313a0a0fc6aa8a42f
668.jpg,validation,668.jpg,4b5fa120a4002f1670255d221123e05e5940d58d8ac7add676264bbbce3762ed
669.jpg,validation,669.jpg,3bbe03fae48278f1035dba63b80f9ed98d91e39dc6c5a70dc0aa7af44ca3dc8d
670.jpg,train,670.jpg,d83378c717ec628ec12d4e66b4f4407fd20b1948d15725908053bab555d04069
671.jpg,train,671.jpg,9ff3b866e112ced30dabfc7751f3845935f83a9137825193b510a5c2ea840c07
672.jpg,train,672.jpg,89774912d4dbe4323eadc28dd342ba855537a48b28df13cd200d36cc7dd01d9b
673.jpg,train,673.jpg,e65cd7f92b1979f84bdc3f5114f6ec3e8a01e63a8db814ebc0a0731baedfd7ed
674.jpg,train,674.jpg,f850e63179aa9339bf46303cbfe18af2f34af263fc07c5a322389a3abc37c3c6
675.jpg,train,675.jpg,4c78295a49bf8ef5a0b7d5b844b347ea96dbf4447b1e4d4220e5f97e71f76742
676.jpg,train,676.jpg,19c02e119d6f07454d2fb10d203957c9e485f808ec058d9cdb03afaed0efd733
677.jpg,train,677.jpg,9d0f577e5f9f80c30e20315de4dcfd49b0cc3b579df2813245f55868382e72e9
678.jpg,train,678.jpg,edcf8cc42c18166147b98fd0645af21dd9d48715c7ca427e554938585cce60f4
679.jpg,train,679.jpg,9cbb83430875b7d3d5d3d0f2b49ee339cc66d516bae1b6e2216411e7c9f5ad41
680.jpg,train,680.jpg,2127dea4dbb6b90d3cc9b67b1b1a5ceada5658cd3404ee75cb3d5095bc8f454f
681.jpg,train,681.jpg,2850764f77de316bad5ea2191afd9729a7d9aebe9c829fb5b8f77c822414ceb6
682.jpg,train,682.jpg,c416d18e621fd0d7f97dc0f79e7f646870a8398146df448c6edf31b69ac7412b
683.jpg,train,683.jpg,3c701b4773836fa1f036fdcd596b7ff223de50fde00fc952593930d6e07c466f
684.jpg,train,684.jpg,a6b7d5441c2cc90f1b4e216e2b6cdd4f2699ca1fd3abc8b30ed70a7d43f1e235
685.jpg,train,685.jpg,02fee09405e91dc2bd12262ba8bb6a1a253ceafac2103eb70d7eb36ef38e0aa1
686.jpg,train,686.jpg,b2a7b71ae18a620016504bf01b70f3e53df024a9729e32bd6b975e9ccd23aa5d
687.jpg,train,687.jpg,37b4c98e48565dc82ef0812f8bb95b8bc0ed6db75155c46bb60feacaa8c12a3b
688.jpg,train,688.jpg,a5ee994b658a69c9f91a7bb31e3717f433c118516916b84cd0ed9cc92714166b
689.jpg,train,689.jpg,6ee405bf9b6f2e6a4572874a3e7cf8f70ab12e85c499b4c96af7b0da5a0a0786
690.jpg,validation,690.jpg,b7cfeff11bd8de3a6e4150796f2ab7beed4296492a90fde596a1b8165d62e124
691.jpg,train,691.jpg,ec60f428cb7808fe1f5c4c98195e83d9746290cc33301779ee8ba84f5a137cf2
692.jpg,validation,692.jpg,aba58c0606ab68a5bcc7e092533b23f03a93b0e9b22885e522a845b9caeb4f08
693.jpg,train,693.jpg,a922a03f6a85e7c9ea4e31ddb22b0ec43ef7729f478360a4a7ce55df8c7ecdfd
694.jpg,train,694.jpg,0514e36488d512eed80723dae39e8af010bb5f3d8d3a61eeccd3fca4c5f158ff
695.jpg,train,695.jpg,25ec4424d131b96118bd6661e3158f353dfea8712986a925fb37a2f6b9517b4c
696.jpg,train,696.jpg,e0704c3d4230629040a8d1b7f4c6f298487a5a3ade83de95a51dd9a925ec22e3
697.jpg,validation,697.jpg,b8f44703c2992467424744f75ce79932f808f42c344adbd4d28ab962e6573d2b
698.jpg,train,698.jpg,3db99bbedfd5c01217c9fbaa56162a856c09e5cc381d8135fec072d7ee9895e2
699.jpg,train,699.jpg,4a38a7d8993a2a4fdb54de7b626aecb8b5c5fb7856d009864813cba4e2a24cc9
700.jpg,train,700.jpg,b5fb2c0fc7ca610b829e6356e4426c78a8bfea0e47b614ca305a9c8473b81820
701.jpg,train,701.jpg,f8e539065fcc457ac701cc2d5c1b6c124b86db2b5a162864e9820c545b285abf
702.jpg,train,702.jpg,7441b9542d5b861ec0d2048f48bc7b1b644203734824b1c605a5471eff567238
703.jpg,train,703.jpg,61995a89f38c9b62d535dc8123009537c33cd9d092054b5407d7a47a4bf469c7
704.jpg,train,704.jpg,ee9751139e4ef730f18122891936c3142faa8b6aa957de7e9bc011dca02b7607
705.jpg,train,705.jpg,4c1ed07693e4270725aafd0cea768d778670e2835d8c972eec9f4922c2ca4933
706.jpg,train,706.jpg,0dc4bcc70d3b62157159fc0047b8a19e0263adacb017c5be3a3a8b2f0e38012f
707.jpg,train,707.jpg,d575d190ef8f993329317a8df5b5b5c90848030e603c52201ae1840ba2efb044
708.jpg,validation,708.jpg,4755304897183a821c809192de156cbdf946d3fcd9208895e469a30890040a6a
709.jpg,train,709.jpg,49d41589b5759386c235affd76bba22e8d4df2bbcaebbe001eecda81e37f67cc
710.jpg,train,710.jpg,a2209e2ec39294676461da88ee73e013b031fecb0057d18e7e9abf0fd9895188
711.jpg,validation,711.jpg,0ef9971187e90584ea5d7c08b07c698ced28e49619c3866e128fb8271f7cb1ca
712.jpg,train,712.jpg,aa2b32cb894a113101afd2a6c9e2dc86ab9d9b2dc608baf994d0a9275f0e0d3f
713.jpg,train,713.jpg,a77cf5536786c3b0236f663a97d65ffc494a3cd879d21d0ef876a648a1d415c1
714.jpg,train,714.jpg,f1cc7c8817a9d7304e540115d912d758049f7d95298ee3eea6f740105fbef62a
715.jpg,train,715.jpg,defaa84c47c7cc5274d74aaa6a93b5e1ad6ebb8f762825c9469b960bce7670fe
716.jpg,train,716.jpg,f6fa6aa2072c02fba57b599d4e63db532fbf034c95150aca6deb221323c42e59
717.jpg,train,717.jpg,603f262733a884640d6a9b4d240ba943f79dac4bb3e2e9c4b5ae10e15b697add
718.jpg,validation,718.jpg,f697097f60e51a906a7c5dc7cfa51f9be81ea9e5fe278425242b58d276483966
719.jpg,train,719.jpg,5e55813794b33f62a6ea5e2d77802c6e954eaba66e22cae05e637da4194ee449
720.jpg,train,720.jpg,a68e76abffe65c3462f523af68ba180d851fb6984367df3e187a2abd8cc5484c
721.jpg,validation,721.jpg,04f4d82cc76e47224d16adb639042e8ee320a601872031c9d56e7c6674884403
722.jpg,train,722.jpg,f2695d7264a7020a310f74629993aa60215a8031e7d72a76a2c2d499ccbaedc6
723.jpg,train,723.jpg,fe1e21a5eb070c3fe4417d8f1301eada148186541d69ff1853a98c58ffb97651
724.jpg,train,724.jpg,6deff7fcfee3481576f64c411d582594b71225b40eec8f9c3c1af136fc837f1f
725.jpg,train,725.jpg,b7f49ecabd2ae66d785606592c8701741292e079941e7eb3f24732f57a7ffbf8
726.jpg,train,726.jpg,90c10f1c74238b7ab99164688efa78d367da78423e01abfd0697dbcb0359caa4
727.jpg,train,727.jpg,76dc0f4d7738efa1f6275d8bc4eba595666c6bec5288322944cf59b51e450e92
728.jpg,train,728.jpg,3d4b42664a22f8f5987a99f1bb6ff40f919d8f3c283e081b99d278f196c80db9
729.jpg,validation,729.jpg,c385408f8335473f31e9ed39c68595a890bbc8df839538f4ae63fd947adfb456
730.jpg,train,730.jpg,3b3f14443d14807f9abc77a7d64a2b050fd4453d058a56a8dd2d72f0d1687b94
731.jpg,train,731.jpg,72363f547e88b319a1b4e7273e0cb3d459bb37722015fd54e652e4857668bb13
732.jpg,train,732.jpg,a3ae1bcf1083aa01f051c72ecd27c992548b4248fcba8251fc6f969d13386fe6
733.jpg,train,733.jpg,9bfb5332581effe311a4932e38791d05496df65883cc85b1af9b177b3c85edf1
734.jpg,validation,734.jpg,3b5622d54911ace978c8adcb5fae833801e131642cc2cd505c52c1278184a1db
735.jpg,validation,735.jpg,28443e5c0855e6fdb558e6a94396b6ed256e5515e743b0aebfc4538e9f9ad992
736.jpg,train,736.jpg,aec082429fb7405ac09d5bdf0bf215168d791edd47bc6261b018006d17761336
737.jpg,validation,737.jpg,6b7bd52b12ee6908667414afc8854d3113e124aaca66ac90c335e458b36bed04
738.jpg,validation,738.jpg,8123713f7cf1ee30e7acfa720079c14fdfbbdbc1c33a0113f9599d12d2f8ed74
739.jpg,train,739.jpg,c882ee6acb2b575ba33c128fd6e4091975a038b2c2893d1ea4d928592a7c8897
740.jpg,train,740.jpg,0d4cc5233499c6fdb0ac98b0a77c8f97681ac2d4aa4ef7d116ece704f4f5602c
741.jpg,train,741.jpg,fed94c2dcd46612a6c042b934affeeef5f6d632e2b4ad583b352e1b5f1676081
742.jpg,train,742.jpg,f62da0fdc7a899ff7ea5731809c8d627a832492660599c7b43fe06675baad048
743.jpg,train,743.jpg,f584abb3983de3ed3015216220ecdbd68a27dd36c319a0d6b27d757ec28a3102
744.jpg,train,744.jpg,5d42af0ae5d9f026eba38fc12950cbb0132da971e9c01e84f030f9ec619b153c
745.jpg,validation,745.jpg,aa4e76b214ff01f07487ed423925b4a8e184d06a462c1d582698a8959049ace7
746.jpg,train,746.jpg,6c9ccc6993f29959e84e393a6254ad3bcdbf15d828d8836e51edc0ecd0bb7816
747.jpg,train,747.jpg,42bea4985116b0eddee38dc9585901925c8e4fb539da39b9600135b137e918a0
748.jpg,train,748.jpg,209f79e294256bb59e53f5190aa466b55ace9c3f2d38c41c60a32658a3a8c16a
749.jpg,train,749.jpg,ed27d173b32c2acb124289bb381e6d0787a8fae292480b6453b1b8fcfae56f57
750.jpg,validation,750.jpg,86b0bda750c79e44e4084e3d1679e0b4dba87f3999023195ee16fe9d178ee36f
751.jpg,validation,751.jpg,edf46f164204cbfbffe1aaf9c8fa620154a266aeaeb93c0a6e77477630f0ab78
752.jpg,train,752.jpg,749d8e40de33537b97817950fa9598f20a03fb85aa3e665befd0bea4b6e23029
753.jpg,validation,753.jpg,b2cc10e946341e895ff585dce14cdc9769418fdf69af64eb0d47350743793756
754.jpg,train,754.jpg,1ea0bca0055fcc2dac6881044254f46c5c943bb97b9f773de2319dbf4726ab3c
755.jpg,train,755.jpg,a72fc9bb0abf1f6f6139e5dd51e86fc67453e803fb3d6b99305c2bf445eae4fe
756.jpg,train,756.jpg,1b50ba7b499b8935be88fb1c26b38e7a50ccab3a442c28b3008400664888713c
757.jpg,train,757.jpg,f972ae82311e2e786dd18dd0c1142d3d2528c3ccba53b8ae31817e5f6962db47
758.jpg,train,758.jpg,87f188b6d12d35b3c78ff541f2ab06ebd3b2edc3d2230245158af5e368e2a4ac
759.jpg,train,759.jpg,00a13e19c9ee36d8f57037f76085cc0b236e6ae8ad0f439015ac6c750c868040
760.jpg,train,760.jpg,02b82f8ffd3bc7a1138c84e942ef1f5dbd8f006aa2bb3c9c9993e296c528037e
761.jpg,train,761.jpg,7ec71192fae8fd4816d510dca3e7909af56f88888b92a4829a824e594a21f3f6
762.jpg,validation,762.jpg,5b3347ec3fb37bc556ff1108aba77e06d8b61bb4bef155914a9859f42802e27d
763.jpg,validation,763.jpg,5cf359ce32bd5deb18e38aa8606a6059118b79c422a0fc4cd1871f728b0417f0
764.jpg,validation,764.jpg,0cf0d0b6041a4de9299a103bb04073cec373464b76370a29bce34bae886dbcbe
765.jpg,validation,765.jpg,b8d2265cb170f27d00cbad001ec6cbe50176341731c5adc09dacd19321930814
766.jpg,train,766.jpg,1aac063b38354d932db42fb9ab625c7f8c8b27840949a562b195af4eae638a22
767.jpg,train,767.jpg,a25c9d2d01ce75ea575508e983975ddd20b2bbede5f37d6f076b2977d4db3739
768.jpg,train,768.jpg,113263ad27e25851549cc6061f63ccac10d894c56ed4f82e8051d2b81ad4d8b4
769.jpg,train,769.jpg,86c7015e477c3800696aec51cc8c01b3c4515bba74a69e92565adb4daa01c323
770.jpg,validation,770.jpg,4f2d6bc0df915372a8d9e71137abf00eb9c1884fa1896355111e979c170e9382
771.jpg,train,771.jpg,96601cbc412243ab4078e2cef7e5736c9170266f083f040bf6f5814b8f496a83
772.jpg,validation,772.jpg,1e8e683ec4f7e165e2d17fceb2e277f158a736c4fb8c0dd1ed81239b8ece1b3f
773.jpg,train,773.jpg,51b17f89883040c846aec56aa3505767399ed9a394eba0f818ec8a193ec6e013
774.jpg,train,774.jpg,3651741667d549073e6cca0ca90ae7cdbbcfccee4d8a73a67c7cfc512c686d6e
775.jpg,validation,775.jpg,efe9b7651b728613482980b54850fafea82b6dae34d0f6b2a2812a4ca540ae27
776.jpg,train,776.jpg,89252bbe83ad498b366c30d65979d67885bce6111f049f87de9b68e7e42ccc9c
777.jpg,train,777.jpg,f2bebed03a960ba39612d77e0efb134a21816f376bbc4b2d51cdc7fb4bea4a73
778.jpg,train,778.jpg,55b64ef5ae359e452c6fcd31db4a294645ce8064f4883168afbfdc795bc1a072
779.jpg,train,779.jpg,971a708ed3914e50b7fd5488bd045247ebd713f3f7e51a89f5d55961d6a77b5b
780.jpg,validation,780.jpg,003729db808d82b1452035b7aade66b0ca735540cd18c520a1e3b37bad9bfc7a
781.jpg,train,781.jpg,9ae99ae994d4a548ba8b8ef360d0474cb29573840bbfa335133bf39acc2e6a36
782.jpg,train,782.jpg,6a21ae37eba2f314ce8879eb49f3f3a4f30d37c36488b616e3a92b7206508964
783.jpg,train,783.jpg,53e22692999d6f24c7b896a9b16fc04d470e1045d40726bf8d25ea443ca049d6
784.jpg,validation,784.jpg,c3e95289c5b607a9de5e7151a831f8d8158cb7b71d06b2a4889f920d7bbc4b45
785.jpg,train,785.jpg,abc63dd407b727b10206abdf5918bc3b246db8e373c63d5197d4065f09f5f67a
786.jpg,train,786.jpg,346ce860dd32460be43ce47dd29044f1da4e81816f7de107284e73aff7504087
787.jpg,train,787.jpg,809c1df80116556df60832591dc02ad77328626ca0352575f5dec80527a8befe
788.jpg,train,788.jpg,b8b1ab5690d473ebdfcf89b8a83f3cf2794164fcda2a1811a3ed23e7ea846042
789.jpg,train,789.jpg,0f1a8e90d13e290925b58d7e7461ab75380c40e3f4c989005649b92f85052f76
790.jpg,train,790.jpg,c7189ea5b4137539947d4d437a7c665b4c9d76efde6f816d1c0da98dcdd2a299
791.jpg,train,791.jpg,e89ffcb77a2b342fcdbf5d9060d6e07190f71a0b6978f95ec2f6d5c09e9d4260
792.jpg,train,792.jpg,5afb043544a8ce20524f55d207c767482bdefc812fcdc732be82235ff012c735
793.jpg,train,793.jpg,4b5e010a584f6bb9c3542b166f545d7bea8b1d36e065d0515c30fad565cd52d7
794.jpg,train,794.jpg,e261d3a8855351b465e217f5927eb367d43d34d70a6ba91ceb265c92cbd2fce8
795.jpg,train,795.jpg,31f0911aa0365b5bc0fd360aefe6c99912ce38c91aa3afd969e0845db9f4ea4b
796.jpg,train,796.jpg,0f239b9c020fe1973cac85e771579b479604099f29b756d993a165ce5370d649
797.jpg,train,797.jpg,256c9343facec88fc2a38648d1cf8c516438431da2af60a066ffbfa609106a4a
798.jpg,train,798.jpg,f9e4280241a951c9f1919097ffd4648c6bd5744aa1694c861cf8bef76cbf9a70
799.jpg,train,799.jpg,3ecd3bc3a1d28c5d95761f91470cf903ee90f7cefbeed25e44f4f92363f48fe6
800.jpg,train,800.jpg,becb0d37ead16d52b491a148fbb03e1db5e4e2b390604c69c8277160e2b9ac61
801.jpg,train,801.jpg,bcdc55fdbdab4eb6595eb045efda85e5e5e7a14894e7ece5ca4f759f380083f7
802.jpg,train,802.jpg,8cdc97b9971f49f5a585e2433dd12c80baca3078cf24c1195bf4bb801c9a57d1
803.jpg,train,803.jpg,81f849ab70f49c9ee77e3af5a56668ecee176239a39c3e9e4cd258f70512c3a5
804.jpg,validation,804.jpg,71bbe4c621cd5039750c54b5263092c26d84f79e42754e86c7591df187002b38
805.jpg,train,805.jpg,5c893b5e846e8c4f95b3cb2f3eee9adba25b818c653ede6ed5fbe07998542f77
806.jpg,train,806.jpg,d49f410745afe58262072f41949c663c8d4af85156bfd021bee8e9800599ae4c
807.jpg,validation,807.jpg,feeb848a0e6a6dc11c38c3610492b6a6c3a213ffdeb7de8f73ebb3ab4792846b
808.jpg,validation,808.jpg,b901e22cc3ffb8c520fb5422ffa18ff6baee0c4da79df8f82d776faac9382e53
809.jpg,train,809.jpg,cae4f1e9dc5e9adad439d4ead948d23e793eca07530c56f1e2e6d492968f5d1b
810.jpg,train,810.jpg,387a12c4c95409b990cb44cac9f45a06ebe05c9c27a0dd751423d13372bcc84b
811.jpg,validation,811.jpg,a678aa937a14496136e80e4bc7b898009188c76338d11004aa8e0c93c22e6dcf
812.jpg,train,812.jpg,470cc2a6fc3c5cf6330aa0243e6f8abeeb52ce2999f2dfa0a23cd163a09b1172
813.jpg,train,813.jpg,d69f9abc4a41b8ec7cf0d3f3fcddc9c7dc4016e813c57d08b0e863413e11e83e
814.jpg,validation,814.jpg,69010d0300f519e1dd3aa21288e4fcddfc4acc0581470d49c57daa9241e7b911
815.jpg,train,815.jpg,e2523beb0a50451605e1e7f89964263b5e9c6611dd0678a943a7a2a24817377a
816.jpg,train,816.jpg,814977ca88a53eacbfa5ebcc39ce0da346cc32adb65dfb830393e634506e7546
817.jpg,train,817.jpg,7ea7f8bc2957f79bbdd56bc3f2439b2600bfce61b7d8c41311a8a08f3ea427f5
818.jpg,train,818.jpg,47efc9dd6fce4c8ba214b3fa61e22c91eb6a9ca5afee4e55d0dc843313b1382d
819.jpg,validation,819.jpg,62ab068dd8389dac5f8b74791174583f224a5a12543a16983a0542f134522982
820.jpg,train,820.jpg,b0c2a07bd848819bd31e8432986f735445bcd7fdebe89bf673bc6fb2efa3c01d
821.jpg,train,821.jpg,9534a49c5c7518a94c7866ca1dceca7b25bc26b21fddd55a3feb30071249de3e
822.jpg,train,822.jpg,e116eb495cd89d16e73f4aa00fe91b46d16b9d78dfef77578c15cbb9f42185ea
823.jpg,train,823.jpg,80c85d4b1cecd757fa26936bb0ce5f5dcc05e5ceb05eff27e81325f15d6e142f
824.jpg,train,824.jpg,5f58fa72d5e4a8619d75fbcefd872159bf862e154cdabab171464bab203a5bad
825.jpg,train,825.jpg,7e2c82dfd8f9394f9e59e322a759f07d0d493e7ed227f7701cbe5399cccdb8ab
826.jpg,train,826.jpg,425d4d06a0f6e9ac90483e5ce8e0ce598819f428e85c2cbd2d6e7199becd3d80
827.jpg,train,827.jpg,0805257715ff11b3932e131649265170be6d3787225384bf494c180e1fece5bf
828.jpg,validation,828.jpg,36b3b03f2f3346647895814636c3cdbc7f63832b7edf90fd149bbaf70a700c7f
829.jpg,train,829.jpg,87e7445d0770434b7317daca05b09bda34da8ac7facb0cde8cc1eebc6f93f048
830.jpg,validation,830.jpg,4dfc371e7e0e4bd20eab7632afadec5200a2df0040a1f254601711156b92cc2e
831.jpg,train,831.jpg,561b490aa5a22be2d8950759948b471b943a36f552074c773a6cb80a1239d7e9
832.jpg,train,832.jpg,1db1c46f3edddff4bb8d0eeb3fed4f5ba47c5cc6d3999e2f1a762545db437c2d
833.jpg,train,833.jpg,86ff9e522c449d2d8abcc18838669d3f344d9d88c305de880621b265a8f454cc
834.jpg,train,834.jpg,2d41372cf3acd3e74916680195f1cf67c55741d49aafcf101d29d9bc10517e36
835.jpg,train,835.jpg,8646738419a737debefb2dea20a3a12211fb22707c68eeb909aa07825d140c7e
836.jpg,train,836.jpg,5979d653854605448d7d906584d6049beefa74a69e848858b32d2983650f1a0d
837.jpg,train,837.jpg,62c45dc1afed8b554d8d86e08168303556b1aab73c6d5281cd253f25a51ab136
838.jpg,train,838.jpg,7583251f85d93721d03d30b9b110ae107b91c8a3b549d1b3e4e9a629d8dcb8c4
839.jpg,train,839.jpg,450fc3d2d9ee46f33ab31b6b5e5c6057af9774fced08e6ddf18e3e3bc09b05a2
840.jpg,validation,840.jpg,56f5371adfceee2a110d3f665c3d4e9e58ea8bb6620431e776feef7355dbce98
841.jpg,train,841.jpg,f8589e9dcf0622f88cbdfce2851be34f96a7da222d5e14946f3e80a8b2df3e4b
842.jpg,train,842.jpg,7f1069e05dbd9c9a9faffb4e431e7dfdce1e0fcbf51529afa7b7344013fcbeab
843.jpg,train,843.jpg,b88fc822c26e3de94df503af5a3d1fa05c1d91a3f3c14a78760365522aa1bc16
844.jpg,train,844.jpg,6325d7e1bf5ebaedc35999e9497dd14ad13b2ea373a0b581bc895f618c9e90f9
845.jpg,train,845.jpg,e974d0aae55ee6829e4224a19e36dfd0ff78d7a9b304bf63352a66f70eb6d0b8
846.jpg,train,846.jpg,82815b90d1a24d26dfee2a7665e5327bbd85b6eee42409bd8cf11b88262fb9a0
847.jpg,train,847.jpg,e427b917bb8dc50f7b012fd35b5e0df25effbb41a9c199eef11b844d3444df68
848.jpg,train,848.jpg,5df674898789112d97bee04b6e3551bd2847a6d6b3e44071acf7ca2e936a4be5
849.jpg,validation,849.jpg,4b1ff38d5f9b835b1272c3a35ada021bf8169f96484812c6fdc3e2c229f037c2
850.jpg,validation,850.jpg,3abda46f79485ab6e3c68f79fe5c2c810ba4960b81e8e7f9d8765df3d47eb81a
851.jpg,validation,851.jpg,f3cb7db3e9875d9d977643d09c5775c1c2874b21e5f8d375cbe7944fde087e31
852.jpg,train,852.jpg,21d51fc987513c18e0cde361c170f9bb462fdff63ed7be69efd001214b096384
853.jpg,train,853.jpg,4eba43da83322360ae7f6f68f23613802cd4e0ce698ce805af5e4f2ac0b45229
854.jpg,train,854.jpg,92b69409d5627840b701c0d48abfcbf780bb81617b0a9dc86512e648e5fa92fe
855.jpg,train,855.jpg,f2a536fbc92930b74e1333e52321d27c920ae1d4bc694842165ba004026fb87f
856.jpg,train,856.jpg,1a4c943c816829c8dd99ecdea7b5efe11b9b31f3446618cd5f697bf9e14d7d02
857.jpg,train,857.jpg,1aa1c1f1f777b49ca863642a43ea6fb0054b08438427dd750abec6322b18113d
858.jpg,train,858.jpg,bb9a7eb556a602dfb217225cb60d57af3655ccd00ef8d873bc626df69f9a4780
859.jpg,train,859.jpg,4102fa65e72c0946ccdc7617bc15dde3fdb0635e6245ebfbc680b661b1ad00e2
860.jpg,train,860.jpg,fcb9f7b72a1285d9cd8dc8318c091cc6fa461b9a0cd854c1ce6c2f3bdb9410b6
861.jpg,validation,738.jpg,8123713f7cf1ee30e7acfa720079c14fdfbbdbc1c33a0113f9599d12d2f8ed74
862.jpg,train,862.jpg,35e60d4b7b6307da02730c8b8d4c1c37d6f1fbd2026fa89d7ae753fcbb76a50e
863.jpg,train,863.jpg,fdc6c20ef44fb72018f1e84a35e23f0be783e3d46a300dcc76ea019ec9872343
864.jpg,validation,864.jpg,39797dc8eb02bdb92857316b9433786ae4132ec57cc395cd136c723685985613
865.jpg,train,865.jpg,237f20fb308ebf141bb0a1e940f315dd7820dd55631f774ba32215cdc61e40f0
866.jpg,train,866.jpg,7cb04c11a174c10b3ed9f03d73c55345647c6234771201bd92c11144e67686bc
867.jpg,train,867.jpg,aede5fdc72d04267042da7bc76545c537ec2fca71bcd0090e5842d7e9f942cb8
868.jpg,train,868.jpg,738bd7cbb3eea3456ca888f0929d0a697527cdf725079a1bb1184549d496678f
869.jpg,validation,869.jpg,32dc0e9ac4ef97e3ecd546d70fe319992509cf6ab1d2aa2f63dc2e7053bf83e0
870.jpg,train,870.jpg,bba06083f1a04e6e9c21a4bf35730a16c50c6b2b84112c45b43604bd35c52431
871.jpg,train,871.jpg,ae932a52dfc5f7d596fa9a3be7ac4befa43b2a3496aa8c00bde791c64552880c
872.jpg,train,872.jpg,b7dbf2db9db3ab13904ba16031c44f1e6a79283fb233513eb85097520f67bb10
873.jpg,validation,873.jpg,e1b60670ff1e04b52edbe0b8a0fd805c4807b0907764e0e8caab7d464e620fcb
874.jpg,train,874.jpg,c54dc4dc3f6c1c38a07eabe3306b46536cf1ecf30ea53c8b723ce76171d6eed9
875.jpg,train,875.jpg,350537d4dfd3dfe53b856356ff700d9564c7912a4b3d6845fb86e8728787466f
876.jpg,validation,876.jpg,9984669bdc9b1a4849c764bcea73d7d4f3ffa789f0004b20980b49770fc47117
877.jpg,train,877.jpg,e641eea709657380177b0d7b240f046c9b4501ca2fadc3d70fe83bb87ae064df
878.jpg,validation,878.jpg,046a80fb8028a5aec0fa853a11108c585c137d86e97a8ef2374406ebce2c7856
879.jpg,validation,879.jpg,bf5f9c5672144687bb2196b0158b1ad1f9e11d41e2192c71913a8c297e326554
880.jpg,train,880.jpg,ff8836332cd342c30d2378a5826b3a177571f8f9a2798ed54efc4449e60134ff
881.jpg,train,881.jpg,5b5b4d6d0e184b7d793317582854f902eeeffd0aef6f95e212db7d48f57c4326
882.jpg,train,882.jpg,78350a138f5c7280f4e3b3385cde059522476bc59480e2925316befd6b8f21a5
883.jpg,train,883.jpg,a8aa971647aaf09775da2bebc67e63cb0367dfd3493a82498047af49db0c363a
884.jpg,train,884.jpg,d4582a318b86e71994dffb2212fab8a5048e588d6c32e324c5ac7b6443fb2a80
885.jpg,validation,885.jpg,d59e87287fcbd55c1715ba597200b674be3cd587db66d78980b6fe9d46294205
886.jpg,train,886.jpg,2c0c172adc26c708df372accc0292ddf7e8ee29f527d0f0e753691a2d9f6f469
887.jpg,train,887.jpg,061eca1363aec63ef756463b04d5d9bc8c3632a87483aeb24af62f38f32cee50
888.jpg,validation,888.jpg,cc92d801a812324627f420070bc11991227657d121e70846a7a204a4d8abb550
889.jpg,train,889.jpg,88b5d5bc2a336bb4364036072df7b7d341c80c2ee2383bfd9044fd087baf5723
890.jpg,train,890.jpg,1d94a0833b444e01a1c113ce83be0ac84048e53cdaa871a6eace5ad537ce3e65
891.jpg,train,891.jpg,65978ba0b6924c41811052a1e8b0add980ba84405e8923b81a7b97f6188565ab
892.jpg,train,892.jpg,bf6b644196db53585a26a0c431af4498911527a637dba922038b5f22f2cc4022
893.jpg,train,893.jpg,b53990f3ffbabc17f6f9c0a5bf3156d4d51705d61c94ac377d44dba755fda9c2
894.jpg,validation,894.jpg,1024ac1ed8e6df56f8b88d1f155c4a34ebe5825b12376a2b5a398d5f594155bd
895.jpg,validation,895.jpg,d808988122950c46e2877bf90b95ae9357c1d62acdd1ee4bd7613863f0e56828
896.jpg,train,896.jpg,18a7a97fac03c4827cad648331afaeee93240ca46a3b5f1b1a08aed6deacb887
897.jpg,validation,897.jpg,4fdd03c24293024e976d8e60c5b23219f2b59a196b503b0ac2277d795290044d
898.jpg,train,898.jpg,15c3bfbba43c3799d89c9af2b6985a789d312e77badf70a8c1420f7f90abb9af
899.jpg,train,899.jpg,66691cb0773d0e9a57bf82d1ea0e9660cf9ee56f8d3fe1049735cef1897566e4
900.jpg,train,900.jpg,fed08c3df3dcf5175446998cc869dda23f1438fab7bb61e8e615c98216753731
901.jpg,train,901.jpg,1a44a9c30267108700469a4a5203a9e1d4eedd333f7e33ff7855221b1690101d
902.jpg,validation,902.jpg,97200e49e7b84c89ec1b75a86556b74178e5fde97e02b27bdfe9774085bafd3f
903.jpg,train,903.jpg,e02b289c45fa3d8e1ce67456f80580504589c306edbda4a80798e75a6efb9631
904.jpg,train,904.jpg,170931d633cc1382243b7dc9a3f4574f817bd291f1352aa7d9df953b4333adfe
905.jpg,train,905.jpg,7b30c205deaaac685ecd07bd24d1e0e1384aa6570e4486046b885b517f7019fd
906.jpg,train,906.jpg,3d28edcb660bf71560951c11d2150ef9fb0a627a9e25313602723aaf291ceefe
907.jpg,train,907.jpg,d636ad2ede657b4789ccbe4e56c039dc3b9fd07320bb8210ac935939d0b03e23
908.jpg,train,908.jpg,1061f3c26f647386519170241133215c7bd171d8ba7c4305d203c61cf5401a18
909.jpg,train,909.jpg,00d306cde2127ab3a3fbc02993ab7b5f8ddc6223e8c89ad8af984c781a4727e2
910.jpg,train,910.jpg,43da4ed1aa68dae7676081d9bf041e18b9aee422efdd1a37d0862a1fea265c7b
911.jpg,train,911.jpg,ad8f8e618ab47ebc541aa2d64e98f3f7fc2d7eee70d0c9e596a4569a4a5e4a21
912.jpg,train,912.jpg,09d1a57272a50f054e401309ab939481da07b23f9b5f4db60334f7fec9288e40
913.jpg,train,913.jpg,4a59bef1433159b9a500e7ccf47106b0745b957dffce00d1350a39263ce96cd7
914.jpg,train,914.jpg,b3f4b9a7209219bd2bf432a061dff1f9c00d86aa634218377e42b9fa7a9fe384
915.jpg,train,915.jpg,e3f91136ca3b650fd9810c21a6216efe8a289747ecf0e0d7f93046393cffc27d
916.jpg,train,916.jpg,efaf67f418b00c6dcc6a42ecfb23d31b475b8050484fbddf7bcf581fe241ce0d
917.jpg,train,917.jpg,a6a42787dff5741b2996e6aecf3e5f039a457b57c5524f3e96848e83a119d333
918.jpg,train,918.jpg,75652ffc4cf301314b823b8570df916ed226bd36f13e29347203da7fc67869af
919.jpg,train,919.jpg,69c0978ce1fdef2859109bf3610d1af63bc9896227ba06c9d92f0042ed89de7c
920.jpg,validation,920.jpg,7d00e3f4ed36bb15870b111b8f97e485cfe4e245c91a566675f1818f17baac11
921.jpg,validation,921.jpg,fc3b9af4c17fdd57c8e790d192125ddba556b42058a34111104ebfc796103699
922.jpg,train,922.jpg,bbf7656b814de4acb6cc0d1bc3483a5d0fb4d53dbb0bf52e7b99d7d4d21ec9db
923.jpg,train,923.jpg,0aaf5a9ec7430b98c82961ff708926e7c5d38ff426559e46bb968b0e6999f5d5
924.jpg,train,924.jpg,7a11b631c3d3befd2e517dd62f943c6e84c7089d8dbdaf260ab3afe17e5d2cab
925.jpg,train,925.jpg,a9713b02cea57f17afee5b008228b27e6a7663f7bcb58475398c197f1f7fbcf9
926.jpg,validation,926.jpg,5d27db24f6ddfa4a190964a5a2abab2c608cd34e700107c559c0d2532734c4c8
927.jpg,train,927.jpg,97b8f8aa80d7ebe0bd7058b5ac9b7e495a1972ae0e5016831f8049e2a5604ed1
928.jpg,train,928.jpg,172856e269cff31d6f64f50dba57882d44767b9026039d7c06f094b0affa1ff0
929.jpg,train,929.jpg,a242207872042920032f99e5f970c058eb101bb7ec13558d5ff1d466c2ef7e10
930.jpg,train,930.jpg,550231e945c60f86774dd01bdfdedc77819ee12906c2b8ca15cdcb62df4ff03c
931.jpg,train,931.jpg,a1072feb17e34d27cc0d54fad2cf1e9571adf57119fb0079dfd3c28c7bb310fc
932.jpg,train,932.jpg,716ee94d89f56a49e467d6db198e2d72a9e8cba2d1914154f174d401e36d4e45
933.jpg,train,933.jpg,dfac85654583c4c9762b547db91834058740547299b5478179fab968682aa15c
934.jpg,validation,934.jpg,f5274a3c4e1b7ac6acef9c82aa89a7124e5418cf5138cf0814fe630c99e24474
935.jpg,train,935.jpg,b95563905b31c77a7d3ccf9077b35fee99143ba3c72d8dee366300ca9946d00f
936.jpg,train,936.jpg,2bf24a07eaf81a05aac25c1acdbf5926f1f8bef68e4ff7a23329b2a3d62aded3
937.jpg,validation,937.jpg,354b2ad4864c30e1a436080dbb6f4eb88e9f0c61298f9a1bdfb165cbdceb952e
938.jpg,train,938.jpg,b0dcf3ef2b0f2bfb313b695589c727642b133075ba8baf017f0379798aae8e73
939.jpg,train,939.jpg,5167ee7afb9eefec8293d55cd849d1d474b89c4109e6518c1e36ae9c0a59b6eb
940.jpg,train,940.jpg,7c85ea91afec261a80a9889889ee2b7ed2401d15a2ecbaff557a67eca06f61a7
941.jpg,train,941.jpg,8f501cc927a4aa13b1bcf1733ea7cfe789abcfbcf6aac2737ba1705b8d6f3f20
942.jpg,train,942.jpg,f13e41d31580dc71cce7abdf861960c3292e348c6133776d9a0f1d0a218dd2a8
943.jpg,train,943.jpg,a714f7f4effa453a51f01d10bdfb1ff1601b31aa964933aa718e2ed3a1055810
944.jpg,train,944.jpg,ba8d0d460f38fe595e00620ab563f319920b6af7242b4acc76bf8c2a7b04f041
945.jpg,train,945.jpg,3f85b03ad7fbc734fdb39dd8209ffd0ff550ded86c7d604b7862be5df20986e1
946.jpg,validation,946.jpg,119ef5c569c59fb662c102901ec9bda02d567dfae9ec388e052dd90582348f58
947.jpg,train,947.jpg,1b0421c8c27b963c2b04cd6c76169ca3d92a61887894888e0acf360bcf1d7ecf
948.jpg,validation,948.jpg,3cf3907d5560654175855ce51a760b0e59c093249f38a31e455781e1ab559f69
949.jpg,train,949.jpg,6cb714acc203d34c7f554ff76f65cf66309875199c13067e7573b63138578dde
950.jpg,train,950.jpg,ffe2f50b01f7c8a1176a89e31afedab8c8eba12a94de8386928d5df4d0202f1b
951.jpg,train,951.jpg,dc431f6024256dd36d5e6b256d141fa11df9d1efc0fbe624645f66038f01d4f5
952.jpg,train,952.jpg,27490704fe211e9579f623664e656a8cfdadab6c61752c4a0b2ceb2ee4e2c36a
953.jpg,train,953.jpg,4d3d8702da69995d7aae8eb9c502a139356135b8d437fce62eb5e8e0d4e37483
954.jpg,train,954.jpg,2d219e85adc6f8c7e747745882c5d755a171614e0f716479c62096ef2bfbd938
955.jpg,train,955.jpg,fad32ead12d91da6f7a2f9313feeaaba998d3ec829c70aaad820f61a313743a6
956.jpg,train,956.jpg,758b7a9b6b00d26e3968b387ded237947e3dc71bd6b77e8478636c489baffe7a
957.jpg,train,957.jpg,956278beeb4e3b5e42830ed5329c723240c3e7049c94afd47e1305de56f1c2ab
958.jpg,train,958.jpg,765fc23a414b4e1e112a6b32cf12758f51a6efd65526a44e002a8b58997b76a5
959.jpg,train,959.jpg,7ba438555a09848ff020096b4a2e0546b0cbb4cc00ce94a3a26eed6b47d930f3
960.jpg,validation,960.jpg,e41eef8404a462de6fc439f3ce7780e87a96002b9f152a7ee44cf225dcc55398
961.jpg,train,961.jpg,73bde4a665c5f73dbcd79989a97c451c349f021ebc75ae4ea0bdacea0c166ca5
962.jpg,train,962.jpg,bca20972957b4a9cdd6972c4492e96a648dd4d19cbef11b5e8a613880998d17b
963.jpg,train,963.jpg,3c9e0ce2eee27d51af97fb4dd79da90e07769662a69326bef9e5c6a2460a75a8
964.jpg,train,964.jpg,1d1377a6bcff9b5754f040552978f48de87c5aea44771fbd4f5a37eba1b73255
965.jpg,validation,965.jpg,9fa8f325e11d4dba70fa6595e63d381d2a11c9b6444632c8f1d80b2a8474b30c
966.jpg,train,966.jpg,771a845b352ae650399bd3e85023ad73ef87feec31af0ed794e19930936c38c3
967.jpg,train,967.jpg,3440ecdbf10029db2f89e7f2e079ddb6174b5660aa297823bc71391a1fd6bedd
968.jpg,train,968.jpg,31508bb7fe8d55a5186f6b6e86105e2ef22336a4f535ccf46f0c2055c4804925
969.jpg,validation,969.jpg,ba8186042bacf75355bedef0d6ce9360585d3f89ed8cb870a5457d9cbb6d3f68
970.jpg,train,970.jpg,ab5688193379a152c3a0263c2b26b5ffbd35e3dae6f2f5b2e9bbe41c74a840df
971.jpg,train,971.jpg,e57c95152dec46e98a15421000f970446627c3fe6dcff1612ce2617b8b0e647c
972.jpg,train,972.jpg,3eb1ac00b03818f5cff0e1481018feb33cc76d8e13387dcfe3b5b1f3ae8b92ff
973.jpg,train,973.jpg,b45659867646584596448e403ccbd9aea44af7b39412d80c3017e41aca4a5121
974.jpg,train,974.jpg,345c66b5afcdad3aaa57895b2eadcbeb3ad99eea9585a32114e9c1b8ac13c867
975.jpg,validation,975.jpg,8c7486fb5aa0497315c17eb65a0420e5995580aa9eb76bee96e3d4df1b715353
976.jpg,validation,976.jpg,76652fcdf45c5bc9d3878e6435094a1d0d2bd116a7bfa4fc407515308f548d76
977.jpg,train,977.jpg,eafe6d53f5e1bfefae0f607285b75e01d9f8bab9b0574327ae15e9d6268ad00b
978.jpg,train,978.jpg,6e64cd2a81e77fc2af8cf550772210bc16ba44b9d7df0ca165730cb3059097d8
979.jpg,train,979.jpg,d282bbac00a341ecef0a835477d7bf5b2d232b984754a2431a97e62ed679d244
980.jpg,train,980.jpg,5a2e00535a2d855ddb2253f0c719d20d1fff540fe1a23d5f28e30dc2b22fb52b
981.jpg,train,981.jpg,dee1797993deeb858ec029e8411f7adbab8a8af2f6fa70693773abbb5546bb6b
982.jpg,train,982.jpg,0dc226dd90d4e159470ae3801dbbdbed69470c2069246cf541ccde46fb033528
983.jpg,train,983.jpg,0ebf146d7a81255165969d4a556daa9157e5b03103510dbb0718d39c187d10be
984.jpg,train,984.jpg,38d827ea0887b22b2fc0f5534576ce425c1cf8ac80469e85912a929f6307d7d7
985.jpg,train,985.jpg,6f06a92fceb9ada6d56d26f4b0d00680b74e83391e9e4ab2e90a62db96f5592c
986.jpg,train,986.jpg,dcc93e91f3c061153e20821cdd93ae49da318bb18e73df67ae2e1b8d035f3c89
987.jpg,train,987.jpg,819d2ad0393bf6876dd865ddd07886d18e6d00124aca466d3e596066dfb55151
988.jpg,train,988.jpg,5cd87eea4323450acb83d2455a164e1bb03be80154831a5d256d42032c715bd4
989.jpg,train,989.jpg,790b652fabbd60a75227430672b0688e1cea661f08aadf288761b7d51b41252f
990.jpg,validation,990.jpg,76ad7b65baff71c0d75704c531d32c4ebb403ea5ad620f537e87475c694d42ee
991.jpg,train,991.jpg,8c7d9697ffacdf027dafbb3cf8e8445a4466f4b665861d7516118b7f994aa1b3
992.jpg,train,992.jpg,250be9ec8427e5130ed9e4e79ecf6cd39e8dad2c447fa4e405a97ea334181681
993.jpg,validation,993.jpg,8a6c34bcba8f9ead279996164a555020db86760f95a024aba7e1a5f45524dfdd
994.jpg,train,994.jpg,ac2714a20645250e77be91b27a2b50772007846b8bbd554473d5d2e297b3f0c4
995.jpg,train,995.jpg,cdfdbeed3f0241c009e14b111a2da18acb5c4e6427714ed1a8f94bec4fc40c52
996.jpg,train,996.jpg,f4cc5fed4e0897916be304f3087a02be81da26e72af09deff30134eebc0f0c15
997.jpg,validation,997.jpg,cb0db77cd38eeb23c63a284bd1010db20a8f227a52553c593291d4acc07fa877
998.jpg,train,998.jpg,9acb0252a51f9818976f8f98076c60a15082c65427862bb936e945e103a9d35d
999.jpg,train,999.jpg,68ea1849b9fd8b505a8a74fa024c573ed397a1ac12224074b84126a9432990a2
1000.jpg,train,1000.jpg,e096919774a8c5553aca07324f11ac0b3301f058872244e7c7cd599453ba0170
1001.jpg,validation,1001.jpg,9b3da5bafe6aac2d00b3b1818e32077f0960f2b25027439fb1277e89ab3cb102
1002.jpg,validation,1002.jpg,81f139f8e94d9ac0c3625fa3e85ef1cabc347c919c87032b475107d47be048aa
1003.jpg,train,1003.jpg,83358a61b937c3f220891b67238f3c1e27972647c5ccaf7a7c1fb24c29689fca
1004.jpg,train,1004.jpg,334be3974ebbd236bd72bfa67263ddc91139d7287b323e932654f080468eedfa
1005.jpg,validation,1005.jpg,890c6e254d4b231598b1f6804813620d7ce131facd013475f07cd9bb33a75ffa
1006.jpg,train,1006.jpg,b6e6cfd43949b2cade0ab7ed3da545481c1634405b269c6508bdc5338d0128e3
1007.jpg,validation,1007.jpg,309ef1d394b7eec5d041b29e8e74335526b808358311f8aa3f2ca5863dec7b0a
1008.jpg,train,1008.jpg,54aaf7b7216b13aadb976bf6a881f4dc57773e11ece25653e7d5c3bd50a102a2
1009.jpg,train,1009.jpg,7548aa9ab818783ad996feea891456ba18d281d59abc5138d50084a47fcbd8ca
1010.jpg,train,1010.jpg,cbf835d13e29d4bb17f5dedb063244bf137c11c1dcce6401efe3372afcd598fd
1011.jpg,train,1011.jpg,544c5de2c74282e6bd258a8f6b366530710d401290b3f1a4744e5e64e53ed603
1012.jpg,train,1012.jpg,d8b53379074cd6532147510ecd5c84d541dd86e9285d8fd599543417d9ff08dd
1013.jpg,train,1013.jpg,973736104ee58860c6399d112a4d3895fc696603952087c8f839693c68d69a4b
1014.jpg,train,1014.jpg,5785e866fdd8b7ea96ca00d6586cd81fdb5ed54230934c812ac146954c6af703
1015.jpg,train,1015.jpg,3367292d33ab65591ce5838c30c54e848ac6177696cf4d8309dfd61805895fd1
1016.jpg,validation,1016.jpg,7ffd3a003b4ec843c7c3ce1c42adf27dc72a6a8d7ce1d9a829e9080d9486390c
1017.jpg,train,1017.jpg,7688fa47f53e82f14f265eef559a4b307fcc72bdeab881316ddb4b76d5be2838
1018.jpg,validation,1018.jpg,fd0c16179f48d75ed147018d1e692ec9fb3051243db168356a0b09ed580090b8
1019.jpg,train,1019.jpg,e1ae7abb2b6823297e7f71b492d0f307bcbc442d8f70b1d7e8a51399d84f3354
1020.jpg,validation,1020.jpg,32ea7544ab706406727968565b159bb7168edeb5e57ab0effd199a8fcc1d8e57
1021.jpg,train,1021.jpg,0b81ab7531af377eb9e84ceba031a33d6a2f2a5f2695c35102c8c9827597c3de
1022.jpg,train,1022.jpg,0fa846441ce69feb654d440a0344d6ba93846d663cfb1b9e01a09377eb12d2cd
1023.jpg,validation,1023.jpg,ef3a6d2fe8dcb1863658ee0ee673333c3eeb4905e485fcbec40442c485933c80
1024.jpg,train,1024.jpg,95b1ca68a6ab2f276534b8dd4f5265b1da84190cdf6fd01e171182a76e309271
1025.jpg,train,1025.jpg,53ca38e3e7e73355ae2da1df60245877f06fd2c1622f6fdad30a5b3b689b5945
1026.jpg,train,1026.jpg,370ec39c6756b3ffe558a608a1d41a0663c202a33a30eee9ef222d1007f46270
1027.jpg,validation,1027.jpg,e0b4b9d28299fd494a33e0a75fe7f994a5006c609a468fd6fb5fead0c873149c
1028.jpg,train,1028.jpg,5a225b0b62f40bab478cf2c3b292b6bde53f951c2e49bf9b1ebccea8dd092d54
1029.jpg,train,1029.jpg,8805315a4e26a2591d172576cbd95db481c61b049de9939b9847a7052041e572
1030.jpg,train,1030.jpg,2c9ab80d10fc020c50e5aaa28cb380749344ec0d403a50f0eb5b0a42a5c08ed6
1031.jpg,train,1031.jpg,a9e43774d7598acaa22e12f4ba98f5a8c0cd5c73f3cb645e6382221a7fc0e841
1032.jpg,train,1032.jpg,c43e8d7dab92abb742e9dbefd09193a38a9908652db244b2745e07ed4a96c5d8
1033.jpg,train,1033.jpg,65337790577d04f6a2c19955828dbc807d04fd8815b7e6a09424f4b334a66c7f
1034.jpg,train,1034.jpg,59c02e4539f28886b1fad45692d52ed7cf1bf91e0c75bd74da39522f720f4066
1035.jpg,train,1035.jpg,80745dc778145976e36fae143069363cce1bb6cfdb142522b19c1b0ae314fa0d
1036.jpg,train,1036.jpg,9adb559eba8640675c0034c0f33023189ec50b81a647c9845aa90898244e8f3d
1037.jpg,train,1037.jpg,49b0177bb4399bc93309eaa0d6d99b85f8d5f26df4fa064f2fca191f78ef8241
1038.jpg,train,1038.jpg,5df79817ccfc3455a86628952bccee12fb9e50bfd006a007a51e2a46284b3700
1039.jpg,train,1039.jpg,3b9b720e5b3882abf301cdf7b56705efe9d0cb442e65c3401f5a7531c4ac2b68
1040.jpg,train,1040.jpg,524b7b9a8dbf36a9b1fd90b8d13122056602f8ae8d880ac27135e8db9c1d4d44
1041.jpg,train,1041.jpg,b5ad4317e01975b5f44043834d490b563c70df3be6ea9cc90ff8916dce0542b7
1042.jpg,train,1042.jpg,88f342ce5901c54d5a1a54134f23821a30357439950f81826e59cf3c94905e9f
1043.jpg,validation,1043.jpg,753352b7a1b5f2aa7f021ca703242987d39a68a049c0d762f99749850fe51c2a
1044.jpg,train,1044.jpg,1135505a449fe1641faa2bae1f2c7ae63b3cb006a92c8806c399810bd941b33f
1045.jpg,train,1045.jpg,1f6441d1483b685dec6482180cee940af611db5a4e7bbecbbfc804eb02fc4691
1046.jpg,validation,1046.jpg,a9591a715c001bc0601b2920290832f3efc6ef256e6cbfa88d035fdf02dc238a
1047.jpg,train,1047.jpg,4dfa54fe19cc7c049010e1c2650ba5d1fb6e4c0d786fd910ea988714cfcb541f
1048.jpg,train,1048.jpg,42ca792845ec58440937627206dae6f2c0ad94a69dd919e587e2a51901da18c6
1049.jpg,train,1049.jpg,27535b677974b19a87a1564e99c5bc18d48faead415729cb27bef4120eddf077
1050.jpg,train,1050.jpg,fe4afc3be39395b1d7d31a03cabcc7ad90d4ea6776ca8a21cbca41b993fbb466
1051.jpg,train,1051.jpg,11551528e2e2a94d3e6c409eb2708fd5ea38ff91d127dde13e3469e879127c85
1052.jpg,train,1052.jpg,31f4ef289747048b1bb9bcb77d51d7d55895846f864a62398e9bf7219cdecf2d
1053.jpg,validation,1053.jpg,5b6c1efcc88ee4d003f1a69071b3e8faa67269b5b191da579c29cfdd71590aa8
1054.jpg,validation,1054.jpg,e4ec7ce35f7192ab874deb77174b7e72f236abaa7c070569b317925d0e245926
1055.jpg,validation,1055.jpg,ead7237045b1c4ff044c9b1ab1b8613b7a1d10414655ee46253ca7ec763bd199
1056.jpg,train,1056.jpg,97d1fec1a44b117c41534bcdd72e5575373773a037406785e7e076a6d450e33d
1057.jpg,train,1057.jpg,7b8a652451024035640143afca3f1032e9d16aa0f81115b59a3e72a05414e287
1058.jpg,train,1058.jpg,7b7b012d287ad80648a7fb524f3c350a1fb5f81ab9c78ceff0fda136fa60544e
1059.jpg,train,1059.jpg,fbefaafd70891321f8191b1382221c27e7d64353add1e9c1e1a256426f0ce21f
1060.jpg,train,1060.jpg,3617c8302e6e634912e368a7ee620867aedcab2776ef5a2bff369b234dcfca13
1061.jpg,validation,1061.jpg,366af603d11514e6cebd32d5cdb4aa57c8521af980ce2c4977dadcebfa4752ff
1062.jpg,train,1062.jpg,eab49b9d24e4c38206f42130f752e9dbe882c4ec1b578ebcfa4ed488b9618287
1063.jpg,validation,1063.jpg,2964cd2408558e3291a997ef612da5890c2c52d181ee047eb343019942fa074d
1064.jpg,train,1064.jpg,88868f347a19d846ee4bd3abf189a3095a96fd63b7aa75fb165b18ee612f5a1e
1065.jpg,train,1065.jpg,3b934ad6ba0b9746b1c4c9a52287bc4f8c208486b143b341d21f433a8492b462
1066.jpg,train,1066.jpg,8e0c81040147c6b11b95acd8bf544a846db957793fb0a60760ab8c9c12d46c14
1067.jpg,train,1067.jpg,e5c323133fe9c8a478675e749a21bfefe409f2ee25183149d439fe7ab42dcc2d
1068.jpg,train,1068.jpg,7b4e301352153b0b65deaeef0dd29bab2d783c2c89aeeb6c7aa5a55b7dcf688e
1069.jpg,train,1069.jpg,5f981680cb19414d77cd9b28e52060a914014b79c89e83669066c35cb813019f
1070.jpg,train,1070.jpg,4ecc1f9d4829eac5e84ee4fa8ae8584f6ea838e3711c7b2ca74931ce705e9bb2
1071.jpg,train,1071.jpg,5e7698c58e650fb38e5b5d93de6cd2a9a081ac99f39917ffccbe131889a69546
1072.jpg,train,1072.jpg,76f9cb9d035436f3c0520e976ecf4d91e3ec48475298d605cece622daa8206a6
1073.jpg,validation,1073.jpg,9cc561e2cbe7093b944ba4e75f8717986797b6c0f99cf01c0a127896a930a414
1074.jpg,train,1074.jpg,df34a8aa13c496a6f05923aeb4873b0c11a365c232810d091a26db721fb0843d
1075.jpg,train,1075.jpg,3c74db3ef6f1a9d560607d7a0371b6528184c01e489b006b0085a0f05dcb016e
1076.jpg,validation,1076.jpg,6980b37afbb3174f2c85432810d52197cdb6dc724609562072d2b33ae2968955
1077.jpg,train,1077.jpg,18342f8a0796f18d8edf1c1f86d3a1f68d68cac25a7b8191e034f25d806e7742
1078.jpg,train,1078.jpg,77eecc679b30761c2ab217b9e8b410678de2967e73f1b564febee4eccbe93df9
1079.jpg,train,1079.jpg,1e7c1e20abff3b6940b919f70e81d50a3b9cb01335b3b938a7c5fb0474f3ae3f
1080.jpg,validation,1080.jpg,0d55e7709fbf52d4a36379ace6d1df109675a5b35640795f1f3c416d243af537
1081.jpg,train,1081.jpg,55235e7e060afb721002e25b1409fbbe855dba815a6afe3d464666dec8442207
1082.jpg,validation,1082.jpg,53607ed2305aeb880542651192925538c67167b3b412635105fb583e83879fca
1083.jpg,train,1083.jpg,d362bdf1c4830160b099d2b0ee9c5872c551e273b2687fc66e5242370b5decef
1084.jpg,train,1084.jpg,bac77a45366ed2942ca9f4bb401c613cb16dfc15965fe3cfc4239ffd59799413
1085.jpg,validation,1085.jpg,d0247662dcd8c42d2447709af726a65589e55110422f9a88ef4162d940cbf56c
1086.jpg,train,1086.jpg,a51ac784297330edb4f8500fb0ee938f22e0a555928e1f4f71caf8892a05e2a4
1087.jpg,train,1087.jpg,d331f9a79a8d59f9ea705183bc6742981bf1c4bfa7a812795e15b976ccd09c84
1088.jpg,train,1088.jpg,3c547164602764961238ba9cafa6737b940a008d69d73acfd52330d43778db29
1089.jpg,train,1089.jpg,89f1deff749611ff0b9d0c450176522205b5fec78253138c8c767188abac63c7
1090.jpg,train,1090.jpg,79317c7c803157bcc21bc79f3068aab1f160eafd47f4e24b6a267410dd243d99
1091.jpg,train,1091.jpg,99c67df4869b3ef471ce87e767df209b1dcf364087f3da22a374db9b0cc5aab0
1092.jpg,train,1092.jpg,999e54ed2f2b61a1337c60f3b2e399e03274877a0039b9bce9889168bad5ae28
1093.jpg,train,1093.jpg,2c1d75a6b4d7dd8774369b8ed730cd312fe07c06309451e532be8c5feed3accb
1094.jpg,train,1094.jpg,adbdf3a0163feda80aae41d67c912c158f8d13ff4bb0c12e8b5bda5de54cf093
1095.jpg,train,1095.jpg,db7887420461ad27a9dc44f4cb2313eb7261938b338b18942e38b8d503e72952
1096.jpg,train,1096.jpg,6d001ecae18b54e709368460483750ad9de0d3767af36dfccad342c786046547
1097.jpg,train,1097.jpg,555a7d762e6f1e36baf6f633464d023052b68a75b871db0ef42802774bd18057
1098.jpg,train,1098.jpg,d366f194025b52d7eb1beec9792e6cf0bf63cd872b6098284cfe4f80804b2348
1099.jpg,train,1099.jpg,99d964124b4cbb774c024391200a81a1385ecc40402e5e6fa587c74d3fc1cab8
1100.jpg,train,1100.jpg,d1759cc8cb5cbf820ca0cd99f89e02e27df865ac2e83032a742308c9084ec5f3
1101.jpg,train,1101.jpg,dbe94b4f0769570481bf620388ecb3637a3f87d412a79e7bc99df3b2d7ecf8c1
1102.jpg,train,1102.jpg,c1a3e80d431cfa88e7ef6bc9d25c4f86f90caeab911efb2ddd7c3c944555d0ad
1103.jpg,train,1103.jpg,47364a3c341dbcff8e9d11d957165309edca28c8c79ddfa5ff726259743d30c4
1104.jpg,train,1104.jpg,e6896b341e1fb49e69751ad658703a2d070b667b65676f77ea9603e99130f696
1105.jpg,train,1105.jpg,e214e0b5b5360dc12cf0efa4617d36741ebe1566094dca3142e745932890b59a
1106.jpg,validation,1106.jpg,d34b36337b417febc0575d3fdfe0fbc3f3c4d425e3c531c46b4c90550aae7b4c
1107.jpg,train,1107.jpg,2ebe44ba9164b73aba2cb0644cc6ac36b60072f1cffae4a4e2f7bd7f9c7be29f
1108.jpg,train,1108.jpg,3f2ec2778dc9ecb133dc0c8d9fb1edfa054ffaeaa0b8d612f37b6c814035808a
1109.jpg,train,1109.jpg,b5bcd3ecaa0664c121dbf30ed842e52b7d951b48b63db7aa7e8a054918a8e6cf
1110.jpg,train,1110.jpg,9462b90351cfda4e61766c068a6686729fb17a8566e278969c010ec52bba15ff
1111.jpg,train,1111.jpg,b83630e38992472ca16f35b3087fe687fba738407d624ec2c53d2f846c580862
1112.jpg,train,1112.jpg,7a7aafbecba41bfa546b679ff7c166af9a98f8a3fac36f56961ac932970b0365
1113.jpg,train,1113.jpg,f310553e21e347f855214bf23b00a95ab2c79d73d07f8412fbbb2f393b33b4a2
1114.jpg,train,1114.jpg,97393e54e56258d897bab9fade1c043c020710026ce515583d3b22f39a0fa227
1115.jpg,validation,1115.jpg,996b4b2de259371f8eca3859089e431fcac7f79d693d046d52bd988c31369fbc
1116.jpg,train,1116.jpg,c9a07b8302f671e57a12ec066edd77b9827b4a5c36fccb18c83e61e2e682b9b8
1117.jpg,train,1117.jpg,adec6faa5dfbb777111880087e6b702d6322ca85a5a998d1f0477be58fa39699
1118.jpg,train,1118.jpg,5df2c9f536c43fb8b7529c3c1f51c62379b85c7d58a1f62796c35320e6a8c378
1119.jpg,train,1119.jpg,ff2e7a46218f36669d8a8cb24f8807680849c44dd5c63f74c7ab988522d8ec37
1120.jpg,train,1120.jpg,c8beccc2c7a19564c24f027517911c6fedab3aab612bb4704fa18a97be2e1e33
1121.jpg,train,1121.jpg,9aed5c03f9504c6e0c43bb3338e68f1494b25e8d75f1463e6c39eafea70b2e8e
1122.jpg,train,1122.jpg,366913740cf9ed97bd549d6e9f69c8b4c8e5c5cbf3f275c852ab4128e2120fb1
1123.jpg,train,1123.jpg,3e661b767de975f6a5c3f655a90f554bb6b7d78ca18280d47618f47a6ebb8c28
1124.jpg,train,1124.jpg,5c7faeb21435a4004d032784c6e53c48f8e4583a3cc12a4b51261f0256e0074e
1125.jpg,train,1125.jpg,f19584e05c98ad7e6e6a73fa1c4cdfe083e46b986d1cfda02fff1c711daf3a81
1126.jpg,train,1126.jpg,84b6523304bbdef5c3b801aee78a4a156e17a7e2fcc63b161113fe1fbce98314
1127.jpg,train,1127.jpg,3cdf295f576973564b74c3d1c6d4afafb9b1786cacc953959dc1670f22391c5c
1128.jpg,train,1128.jpg,01a967dca353cbc838389195c9067a533e9517803c8ed4cf95afb1a0f968ecbf
1129.jpg,train,1129.jpg,38a320790de22d114bc28e7566b195272ccf7372ab349aeee31a24bc2bdb6d45
1130.jpg,validation,1130.jpg,9e76aa85aceed5451cbc099d7421448e0f97bfcba01800a42f49a6c5aa3cdeeb
1131.jpg,train,1131.jpg,3b459f0401b423112fcea6791cd13af05858d5447e27fb6b70977c6376d6fcec
1132.jpg,train,1132.jpg,74134a61273df9779ff350cde4cbeeec36579fdbb8c46b88f37972e6d87cc6e7
1133.jpg,validation,1133.jpg,ef886c1adbf84f95b9cb1b64939581d0a3202123294bb0eda12aa29de0bbaca5
1134.jpg,train,1134.jpg,256117884cb5a73c74343b08c8e7b9135fd75e6cdf524fb06d967b4143c289f3
1135.jpg,train,1135.jpg,db9681203f74c8852ef672e7c49f697a82206a0540078b108afa016806ff01ad
1136.jpg,train,1136.jpg,8bb67a6bbd060738bb0b1f45bebd7f7097ce7ca44db8cc35664cfa72783eddd3
1137.jpg,train,1137.jpg,bb4fde5d9ec0ac6d881275045b538c36c1515581a137bb51a0ccfd1a8e0ddc5a
1138.jpg,train,1138.jpg,542d4c705782eb2eae7a07c21c9811316e06a67da2752f25749c8c73e26f7a2b
1139.jpg,train,1139.jpg,a655d4a68fa915ba524ae3bb72da15a2863f1195a1552dabd58ab24df6f979a8
1140.jpg,train,1140.jpg,abb1177323db110d8a89d2df5c9100b6952900b17fa532d3b1ac8ec200dfea56
1141.jpg,validation,1141.jpg,c47875ac32bbe5353bfef6f4932798c8545e1037ff4bd2dd24e6ab9f1a2bb882
1142.jpg,train,1142.jpg,900a25ccfae3cb6d4909c671894ed426c4a80e0f0eb8059128a3be66d43b31aa
1143.jpg,train,1143.jpg,7c9b1e565c301da8a5b7cd5d9a18e361471bc9527b908369eaa18c6bf597e3da
1144.jpg,train,1144.jpg,66dd3d75d954833c9369cc54720479593865ce4b1f677d68cfd1dee6f92fde55
1145.jpg,train,1145.jpg,1b43fd13ceeb871f6d3615fb5cbfc85b5912ca1c9f0bf6e14d14562200327261
1146.jpg,validation,1146.jpg,813ff58e94f44e2c616a0e76bd3227b90a0ca89f4afd7d2e8c9e0f0110004949
1147.jpg,train,1147.jpg,89fc7ce7db4367ef84e0ea05948877aa86b3faa66a6edd11e8bb94467626feac
1148.jpg,train,1148.jpg,9885f595fd61d184a3e28a44ef2a1e2972096ac4965d36776b6449f361f5cd78
1149.jpg,train,1149.jpg,8b78f08d8f30c2bcd4899546238d2b24c91336bf9c8a1fd337920cdcd3ee2a63
1150.jpg,validation,1150.jpg,ae58da34599393d147d0eb25ded82e2f2de2893c706e381b42b9c5ae765aafb3
1151.jpg,validation,1151.jpg,d74ecacb5fe26b77c376dcad8524de69eb9548afb0ef380e0ace5b53e7ed7798
1152.jpg,train,1152.jpg,be842489f0c1f3e6b32cf4e87ce6478cc0a1cc0463988c805bde8d490457cee1
1153.jpg,train,1153.jpg,07bd1340e81bc3a6e16d57c7d1226e895d071bcaf9faade0dc076d6b568998e7
1154.jpg,train,1154.jpg,8c61a7a1790c974261e8867bb1e20454161e1085e6d0acc80f27cb3231ed9e5c
1155.jpg,train,1155.jpg,17fb3f04b397ecd176854317b611c806be0555d16ebe53a2252c2ed99ee3f1ce
1156.jpg,validation,1156.jpg,a3b8b6804f0dc889b490e50ee4489fadf0d2b1a1c69a34a0eacbb81f235d88df
1157.jpg,train,1157.jpg,2ff9db8b9c43ecaaaf13b83f85e4c5c09c3b1c17679d6da15816c4aa0f335ba6
1158.jpg,train,1158.jpg,fcaf980559b604cf823b939ea4b5ee7651fd1d0ceac6b0bf188d31ad13c30bd7
1159.jpg,train,1159.jpg,a6125fb14d4449ed9069966a83e4b960311b3939c02300485dfd720c75cf842a
1160.jpg,validation,1160.jpg,38b9a03acb5125b27e08721e0dc69b198ffcf88f6bd7ee9c8193ffe99a972a01
1161.jpg,train,1161.jpg,a2896333432c16950349882a5dce3ea8056f79f84ea34072ebba49b69a1dff65
1162.jpg,train,1162.jpg,463e00d03fd8161f00e499b772014495362d0863cb77585daa7b493fa33bebc5
1163.jpg,validation,1163.jpg,1de81dd6025528728a9aea1beab3f2f245a9868beceef0e8881b2237749e1ecd
1164.jpg,validation,1164.jpg,76de1e38395aaaeca185bf300626d6961807f4ffd8488d45bc7d81a3a77f9435
1165.jpg,train,1165.jpg,4b88c9ae8ef45f9be7f5041fdea6eebe459dbc0133643842861a7c5a2e1ad4e2
1166.jpg,train,1166.jpg,c623ae4ec499705fd9843b33b32a91d0c65a9f59fd1ef2d7c2104c526fcec5f9
1167.jpg,train,1167.jpg,8d58122c1986027dbdd52ee8aadcbe90385e00154d55151a456f27d07b9b49b4
1168.jpg,train,1168.jpg,683c4cd5f9eea012ccc54e74fcd67d6361153b3b067a7282007f994961e9c75f
1169.jpg,train,1169.jpg,88d31831622ff088b93dfab4648122e5a6b11a1847b76cadb2231acab5dde24a
1170.jpg,train,1170.jpg,107ec2033f935a26eb355500141763017274d20fa7879e6f4b5806c4f59453e4
1171.jpg,train,1171.jpg,c9773dd0b0a7ed08ad901f1ae17eacc5e5d6102eb80f7f3a0205a39dd1f911db
1172.jpg,train,1172.jpg,c09dd4820ee4ea2953005d8cf69ff89050bfb185d6a145fe4d80e4c534cdfbff
1173.jpg,train,1173.jpg,46a29a93ad2741c5ca5708f03003d8512a281d3a97e24d6ec64d33693440d029
1174.jpg,train,1174.jpg,7b5358322093e514b7c73f89339a2073f61d7319407a269ea25ac2ad5fdcf4a9
1175.jpg,validation,1175.jpg,46e9b4db96fd7d5795120b395d88ed592aaf56d8ecb677231bf4ab6887e3caee
1176.jpg,train,1176.jpg,1fe2da2ae3dfc5338fad56c5533db6ba14e02b3c6fccc3819e16b40dcd07722a
1177.jpg,train,1177.jpg,684bc1ce5856ed0b50b70249ec39d51711565a8914119b858155ee0ec5ecf6ca
1178.jpg,train,1178.jpg,739d7c82b8b8272f5a62334ee9a4d1ba0f15735e4e96e0858d754e172af7bf1c
1179.jpg,validation,1179.jpg,d3831ff4eafda7de5d68334c6a2d1a2be4e73d2ab99c95d09c513a1085484acb
1180.jpg,train,1180.jpg,0095c6113d151d2a3b0e4e215f64867cd073d8f4d4f2aca201725eca3a72e2ca
1181.jpg,train,1181.jpg,dac2e1f17be34d645a17749e829062887e6ee890f13991cb4cdb344b3fbb21b1
1182.jpg,train,1182.jpg,c16fffa507ea3530a99d6f04028570af70e078dcb432163f8bd842f93c700cae
1183.jpg,train,1183.jpg,f976661fc80a8dabaffa61fa9d396c108ff28576447caa409d39031c491fd039
1184.jpg,train,1184.jpg,66afb59126562c2e507e63dbbcb23e5ad1e448a1f44c036a401392da110c84b7
1185.jpg,train,1185.jpg,7092854bc56d8834d7ff27cbc259ad2c386a00b5ce48be1e1500d1cde9a7503b
1186.jpg,train,1186.jpg,0fb361d75a457562a92893405aba92fb5d0f925dbc3b219eda51eda6710530b0
1187.jpg,train,1187.jpg,ab404b55798455d01d4a80c7fe45ea90b938038a01b42babc092916e47330a49
1188.jpg,train,1188.jpg,eac2d23f40bfc4d358d3fa22d817190f4a091db527241943b36e397d0df7b1ff
1189.jpg,train,1189.jpg,b03f7f3310b6b74f1fbb77d26cc0ff640bad59ce5bdb7e8271588efe1f12b803
1190.jpg,train,1190.jpg,4140a150c7dc041d1b21eac87c755ae8b73641d296faa2396582062c90f34570
1191.jpg,train,1191.jpg,cab0d0938d0d7fc9cc620b3692eb19db62eb6519d2fdaecbb178d64336409a9d
1192.jpg,train,1192.jpg,2a48e7d367a73074abe7166ed5412cbe456dc8c7c484fe7cc694e34169842471
1193.jpg,validation,1193.jpg,e551644653d545860d004acf921cfe8aa1e149994e0f13b07a31e3792c430776
1194.jpg,validation,1194.jpg,c430b363762129ab89ac08c10a31d7c426c239f013b7343238eced0ef8122b6d
1195.jpg,train,1195.jpg,5e49fabea98363c14f4efd0db5e24dee739648922995a6d6975d1300603dc9c6
1196.jpg,train,1196.jpg,5ec51ef8195b75b055e9ee43cc6f982c68263ef8c0bf344f07fdeb1935f2d2dc
1197.jpg,validation,1197.jpg,193f6dc64c322fd31124f997ce0e77969a14987057999c52d2cbb942e0d9825a
1198.jpg,train,1198.jpg,4f46a499eea8252e6e9aab5f438b127fb914b04c4d4a290498c8607e9c9b0f4e
1199.jpg,validation,1199.jpg,a426352db8403610c7b7e6d9248f2910fcf6571ed4b1dbdbaf851b1425a24108
1200.jpg,train,1200.jpg,0b7f1649f72f0e74353bba5b0b9dfe47353aeab154f687b0811dff9b654cb73d
1201.jpg,train,1201.jpg,b50a4e4ea09a6b0028db85fa79e4ea5610dcd3463236411539ad627478fc6e18
1202.jpg,train,1202.jpg,4dddf888da4ef5fd87d4d5ce209401b7cb927e19d413d795d2c7f8915b28661e
1203.jpg,train,1203.jpg,d5b2314e67cc4ac6ef82e8bf497174bb9f9df352c286d058a00134950d45efdf
1204.jpg,train,1204.jpg,e5b7f6efe83817db6db113f6840faf05afded6c6ab9e7c156458abdaf8c5901a
1205.jpg,train,1205.jpg,9ee8a48704d4e1ff7f1d2f412925695063310bf6ff58fc302083291703b5e82a
1206.jpg,train,1206.jpg,e2e285805a9423cd2581f2d90cf7b0ee114ae39bf5f6ca695787138541ac3128
1207.jpg,train,1207.jpg,da086ee4a6062a31e456c0a9ebdc52065233ab742c758afffc4b009915f4529b
1208.jpg,validation,1208.jpg,3205356c8c024fd8b48c5e7c358b0f26cbefb6ea10f1ba53762a1df74b390467
1209.jpg,train,1209.jpg,af7e6f88617ae85bd176b87d152db065bf9e08da4fb123fb80029a08ffb0701c
1210.jpg,train,1210.jpg,69b6722421e22d99eab477e5f9f5cd0bdb13b08219758e9ef5d90b14e83e87fd
1211.jpg,train,1211.jpg,0708b7c254e55a6019e69070b2665d2cf43453a6a4732dadfd3821ffb44baa70
1212.jpg,validation,1212.jpg,bd39e22f496db18c52742f37f55df67f628bb05d0dcde7aa5852168c4ef5fb77
1213.jpg,train,1213.jpg,be043a29bbd371dc181cd2ff1c28dccb6a500fcb08cc60bfe84bf97c8db37658
1214.jpg,validation,1214.jpg,4108f0fb949afa471983a3f74aaf5649e06e80b907737d24cac199468d81fe66
1215.jpg,train,1215.jpg,6bb9b90e9b1cc7cb5f483096f2f80296a4fb73a67d58c7f98cfbe89fb067a6e8
1216.jpg,train,1216.jpg,3e7e6bf25acb6098ad9b2782d0ba459a4ab4dcb3c7329184066c960404be88b3
1217.jpg,train,1217.jpg,4f2f1c6f2c7cbab437997b02c812da8f6243fb7a607b2c45a6b944e2377e4bcd
1218.jpg,train,1218.jpg,174f510e9f082e5bb6e1cff6de68f20e8be6e1e70d8f85599aed755bc9126f68
1219.jpg,train,1219.jpg,30f57ae7d7bc9a467527d13110597b1ee5f9b61049ab85f723661d5033a956c8
1220.jpg,train,1220.jpg,5947d2b20eecab53e2c5c99086899946f3a5c1557b17b636619d7f7931dcb931
1221.jpg,train,1221.jpg,9f4d1bcc35db8c91d1a40181bc620a0084acbdfceabf568b9fa05d1b45c8570b
1222.jpg,train,1222.jpg,b657dd9d6cfa223ec68c0294db6ac17185b5cc0c835ba43c2a3199c8c190237f
1223.jpg,validation,1223.jpg,17240d1952c5a7d7f3bd0390685e9f16906899bf1bac53f09385ae31f709f437
1224.jpg,train,1224.jpg,94d609d68769d6aaf088a709a8e7d2535796625c0137d372482077c7c9a5213b
1225.jpg,train,1225.jpg,feb10b1d06e0dfeac989bf2eb0cf74a14207ab6c3b0f657f52869c07d2c11ad6
1226.jpg,validation,1226.jpg,9449573956cd3ecf1cff830e4fa1e33682d5c5380353130bce6ef08f34e504ee
1227.jpg,validation,1227.jpg,467fa6abebcb497f8f9f25e58866b18d77cb7fe3f815f3315f04289b6259a7b9
1228.jpg,train,1228.jpg,d1ec8c054bddeb13c214226f86d63818700f679f7e92f26cbb319a01ba3e0ca8
1229.jpg,validation,1229.jpg,e20030bd81b1d9d6131e53dc83577df6732a229e9d6e94b8f43aed96956710f0
1230.jpg,train,1230.jpg,edfe03a353e66df1b441ebbce5828b1dee1403a32bddba1b9c0e2cc3ba813f66
1231.jpg,train,1231.jpg,251e46f2453a07779095e806af77c56e922e5fa3941264503f47adbc918aff38
1232.jpg,train,1232.jpg,18de3004056950a76cec3bc5a64abc21f25474a0ba8467d7a4bcbcdb0f3f3d59
1233.jpg,validation,1233.jpg,89587696fdc4b02157211b972d49d693709102b26287259e87d85ff5abc160cb
1234.jpg,validation,1234.jpg,fc5862fa0a825bfa755dac2d53af8691a423758a9e3d91dff48bbb67ebe89ced
1235.jpg,train,1235.jpg,af4912b46dff2651ed24d2a43c2f9deadfd0fec716dd1375c50dbcce3d893b38
1236.jpg,train,1236.jpg,6002c4fe4ca8a1fb64746835e1cc20103bc980a61b4533425aa3014e66712448
1237.jpg,train,1237.jpg,d6cd5cb25b8617d46e79649252e20c9bf5edaa4f43582c8f1f21372cbc979c87
1238.jpg,train,1238.jpg,ecc693a219a733e648940be03d2a2d64d9f3a8bd562463b07dd73fb384e40bc8
1239.jpg,train,1239.jpg,56160a9b39c377e71ea0b4bfb4f1df26977758031c99e21f4b12d8e2335d9f42
1240.jpg,train,1240.jpg,748e7c1c95f97454df97da9a46b49bff8664eb1dc1ad008f389bcd368f628b21
1241.jpg,validation,1241.jpg,8a538964c7e318ad3ac17bc372518e6ed9b00a2ad9e424faf9b3695913078761
1242.jpg,validation,1242.jpg,3850db5a4be3fc05e836ba375f79a05fa0609b48a52faa06cf7038353fc9a453
1243.jpg,train,1243.jpg,5fe66ff16649da33630e7cbf231b980d0a3c0e3feeaa5aacbdfd08a7934b6088
1244.jpg,train,1244.jpg,fcef9c926cc6ac175f0a9974d348f524dff161989ff780b41c2e51cd4a559beb
1245.jpg,validation,1245.jpg,1474cc42ed1fa351bc36a86a68e6a679107dac0c40a3663e9baf06a885f0f653
1246.jpg,train,1246.jpg,72baaed9fa292a49a16a6cda2178bdaeca1c82ed10be9a8624639f1e910e9fa2
1247.jpg,train,1247.jpg,f65950c1d17db0b2ca7ace4811ba7631002303c21e7926680b44241c856d4a48
1248.jpg,train,1248.jpg,28e2d0417382f528a458c592778f586360110bd438b5b3315668c8243bb17c67
1249.jpg,train,1249.jpg,5d1fa9c5e530264b25b734cc7173eda549bbf93d91cc5e709757684bc5d0f357
1250.jpg,train,1250.jpg,6cf8076b65dea24414679ced9b3bfe5e76b41da208c06b6167a816b0e6dfe0e2
1251.jpg,train,1251.jpg,e9488ce54627061e404b71576b76bb25272cd45d4bbfd621451e9a32b2413a2c
1252.jpg,validation,1252.jpg,6b216b5fa3e46c38c5e51b118b565e054f55fb049fcf41b02add58073addc581
1253.jpg,train,1253.jpg,9cca211ca216eb854bbc464c94b7cb8ea0a96fd2f00a1aab5e8a0015753a08ea
1254.jpg,train,1254.jpg,24f2eed924f9f93cc5b040e2f72444c13e1c17172ebf9d407d8f0b994b7f2984
1255.jpg,train,1255.jpg,54cd517c592381147c5d67811eea5d7bec95b88d706a1da9d99d6481e564c0ca
1256.jpg,train,1256.jpg,03472f7f5347afab5cf2ec8290133e45902be7065b9a9e12e016356e17d38e5a
1257.jpg,validation,1257.jpg,9bd7386b58db5901282b1a3a38cac40beaa24dc7023dc3ce2537c34bf91eccc1
1258.jpg,train,1258.jpg,678563bf1e3f6aa0f7d98a8303ba657a42a0fdd3a345f3a50464488fcb882c79
1259.jpg,validation,1259.jpg,e2cfdf4dd6c31dfb64edac330f45cdd89395a2947eb7537d4d6d7f80266ac6df
1260.jpg,train,1260.jpg,b7c810cf2b553859e5416758b1e226ce9d96f87e0ef6743c9446ed467c7c3814
1261.jpg,train,1261.jpg,d399416248fb261e866c2c6271f2101756f96029e87b6311220df5eb04cc569f
1262.jpg,train,1262.jpg,33e72582914fcf6b7441889c90b41ed599b0917874b1ee1946a4605c0595177b
1263.jpg,train,1263.jpg,93389062b2cbb7e6cd38750fba60f7b943b15e84c6bc61b7d4ae2a9aad849e77
1264.jpg,train,1264.jpg,590fe23f0880b7dc74ca1b4fa9a8fe29469e3e7000f4c03d15eb3c9099e6b111
1265.jpg,validation,1265.jpg,0a0ceb292489b4ef1201c07923006234b0d887f1b0e066ca4cde9b18fa8a203c
1266.jpg,train,1266.jpg,2c5d54afce87dc042627b071c0210d3f9fe348beb0c40c5a1d4a193569bf3409
1267.jpg,train,1267.jpg,47c3836f7af51388a927213c7047814fb2f7d0904efebb200332cbeca0db68f2
1268.jpg,train,1268.jpg,6500a2778a1ad9a2a6adaf0224890209f594cbc070aa8bb8e2af062b27725e68
1269.jpg,train,1269.jpg,647318506185e74a0c4e67033a76d14b012010ced52215f4eb4a35425d7ae44b
1270.jpg,train,1270.jpg,b80082f086ffeade98e9458bcdb1fac00a0bd299d8a725f78534160273880cab
1271.jpg,train,1271.jpg,a41de3d706fbf9c4f03b04686b5bbbb53803459728c8ae35c94f35df8d9ab270
1272.jpg,train,1272.jpg,aa3fc1b431a0f6ed9370c6a40867ac5b68398946e4b95865882683d2588cc0a4
1273.jpg,train,1273.jpg,521f5d4dcdd8589beded9e848957b52f451203bcc09872f2fa32b4782c02e04a
1274.jpg,validation,1274.jpg,4daccb3a9197fc2756d88ff848604751c8976f9efca3d1ea89714fe1b5c5289f
1275.jpg,validation,1275.jpg,2980ac49464374778bc5d90657e0d5f30c82f542fce535490ebbdd968b5d044d
1276.jpg,validation,1276.jpg,c52d6a2174851b67cb6b643ce48783e6fbbd17242b76cc68a519b706f80b18e6
1277.jpg,train,1277.jpg,b80e5818f0b1447670db4838cb79b42df1b5df76970be8ff007fa1473c66df51
1278.jpg,validation,1278.jpg,9d0b47f55e7b991ea17e30d40e43bb855cbaac706721af1172f9c6bbdaa2709a
1279.jpg,train,1279.jpg,42332f7ce67b83a5fee542e1921f7d24f22db6fadb2490dfaf09b553d93008f7
1280.jpg,train,1280.jpg,467e4da7cb77d7eb28bc4c4634b0243211f9f73fe14c2f2222866c0488f12b2f
1281.jpg,train,1281.jpg,ce9709d87dd4d43e6b1ff93760d188abba9756b0f18bc2936646ab5eae98147b
1282.jpg,train,1282.jpg,ee7f53b25ff61ed19e7d51c36d4fe04f7bddafa0d68f9a32a2876c214110d8f7
1283.jpg,train,1283.jpg,0b397f6713806ada67c0333327ac5840e84ad86e82940567b2b336dd92a7d1f8
1284.jpg,train,1284.jpg,8dbd5e8a7a209f876e447ba486dcb8c65a0ccd36a901cfbf4b3856658922d1ae
1285.jpg,train,1285.jpg,f80b762b507cff0aba4b4def8e120fe03a191631a056c48df15b0baf0e727bb1
1286.jpg,train,1286.jpg,200e3cc5ed6b6b3781067e3b498326c76ef16e7a72b23d575db7386daf672161
1287.jpg,train,1287.jpg,b3b94f28709336cd2099e90fd93d1e4fa59004766fbb5930a882d739b293f176
1288.jpg,validation,1288.jpg,702eecd6fdee86cb2d3dbe314e180bedba9000ce1befb2d4f5dbab126f35405c
1289.jpg,train,1289.jpg,57158d18d470d26d7c5f70cf67ccee7892453009777dbabdc3e79dc9a6cf7ed8
1290.jpg,train,1290.jpg,10403b5c4c92dd0b2effefe69d58d56eb34ef29508dd14a7ea0c9dfd8c28d89e
1291.jpg,train,1291.jpg,f546ed861d3218468426dd6ed4c0d54f17c564f6754dfbcc68d6e5df512c2271
1292.jpg,validation,1292.jpg,70c50069dd8415b190028371adbb981ea8f5d5b91d3c12bf3153fe3b1359f65b
1293.jpg,train,1293.jpg,1071943a4e4d7db29603607513051c2c85b1cbc3aaa25d8de0f4fe76feb97495
1294.jpg,train,1294.jpg,da6b85719a22e308b4efe376505b435fb826c1c75cac2e08c36b3621a0eb8071
1295.jpg,train,1295.jpg,6232836389f5bc21c1eb32a60de886944399834297eb2152b76377a419647c9a
1296.jpg,train,1296.jpg,bba93681c24fecb4cc6bb015710d11b6b07d056025ac26a4dc4d6981d4ae9561
1297.jpg,validation,1297.jpg,9d1b9762be05e0f27a2656d7484dffd4d4033d177bd9218e9582ccbbaf3f9170
1298.jpg,train,1298.jpg,518b0c1b66eb9b8a1e5ab98f150b4596c433adb062bb7d94e70b59b5a1a52bf6
1299.jpg,train,1299.jpg,ec974fc01bae3156e0958a42c74f843302bea502ce6020dcf2f3c482056a9fcb
1300.jpg,train,1300.jpg,411329dbec3354717ec0dce202cadfe4b4fe0f8ff0f69089b9c36c951e74158a
1301.jpg,train,1301.jpg,3c00267a521b1c344e4fa14cbe24267e21c32b84463268fcac040b2be19bc690
1302.jpg,train,1302.jpg,54bdd4ab7cda421e58b749cd4ca4773790595fc01a68956fcc628f2c2674f0f7
1303.jpg,train,1303.jpg,b0c3b05360435510b3234ad09badc3dca9bf12c7ec6c8f42d219daeb64218153
1304.jpg,train,1304.jpg,c4fcfdb95e9d373a3c4eed41acaf86df33abff0bfb0c21d9d6cc081b270f1bbe
1305.jpg,train,1305.jpg,42bb698871f66aa57983dc2d8c24cba39062720062b6b1c745e57df7f6e8e9b8
1306.jpg,train,1306.jpg,fb1a01a52ae2049d3b91fecabb9bff058bebe908a51db6dfd5fd0d16a7713ab1
1307.jpg,train,1307.jpg,0fce318001bd48e2e16ae6f995942c133c4c6707187fd82b9ab4c19011891c2b
1308.jpg,train,1308.jpg,e1e0f6c49debf46edf467edda31ce0d136f37f31f1a0d61a41c1628c75b46c86
1309.jpg,validation,1309.jpg,da6bf46778bd7ca14d1aa35cfeb9fbe3b5833d9f42d456882a6241b787a36856
1310.jpg,train,1310.jpg,acd9f739245384f2410ca13f4d946f342e7acc0f9ba29511fc2db3011f10ab35
1311.jpg,train,1311.jpg,fed660bbe83424ddb16a45cf22d02ce66220a2bc2a589b87d9f39da96ac0090e
1312.jpg,train,1312.jpg,3feff99f1c5a298d40d77cfae24711c2cca9678b5aa5e753ed8a4283fb5b5518
1313.jpg,train,1313.jpg,04b54213db05bc170f6392bba65aaf05a421637461884f17f2b3918de5f340e5
1314.jpg,train,1314.jpg,ff9dc00aca394c4cb779beb24b7ba3c2cffc5f54e1c36d4dbc473e2f79cb754e
1315.jpg,validation,1315.jpg,e066569001fccf04f3dd0596cf32e82a914138a43cd2c64a54949712708b3782
1316.jpg,train,1316.jpg,6064a7f506dba2d579040e775ed9ff292ab8178b9124ae5749f33378d882fa2f
1317.jpg,validation,1317.jpg,4703caaeef3335a1feb22dfdf8a739a7a7e24629dc87e99851c36db4db575b93
1318.jpg,validation,1318.jpg,c3cf3bcfea5cb03db2733ee0f9aa0dcc5cfca53b4e9c1b3ae9347424d045b72f
1319.jpg,train,1319.jpg,5d7f8b9d68f84c34e95b1cab61cab4fbff63a1b61dc88b07b565caad80f6e22e
1320.jpg,train,1320.jpg,9847d076d1b1afa027632204ab5f05c3ceec85802b00a7f447117f9f1d9087ff
1321.jpg,validation,1321.jpg,59dc1c09a3c49bd86aad52bef1f7570bf515b143b749abc09c6ab14eb5fa8ce6
1322.jpg,validation,1322.jpg,f9b354e0691799920c8089e2405ca1b8b39110a77e2c212f5ab2b965f789474a
1323.jpg,train,1323.jpg,56a0ed769b0373e029d3ed420c377a8d1adab2cc458f045c3535cd086aca7160
1324.jpg,train,1324.jpg,5928afb3df97d735dde7784011536a8146e7c6f0af38f6c13bc3137689d06272
1325.jpg,train,1325.jpg,af3f5b2b235e840e571deb1cb225c2b430c025cdd3fea5bea6f6496cac20589b
1326.jpg,train,1326.jpg,9b10a214a7db02eb0823b97c2b7ddf0a02a5a3265895762b13ebcda63aa6338c
1327.jpg,train,1327.jpg,a98396d83b27b38cf79f25b2700cac0d346e62f53b9e690e9c266ed3c4b5ea9e
1328.jpg,train,1328.jpg,425707c79bde5da79ded7fe7041aba8ff0f2934ea86b91d682fae4287dbd224e
1329.jpg,train,1329.jpg,f9f581b98c6d758e4497ad34846fcf657aa6b44b9ba558804358961b5532c224
1330.jpg,validation,1330.jpg,948730d98afa599ce9e74ad37b84151e17b0fb44e11c43725b79845deb9e5098
1331.jpg,train,1331.jpg,bfe0bf5131bf26b75837c27ab84ca0d9352da7901bbb875bf2de8c0f1d3cf095
1332.jpg,validation,1332.jpg,352ff8dcf39dbc96fc86fcbe866192fd1eaf9ede7b8028a1d2725fe1af35fd92
1333.jpg,train,1333.jpg,12c76256cf7c45f9217fba31b3a32f6049bd2ff1bc963c7b31221df224106b7b
1334.jpg,validation,1334.jpg,f85d16d5ab01e90cbf6e1a94e408fa4d2161b1ed797c5fe2f94509f7fe2e6815
1335.jpg,train,1335.jpg,6d08ef89f182d04f908855d66509581ae8a08696312449636bb5cce9bf854459
1336.jpg,train,1336.jpg,038d7fdf46c8a5bd273404ac73d084ff9121f7576fea96afe422beab40e873cd
1337.jpg,train,1337.jpg,7e53e936354f1f4b95507ef2d4f80636357c35982996ab4527b0642c6c51e336
1338.jpg,validation,1338.jpg,1c8605b121592acf1ed1a81ce43da3c40b4e190b474775d37ef612b859629d3a
1339.jpg,validation,1339.jpg,41021aeac64e156c082b9c0c64164e2ee8d4ea0a5aecea0afa4d89f335bd49ab
1340.jpg,train,1340.jpg,b34c33e1b1767d7796411cc4ae0c643a5710a4404e047d3dfa266322dbfebd3c
1341.jpg,train,1341.jpg,033117ed8c3da680558ec0c8bf225b8e58c19370d7ea1bf7917dbd01ad4546b8
1342.jpg,train,1342.jpg,3775c59b138e4262be9e8939e2061c36ffc0c8fb46d7ada2ce24e46f6ce6a80b
1343.jpg,train,1343.jpg,f7cf8e49bc0f95ed5e85cbeb12350608db66e3060c8664e6f6fbd1b9cc4371ce
1344.jpg,validation,1344.jpg,adbddc014725776fce79592fe6c2213194a6244a0fea352ad15da0dd464fea7c
1345.jpg,train,1345.jpg,3fdb2e470f5e9fb66ddd480415123d5dce44089c78048896b6012b37c6889e91
1346.jpg,validation,1346.jpg,67900ff50cba9b5d982e96d940970526ef47f87383e6f1da9bf4bdde8d127bd7
1347.jpg,train,1347.jpg,d562255d9bc396c99349971a5904994e1bd5bfdd157eac2025f49235c2d2301f
1348.jpg,train,1348.jpg,0270e0f1b551eb382ac06c8c7ae088a1efcd4c4fff7246fda86f4b5b1a9a0599
1349.jpg,train,1349.jpg,fc24671ef17c49260f7cb94c39345d7c2dd8b80689242558d70674b9e329db83
1350.jpg,train,1350.jpg,9471a3c19d52ac6294c46aac78b92b350f72da1459e1f24564702a8b0318d750
1351.jpg,train,1351.jpg,53dc6f403a73958032d6d685803955682542d3264a41e947f28341216e945c4c
1352.jpg,train,1352.jpg,60bedf16355f3ffdff31628a3aa1c46169f5ffdd3c525d2d583feb6ccdce78fb
1353.jpg,validation,1353.jpg,d2ece686b0d1fce9e8d3c34b3995e060a4f8ee26846754d76c7b003488878424
1354.jpg,train,1354.jpg,a31541bfa0e55055cf67710d3b6431941c80a5ec053e133202d4777c126c8de6
1355.jpg,train,1355.jpg,61fec5625663637eedc6478b0fca590b26c79600b79619100fccc0a75a29cef9
1356.jpg,train,1356.jpg,44ec0eb32356acc5fa61e8659b8a126af3d770615ff09b092fb6b4151b4ad5c3
1357.jpg,train,1357.jpg,a65446dcd75c3e9ddb692a12160812738d75ca94ab9351ed0ccad1dac077c20e
1358.jpg,train,1358.jpg,6d86498720ae2a99d3d3474606f617a2fe100c62ce3cb7d8fc61f80b1f0deab3
1359.jpg,train,1359.jpg,fbe45af8d86dcb7a1f95f54e0f693e98a192af708e73289236fe1cdef41f0482
1360.jpg,train,1360.jpg,70d752ac6cb2425b6f66960e5d0709e3993e5a8c03f850e936ea1a7817b90285
1361.jpg,train,1361.jpg,430498f5dd38bc91cbb52aa88ef8366c898f1aec8be8150603d4d7be61cb0a8c
1362.jpg,train,1362.jpg,3e61771a0d63971197f6522761785959c9b106c71c5bb78bdcc812067bd2cb4b
1363.jpg,train,1363.jpg,e45cd691e931c00de546a25475e2ea9e286cc6e3eb5e47b51ab123601f13ee77
1364.jpg,train,1364.jpg,9469d4fda823c8536c694aea7b85bfb77c2f4bd66561042e409ac962b68008a4
1365.jpg,train,1365.jpg,06c04d406de5e9d7cf282b1a97cd2207808a6bba429b7b1f6ce9bcc97f58c841
1366.jpg,train,1366.jpg,ed2d3321065c03046ad7c90e35e655cdd5117b9d1600664807a3f9fb4bd27546
1367.jpg,validation,1367.jpg,5cc83bf98adda9c2f756d27b4fa810367b778ce8df4c2236c1138daa4d63327d
1368.jpg,train,1368.jpg,43d5f1620aa1ea3f1e9cdb393f7527c95a14fed4ecdb25a362efacfe0b97d89a
1369.jpg,train,1369.jpg,2041acc99ec8527fd2ce367e580a056f4d82e5f4db2c5713fa37835be22617a8
1370.jpg,train,1370.jpg,0016277ebc4210e5e10c652b8de02431e0f6eb622ae33d468b30c19c34a65d7f
1371.jpg,train,1371.jpg,bbedb08c90e5c255ad1ccfa9642b50744ba9184c3761fae888239b94a8f4aaee
1372.jpg,train,1372.jpg,1d17de2447251e2593b7e668675f5c8afbe62b82daf89e12e03f4e55bf65f476
1373.jpg,train,1373.jpg,d3fd8bdb39ecd345dfd50516d990318275d018e009b1e43c5cab18abbd49f662
1374.jpg,validation,1374.jpg,1063229b995ebea0a318d39d3001bbeff43a57e9b15dfa045fe94c32aadd35ff
1375.jpg,validation,1375.jpg,bdae4acbb7accb6bb8419ce2152a32181660c73f478203f2a9b479a121d31270
1376.jpg,train,1376.jpg,84a4906bcbc7b032b03d1a01b5bf1f8750e68f078ef10272e1cbab03a56be889
1377.jpg,train,1377.jpg,4b72c92228302504c27dd52c1d339fd2a4c84b6ea5901341b9c4ecfaacab476b
1378.jpg,validation,1378.jpg,c69c89c53c5b0fef796b17fb01cc6c39d89396a31bcbbad399a48af6dbe49365
1379.jpg,train,1379.jpg,491ef490af3cfb23493ce14111b7b5a78552810920921be294d1031eeca28376
1380.jpg,validation,1380.jpg,e496e054054186bf294c8ef498cf267cb9a90ea305353c72f1fade0d72c27179
1381.jpg,train,1381.jpg,4b6cecf49095e43c0c1d8bf8b6ceef44ba83a90582792e875a02fc1ede24492c
1382.jpg,train,1382.jpg,172b388f5fe7d2f8681c83c6265f36555c829d605ee9916a1db3b4b22fe20cbd
1383.jpg,train,1383.jpg,53de84207a7071e4c37d50fea25bdab3d7810dce8ae51e8ef5958b5842c02b57
1384.jpg,train,1384.jpg,c93eac9a61f051164c8918a0b325727a8f9a69f7e37ed2dcbb156c5fe4b41b99
1385.jpg,train,1385.jpg,97740013a77f9a5880cde52e199a22be1c8fca176d7674b48f8c013c821f34ce
1386.jpg,train,1386.jpg,2c699fa5a9a818b692d80a19a01c3b0d453e7093ca27eda42060b85fef18377a
1387.jpg,train,1387.jpg,253d273d7884e53d288fdd1221bf99110c282d69828dd551bcbdbcc2030dfb0b
1388.jpg,train,1388.jpg,4a350eae357f31a164589eea4448ee2ceb08e8e844a254d3c080f5020b229f4b
1389.jpg,train,1389.jpg,a0b1243ad5289c9e82b7f2b2b4b4ade118a22ab5248818f059e74168ca9b8485
1390.jpg,train,1390.jpg,b009c08f29d496eb50c839f2c31a3f226be9372f622cdc4e0c1c6e902015eb11
1391.jpg,train,1391.jpg,2d6ca64077497427348b6e9dc176f22392de84ae52066b7e3f47ba19f6005427
1392.jpg,train,1392.jpg,f16ed3dd02b9e5bb9bb20852bf38b454e25bb6fd0a0b832385012a1451a52d07
1393.jpg,validation,1393.jpg,9f586a26be8e0cd918dedb777e2d2f9678a3073d0f329829af1724a3e017893e
1394.jpg,train,1394.jpg,e898d99374428752fac1d370221542f1a9d606bf5cdd92e3f9a7e36cd6dd4004
1395.jpg,train,1395.jpg,41498395f7387b8d771ede065a4b4312626b761a44c69041b21b614072d3f485
1396.jpg,validation,1396.jpg,3a99dd6707db7f2a7f1f674c77a81c2efd088b715423c151f6119a2552ea94a0
1397.jpg,train,1397.jpg,6e9c836a1caf84e4b734dc5b91150627f44eb1621c977a54d40335bd95eba3b2
1398.jpg,train,1398.jpg,3b18343ede0a9dcecdfe5934d3ff747b0a8ae611c1729342ceb9d5b52f831646
1399.jpg,train,1399.jpg,84bf7cfd4f60efed542ea954ed474a10145cced4917a2b032e5baba79cd7c91c
1400.jpg,train,1400.jpg,63d326232cc7d1bfe33369bd8d2f5b812a709cdd110dad260ae5dafe197b7894
1401.jpg,validation,1401.jpg,1197f286b19b4a46fe24ff5e9849ba41bfc65a4ac6e8a94215e1586dedc856a8
1402.jpg,validation,1402.jpg,79a748650e136e0a4f89c7c2e183c9392c5f02a070e8b8992942f31cc31cd401
1403.jpg,train,1403.jpg,dec10ab6e22d1afe145e8cd55cd9169e6ded52ccb8ff152974dd96b64704406b
1404.jpg,train,1404.jpg,20f3836bf3cef14d536309b1615551a8fece1f11ba0e322b8dc5bf660a751bf0
1405.jpg,train,1405.jpg,fb61b0f059627017b3be93078f37ee68d54f260f777b118e56acce042e2478e4
1406.jpg,train,1406.jpg,3f0233731db9fe082ab78723f15ddd4a130f5a7cb43c6a032f5227d2a4202296
1407.jpg,train,1407.jpg,b6426c6b1bb39a34d2b1f38af13b61cd9a7386856a947be3226026a34f169807
1408.jpg,train,1408.jpg,bedf5342456f96fdca475be071fdfe2bc48cb5b17b87ec3cec79581597d3ff8d
1409.jpg,train,1409.jpg,64dacdcf3ce184d53f43f1adc107239ad573ca2758a15a6edf2b63a569fd4936
1410.jpg,train,1410.jpg,13e51a4d20ed2e5ec6f745d2dbb966e8217ea416d6c72dbe7be9f9fefe59c56d
1411.jpg,train,1411.jpg,2aee791258802a8628a76c64f386403a1f9b33ece9f55f6d1a455a6008593936
1412.jpg,train,1412.jpg,ffd1b0b6fbd894a9874a90e3e9dda98a099d96180ba60a4868869bc7443e237a
1413.jpg,train,1413.jpg,441881d30e794ae625dbeca3a8371a779d51e88ae55b68c1509757f97ffd3ee1
1414.jpg,train,1414.jpg,e315f384808604e67c6f5060a570cc8d96462151c09e1d454f8786b4461979bb
1415.jpg,train,1415.jpg,5e3e06be35187d91b2c0cca0c086a9c1f930b2b39cb761e414abbd48dc7c0127
1416.jpg,train,1416.jpg,bb32768ae946c1c0908818ea3149ad1967f84bb4da7238e5a90f81384518a244
1417.jpg,train,1417.jpg,1bb1daaa7d81da9e79eea9c2f33183471bcd8a1de06c996acc2b182acecd640a
1418.jpg,train,1418.jpg,9f2719a5516bbf956ca403e286ae2d7a301350921c7e1b3c79dbf1dde3a25064
1419.jpg,train,1419.jpg,9bc27888490dcc4ec53a51a7a0c9fdb5aad3e4bbdc3873fb119ccbc9b69a973f
1420.jpg,train,1420.jpg,44751dd0e3bfb6024cd98e27cd5fada8ef3c37c4b3c4ac916640b10d6e1830e8
1421.jpg,train,1421.jpg,6784b5c3cdca1192eef97456ce5afaf4487c3eccb7db7b4ced0c1bbeabe8b738
1422.jpg,train,1422.jpg,6a63e5e1564804e2ab0a2ec92513035cd5e97ff81cff5a1e75680a063b121157
1423.jpg,train,1423.jpg,b6ce881393faa55fd6af3f1bdaaa7bb04bc1b853201b08f1c65f28ca553533f1
1424.jpg,train,1424.jpg,a8944ee028de7a2fa50827f2794be25874179d95a19afeb4e30added4c7f5f17
1425.jpg,train,1425.jpg,a122e4711f91ff15df9631e13afb497fcf4b51d938d28c5cb438b870f4f93ea7
1426.jpg,train,1426.jpg,6f751d94278e7eb568df7bb8803d5adde091d880a316d08a87f7a7f9dc5b0924
1427.jpg,train,1427.jpg,dd87c4dc94870f92dcb329dd01635b41bbbd81cfc5ff195de5c93d75c4bb945f
1428.jpg,validation,1428.jpg,ea38fff04c7d9c51913201abd142d95a9de91e09692c81460fa74c3d7af630ba
1429.jpg,validation,1429.jpg,aa0833c6aff2f8e6380f70a76fc9e627c8e76bfa6e6d706468e8bc84bf46befb
1430.jpg,train,1430.jpg,70cad60ce896c3fdfe7a2d64b4695b5e022ba0976fd8fd5a6fd010ea6efb2683
1431.jpg,validation,1431.jpg,4a0c1c3a26448742c63cbb88be0cc7e5592f7742ffde1944fb38f33928270414
1432.jpg,train,1432.jpg,d91a14c0aedabedc8b64eec22253958beccb727e8832f844612eb5ff63cea8a9
1433.jpg,validation,1433.jpg,331d68887016b164f63bf5506622dba143d4216427fadbba35be4e7a82064829
1434.jpg,train,1434.jpg,dd8d2d1d41433b0dea2700c02a72f0e75a573f57c4d315e7d1acbc07cfef77d0
1435.jpg,validation,1435.jpg,ee2e6aa44816d2780aea26a73c15eb34e38e99eddb1b6109739f91b3f7d3e617
1436.jpg,train,1436.jpg,e04ad21015df32a995b4bb4179c0316c94f550d8134a1261bdd2ac7b2a50e02a
1437.jpg,validation,1437.jpg,d9e6f8912c8970d70b3f1a2a97eff092309c34a8771d41ec383eb0f7a7aa2b77
1438.jpg,validation,1438.jpg,7a4fce74bf67ca3aa239b1aecbaad2c9eba85a646ae9ac0c8619310b8410fd8a
1439.jpg,train,1439.jpg,a89fe60b4b1eaa07117ab204512e6b8f89203cf95a79891e623939a0d5efc49c
1440.jpg,train,1440.jpg,55fbe20b36821924b782bfc93717416ccb7f31ced0352516c57b262acc9c1a62
1441.jpg,validation,1441.jpg,d45aab5a9281fa3a0fcdf3885d80286cd892a6e56f59ac377896563de71cb8ed
1442.jpg,validation,1442.jpg,316d1dfb08f0fd9948998dfa5fc5f0d0a774ad0ce40ba81702511e571cba617d
1443.jpg,train,1443.jpg,57f186cd0d40ed74f5d660e7d77f7c153b0d10e06377da8539d82229ccb976f7
1444.jpg,train,1444.jpg,3c772de13a8fc0c4bb46ed55cf70a50880bf7d8d64fdd771e0787aea708c0565
1445.jpg,train,1445.jpg,99bb06089ebd68be4b63edbf8566b6e92e460132ed9f0a0a86535618170c7f9a
1446.jpg,train,1446.jpg,df6f91df06cc5e7c61d5e0ef43c3f83072ae926c9f4fd5a57f6b29244d936673
1447.jpg,train,1447.jpg,f7335dc8969658851a4f9322eae95b4c699ca95ed6bc9cf6eb297ed9a1cb438a
1448.jpg,train,1448.jpg,8193173c95cbf4d57c30ea6841dd1138eeb94ffe9b700944baeebb93b000a088
1449.jpg,train,1449.jpg,b3652a7bde014204599cf3424444a5f2117cb3d766ec39b041008788f6128002
1450.jpg,train,1450.jpg,c588fa956a31679bf2a3244348b6267087b238f1b0fcee7ba4713ec328d3075c
1451.jpg,train,1451.jpg,1fc1539ddcf14b6f006cbe523d83c4906ba9b68bb41b718174f1d6e8d4f75070
1452.jpg,train,1452.jpg,6f1b8941a9646eb66ba03e05700a933b86e85fef0c8b4d034fdbb99502e38ca9
1453.jpg,train,1453.jpg,bb0159090646937f232399a679a47ebfbd4952caba419fcf87ad8f7183f6c120
1454.jpg,train,1454.jpg,442f3e9681613018c69f44481e57e895efc7c73c0794a85ef8701457f1a5742d
1455.jpg,train,1455.jpg,d9c4c7362b70754ef030d28642cde549b512cafb91dbe0f86a4c4bb1bccf8375
1456.jpg,train,1456.jpg,a14f42dcfd9e9e3893f40f527f13de0038014e9eba6c71baf8396bd22a3f2ba4
1457.jpg,train,1457.jpg,1b0c6349a9cbc02af0f974f5402e5bd6ecea86b19b19e8db84eb5b67f3d5c1fe
1458.jpg,train,1458.jpg,32d93cd4c7a47f624810dc65c6a45b8198a44aa972a9866a924d0fb73c5feb9f
1459.jpg,validation,1459.jpg,2454c65a729204e38392194953e70b0515f91fba75ab2eab8f651bcf6711faeb
1460.jpg,train,1460.jpg,716d043097bc9b298e30c351fa549199a78b28fc64a0eaeb43eddbc2bf07ac56
1461.jpg,validation,1461.jpg,cf78608bc4b5279ff1f6e2f9dbc3052311d94088c229940e8694d0a86ad67fd1
1462.jpg,train,1462.jpg,b885b57a0b18c4020e0b76c4ac66030808107e0bce2794c4eb55175c3a1851b6
1463.jpg,train,1463.jpg,b3a49e89918f3b28acc7a1bd98287f8748c9075551e83a0701ddcaf73ac5be49
1464.jpg,train,1464.jpg,2163285d9212d03ecc8effafeb335ab76a6f46e6c6071d7c94cfeb0e33a3ee90
1465.jpg,validation,1465.jpg,71c202484dc6eeaa2a0cd49a5d4033aa9a5ca2be32e11de0dd2ddb0b43af35bb
1466.jpg,train,1466.jpg,c5368b9677bf8ab872a44b15a98114c32bf884e150b449e5f6e104c427e24400
1467.jpg,train,1467.jpg,8761daf6b0b57253a940d7a911d2a1ce5f0176c743021c912219879fd8bd1cb4
1468.jpg,train,1468.jpg,68f3ff701dfe01bdb141a53d5806ce18f94145d57fae7e97809c3c20d7f5a2e2
1469.jpg,train,1469.jpg,5ba3d3b134ee532105230c777ec73fc29143f8b095e12f9f6d831cca783afb30
1470.jpg,train,1470.jpg,9600e3ed8d24f9baaa2cacf2832f76221faac70788f08397fb3e2a0fa31c0a64
1471.jpg,train,1471.jpg,3cbeb5b08e0674dbb9b59e8eb19ef57acf0bf761bf9dc514293442b108db3dac
1472.jpg,train,1472.jpg,b829e68efcd591dfae1e458df0a74013401edbb060361bf0962aed04f5311c7f
1473.jpg,train,1473.jpg,c6af823fee4c76039bd330b5303fe29214e2aef5799f931382be58349077ac73
1474.jpg,train,1474.jpg,db2b005f8b4d8f8b17a767ec513862560fee8e1abddc78afedd339c0b3acf40b
1475.jpg,train,1475.jpg,d1134c0d1b28037d07055842e50ae47949e2603727b81b39977bb7118b5a2ebb
1476.jpg,train,1476.jpg,cbcfee1fa53402733919c983edc8d21e9ed46e080ec173bfd8e8bf8ce0d427fc
1477.jpg,train,1477.jpg,62d5fde29d3fda1daf484cf9b9616a81200dd63bb742ba9b982a330631f69105
1478.jpg,train,1478.jpg,8edd7ccc7041eba30e81927a2b0f725a00f49a9a8669e91396a57f31eee26183
1479.jpg,train,1479.jpg,a8245bc5cfbfe9caea7595231f5742d463fd4e8ed9ae4fc5757d678fb1506f1a
1480.jpg,train,1480.jpg,72c90864cc6874c4758c00050e0b2ca5c239173bbcd802c81a3114733e1925ad
1481.jpg,train,1481.jpg,0f0912cb8ee2fe134294530204147ddae3451d478a8e2b072afcb6ce795efe8c
1482.jpg,train,1482.jpg,44348b8c783776b1c0f1c580c87b339a2c638f92ff002789539850f5c1145f32
1483.jpg,validation,1483.jpg,7b25833f59aefd1453755ed1ef72ee2f22450c80678c6767a20768eb70a3f5cc
1484.jpg,train,1484.jpg,0237885a246499cb9285f800c476cb684ecf013e7f284b90971792a6f6b7cc38
1485.jpg,train,1485.jpg,3d04dd2c71a7c25413721903a2e19f170787a9ad10fa8e934118d08ef6a62888
1486.jpg,train,1486.jpg,706a37682c3b39ac3946146bbaa4d1ebd098033f839d5cb5887256f42e24d908
1487.jpg,train,1487.jpg,11ccd08882ce78a964da89506fa9293df65ab8f1dd06d3b096fd077469a8ca46
1488.jpg,train,1488.jpg,19acd218784ee647b2c5ce5a4f8d93fc75ab3f749a6eca277cb09b72f62f09dc
1489.jpg,validation,1489.jpg,261f94bc9336147a10a1cca5cb9be0b7e3c83f7c321df7133148794a1b489547
1490.jpg,train,1490.jpg,af45c956fc4a9e0aeb66a96b981734ff04e408b9130ba1a0e48a6610cd0ea8a2
1491.jpg,validation,1491.jpg,814b6d7b39cf181dfeec6694cfe0a94a3045d96962620a44014a4057315a13c6
1492.jpg,train,1492.jpg,f4603fddd18f2bad39df583e420a441cfccd66e75b6e688706c0cd2ec96e6ad5
1493.jpg,train,1493.jpg,9cb8e78b745a1e50aa2c477cba884250a07c3872313d92c9cb275d4b7ea92ad3
1494.jpg,train,1494.jpg,1c10f61523b5d1a5b98b749caf0f7f87d1865fa2527747d4d628622497a77a0b
1495.jpg,train,1495.jpg,2f6e113e82c17924c91b16d1b6927dba4afaa0937c7d6a384b2fe40dc506bdb3
1496.jpg,validation,1496.jpg,6fd641a5e70b8c9990e8caae01da96d4128cb1ad25d2bf50d775675a98d7739a
1497.jpg,train,1497.jpg,9f4851bf91c217ee3ceee59fb6f2c4f2c573addd038c1810bd34e4f0908d3a9a
1498.jpg,train,1498.jpg,aa3a8976858c84176c8b78fd0280b30125f1d7b798e3de19b78f9667d27c8481
1499.jpg,train,1499.jpg,152b4ea55f56edb202af0c63fb81b918ea834c8e4e3f6e4ba9afa48e2f8abf89
1500.jpg,train,1500.jpg,2b22b8aafa59837b986150aa85c2edc2c11279dc0a434ba1734c4a475e601c5f
1501.jpg,train,1501.jpg,07b80b4c1a8f81a2616b9b26748b89d7dbf63a8a4ff7be9f4823a49d8ee301e1
1502.jpg,train,1502.jpg,240f1526bd76cfe01b96f11a2ec9f6315887dc9df81f23776589735faabd782d
1503.jpg,train,1503.jpg,cb5327d4da7348a8bc4ea5f7fa28283fb272ae814828914427312c5e9eb99adb
1504.jpg,train,1504.jpg,21abe1ff771c0f75e76d10d7643ee99acaa60fe0ea36ceaeafbce337093691bb
1505.jpg,train,1505.jpg,37592ff7bce050540ba45ff5cb81b32dda91a9ce053f954ce123fc46beb44c02
1506.jpg,train,1506.jpg,768aae2c6999b51dc19ec20bb1cbab7f344aa6a29ea1865b987489fb64a3618e
1507.jpg,train,1507.jpg,0ad79a6c8d78b4a235ac89b3d06269b38b670620c123aa7ff816d7daa6c95ee5
1508.jpg,train,1508.jpg,3d68969a5b1cc5016eea1fb22472b289c510fd47a7eaad1e37f62d50676ee17a
1509.jpg,train,1509.jpg,57b0f873f699909346a586f58b2d5c072b05bcefeae9b1096142e0624cdf9afc
1510.jpg,train,1510.jpg,5b8e25e3d266eb6028761cbeb3279feb095a24d9efbf7f58bdcec3d5845566aa
1511.jpg,train,1511.jpg,8fa38b0f982c35c2d5e3fd19ed7f6ffd24567946644872d3a76c46fd2b353f27
1512.jpg,train,1512.jpg,3854334bffd273b76c6e4c60c6a3b484a5b74558ee3bea80be842bb711e03337
1513.jpg,train,1513.jpg,e2e83c573bf57a182aac03345a25f3063c8929a79b8ec03ab6066781d149bb7d
1514.jpg,train,1514.jpg,1f3605aac7a0eb17908772b4239b6b6d34304ddff198b1da800dd76cd3ce65bb
1515.jpg,train,1515.jpg,cbfa8c2400c579fc71529c3d7d86e94172ef32a5e979507bb754198627219eee
1516.jpg,validation,1516.jpg,bedceda48e707cbf1452d2ebe47d1c9716fa5f0b313f64e66d43b91d8e497d51
1517.jpg,validation,1517.jpg,453a4d437c3238436bdb78299e7cfc0746f203867eb6aa2a1056ff75d1fe4c20
1518.jpg,train,1518.jpg,b7ff3cf9c0e915fa47a761af5e0724aecde20060f562d5f0c16fb11083fa966e
1519.jpg,train,1519.jpg,7af9f6e1b8b23f7e2e3fe3689226344d45b9d7cc2b90ea8097c7be3bfa9b79ae
1520.jpg,train,1520.jpg,0ceccedf8563fb288620f3116c115a1d0a96db4ddab56fdcda4dd71761700d37
1521.jpg,train,1521.jpg,a00c966e49a6131b00173cb1ff82ab969facd4c5184447cc9ecb60a83e0ac4f2
1522.jpg,train,1522.jpg,c6e63102c3ee260f61ff7c804861f780f98acbc4c802739efa2cc2f4681af6ab
1523.jpg,train,1523.jpg,9d111dd2ddcd7cdc0d78ce1bc0124c2eeb0e550129339754ba01023cf5bac12e
1524.jpg,validation,1524.jpg,2a4480c217754b49b108ad74edd20e9c8169398490e0bf18ac081e7835dbbb29
1525.jpg,train,1525.jpg,f73b8065fa382e9ed020b8ff8ff55b3797e13f4e17ccfaf958a32d9bc6a3f895
1526.jpg,train,1526.jpg,06a74d76891e694baf3c250b589de03359b672191e186628b1b1237af9a09649
1527.jpg,train,1527.jpg,561c486cb549b1e66bfb2964ea4d0792e307159df1c02d4dff90bec6f62fae4c
1528.jpg,train,1528.jpg,dde9d22abf8a7047be46d88829ec81d37530c5c67709bc18734d1f578753919b
1529.jpg,train,1529.jpg,c585b70b1cc04a574e8baca7d13e8fb66b1b45fe47a1ec81c71546612eefa79c
1530.jpg,train,1530.jpg,5aa52892303ab16e1095f0de22b6de5de26dbe2f21f2e5100a0029e6dfe8cd11
1531.jpg,train,1531.jpg,da8b8d77542b25203b67ea25933a44c955fa791cfe8273127d52c9a5fbef498c
1532.jpg,validation,1532.jpg,41b84a435113c2cf36dc95f6729012833c7fb44b43199a8812b15930c3cad073
1533.jpg,train,1533.jpg,db3e8c263648342854124cbb5ee44838bac44785eba5653702d62df2f5272b72
1534.jpg,train,1534.jpg,7a2dcc177f2bdf2ee31f9a53fe5b416a0c63d96870d37cc9e1e45388761aa54e
1535.jpg,validation,1535.jpg,580ad9d4aa624a8afe19b22b8750dcacd018d449b366c081bffb1d271c96261d
1536.jpg,train,1536.jpg,753b8ecd0baac0915b20303178d48c8c2c23d954674b2641fb1380ebd3af7bf7
1537.jpg,train,1537.jpg,6219d13a8f60b6c3273899a988c8f1ea7c4dc9637fd1ca58398437d084990b73
1538.jpg,validation,1538.jpg,6b6e557f9a796f47fd5938dab16f123ecb7ba091b75d31b71f44ff080671e17d
1539.jpg,train,1539.jpg,09dcb8c4839b507c7f76c0dfb9c40c0c14d8f2874a5f2c8f8ced6d8acff21185
1540.jpg,train,1540.jpg,05930bed5fdf7667b4780317e8379b70dbf24793782b47ee169a9bb7df696282
1541.jpg,validation,1541.jpg,039d6217a62a0a8817f12c92d30da5bdeada45ace62540e34a6c05fe1bacd262
1542.jpg,train,1542.jpg,fddfbc23113f7aa93d0d0a5363e34b0a009a813b84104e4e86b5c07c1e5ca836
1543.jpg,train,1543.jpg,e3078559a5a33053fb53ca490fba88af6681a1e52566d190ec8f2827cfcec68a
1544.jpg,train,1544.jpg,b0a7f27d67333ae0529819788a695b6cc57b16fbda3b526896d8e815624c8029
1545.jpg,train,1545.jpg,5d1aeedd92d35a36899e2e24804f029a5f9b391f82ba1821cc2d484077865223
1546.jpg,train,1546.jpg,b733b974dfe6abb7070410881aaf9152dddf52ea7a94c09f89d92047a932a1c9
1547.jpg,train,1547.jpg,82d792799dc325a15a4a6ef9cbc0b9c22e5c3806a6776e26bc007e4c614033c6
1548.jpg,train,1548.jpg,de5e4bb081e260ff46fdf5db84c52ed846d75fa323e75a1d20162781e38c1ee5
1549.jpg,train,1549.jpg,8822f2857ec7dcca8e3a61cb30ac7731adbb49ca56b115e296a77fa0e8e7dd2c
1550.jpg,train,1550.jpg,ea0b78d33ea58fdee4f46e54acd6e80a1fbfff74fa43e08354c081f02cb4ca86
1551.jpg,train,1551.jpg,eec3475733d529f5fe9891fbc474baf3d71b627421ddd76625834a674d351b49
1552.jpg,train,1552.jpg,1b4126db28be7f3fefdff98541092bf9ec30781555c3520615e86373acb8d327
1553.jpg,train,1553.jpg,5cb154f95cb9746dabe23fa2f0d0d808a281a79274766a06b1f8feec2c2a1885
1554.jpg,train,1554.jpg,225ee2e03c902aef0da8a6a9d6e9005672ca78c9aea9fc4c597862b1a9f55142
1555.jpg,train,1555.jpg,a1dff693f5b06f6447815e30eebed78bfb95a35ed5fd6d403fce58178964865f
1556.jpg,train,1556.jpg,79d722dd731c62df8e68693f8b11558435b1efaca639070d340fc12eb58f56ea
1557.jpg,train,1557.jpg,a38e6bc43457625e92267b23de5b2ecd8bdfb6fe829497a2328bde71543d85e7
1558.jpg,train,1558.jpg,56db1be98acc004c8f441ba1d3e805734a9dcf4007ea2cba2bb8d3ac489e635f
1559.jpg,train,1559.jpg,ed6bc07b68eb4ab8a0950caae717523da65951557adf7d4024d0bcab96561463
1560.jpg,train,1560.jpg,e465a422efa673f40b8b5649f15900f48a12dede790dd38cf76fcf98fcde4647
1561.jpg,train,1561.jpg,7502eece8dc5fb83580f267bed4430b89e5918cd23756ca50e7f57a6c4295235
1562.jpg,train,1562.jpg,acef826a99545f849f06df81d65e7e45795f9c1c10ff4e882c81dba28b8a21b2
1563.jpg,validation,1563.jpg,96c5ee7f8001228f75d2291e3c266eb350ed6e25769c6495950f5a51dbcd9466
1564.jpg,validation,1564.jpg,1a9c92c1be127b40b6727cbd0b8f56d2f467415a53101029b37feb2923fef937
1565.jpg,train,1565.jpg,828cfc0530b6ddfca91ff29b16c24bff2de825cec69e57e0c5744b79c805ec8c
1566.jpg,train,1566.jpg,1fa522d466033488c48aa50a6daf0f4b3399355e370b5207a69ed85a71d77c18
1567.jpg,train,1567.jpg,36f8d40c63e3f4eea0ea2112d589b1bf3d31fbbe47d37bf0f1ef56bfd4fb3c31
1568.jpg,train,1568.jpg,5ea6c7dc7c0633ca6d78f0f6eef04eb8c22d1fcd7ae2604856075ebfaf359a2c
1569.jpg,train,1569.jpg,e6e96622dfadf6b56b8032c45cd012ddb89d41e9c84ec5e5aad8e17750842335
1570.jpg,train,1570.jpg,8d76e36faedc7dfd0579b8aa3a8b5aa3065e911b2c455666299f68fb1ffef87e
1571.jpg,train,1571.jpg,ceb41000181e129c164e07c3f1cbc232c680a28bb9840844b7c4068297259c8d
1572.jpg,train,1572.jpg,91687d953ad61ef1aa2d2692c43f351366587cc247e2851cd875cd6af12bd03e
1573.jpg,validation,1573.jpg,94a1800ed32e5bada810f931d7c45611016c2d96c67e721e3d2cb718a82255f5
1574.jpg,train,1574.jpg,02e3128d766ac0c37a85758c9fa57ea218954006dc258714e27723a382ca6286
1575.jpg,train,1575.jpg,e1c95123e9269350b96bd46a6060ccf0200bf703b90741e8136cd1ffbc148196
1576.jpg,train,1576.jpg,0a81f670809d7827ed642be527e1584551d4dde61d4e15d8094ed40be030ff2c
1577.jpg,validation,1577.jpg,997841616fa477926ced59bc3fa9a3403becbe1248357333b303fde9386d4d5e
1578.jpg,train,1578.jpg,bffdc74a806d0d0455ebee777e5f338a2ecd042c5cc4de833eaca9cbfc1e82dc
1579.jpg,train,1579.jpg,e199fd4e868a5cd5367ff697c69747f73559ae1cbb8bc32cbfccb8f5c7a5e0dc
1580.jpg,train,1580.jpg,9b0b6533c61680062079707f6749c6c623123e90b7fa29daaf4752aab274c577
1581.jpg,validation,1581.jpg,707b9674add9fac9a5ad973f9056110e04a01807ff284b69ff68e7467aabbeb1
1582.jpg,train,1582.jpg,8cb39a9d974d8167bcb49ae84f1eca8bd92a1e3900d26b930f843675350bd3e3
1583.jpg,validation,1583.jpg,71be4a56d9fbec2b45db9b017ebd2820a527bf6e1a602f60e22ac7484a575b55
1584.jpg,train,1584.jpg,132df3120ae062307b683dd136c57660bad6b9afca6ec0bfe3b21afb0fdf53ff
1585.jpg,train,1585.jpg,2e9d5cfe8cee837331c62d552637b943b62edff9bf1dea228fec9df0545cd94e
1586.jpg,train,1586.jpg,9afae9aeb0dfa7f65a23f12b4e6f658455ff2fe2814882580630a9fe736aad22
1587.jpg,train,1587.jpg,212562507b3de9f6d0aaca1352ed7d7ed612ba8ad09ffceea7105b0a234d96ec
1588.jpg,train,1588.jpg,4e9f7ba5585f5395df17e0cac8878abba95c47b9375d245f5869fed2c9ddb163
1589.jpg,train,1589.jpg,0312bc4c52c622182496d66e3fbe9695fac3a4516fa2e57c455cb3360428c6cb
1590.jpg,train,1590.jpg,3b6ed990bfbff008930b75dc5bc0e83fa8e595dcc1929c113d86559264f7f538
1591.jpg,train,1591.jpg,cb43bd7510afd2cb9536fe10021d030b92c67ea46991f096a25ee8a8ff9e5c5d
1592.jpg,train,1592.jpg,2fbe7dfdecd8d062ee19ca097ef054f341357cb333af4521be757dddc43f4c07
1593.jpg,validation,1593.jpg,f524994f9aa312e6348b4ff09d0d8bb4ebe05beffa88b743fca6f2f04e91300e
1594.jpg,train,1594.jpg,3033c3492f73191be458e801b013b9745bf86de0e5fdf5dc33eaafbe65aca164
1595.jpg,train,1595.jpg,407097ef58a2946c57732d229a29741e2f6b58c07eb777c1bfafce0dcdc6c2fe
1596.jpg,train,1596.jpg,db5d9720c1b571f3e752b066916f60cd6ae5346d6500af487dcfa9afebc31950
1597.jpg,train,1597.jpg,909c4a7af1a53c3a34cc6fc331a5695439784e7c644d8968623a457580350ad6
1598.jpg,train,1598.jpg,67e2473bb82d840245d8c0ba14a56e5de237e717520c86d9783b1dcabf03a3c2
1599.jpg,train,1599.jpg,e97fb198562ed94c1230bc69a46b9f712295d6da92bffd9f187cb42a0d3b431b
1600.jpg,train,1600.jpg,f9ae8e8b49dc8fd6469fcad0e72294ba01bcbfcd25a04febda0cc4ef884e2aca
1601.jpg,train,1601.jpg,75fdbe86335eb8557d45d71a038265cbcd9a3560b5b575022f04102563e7f754
1602.jpg,validation,1602.jpg,9f7d54398383b365bc7ae25729efa6a7366e506c621cc99df9e31dfa936642f7
1603.jpg,train,1603.jpg,4a36fa81b9487f3fe28f2b2f38964d4d9c685636d4465ed1ea1f6a184f1aae37
1604.jpg,train,1604.jpg,ef1ee48fa6742c9c077e2e12e8f0d0f16c679e292f559ab68100a3923f73829a
1605.jpg,train,1605.jpg,73e48a13902419ac6fb99985a8ed59b81abf998019992a9d09b254dc0f55baba
1606.jpg,train,1606.jpg,02f56e56871ec25b83f7cda620ba50eeddc6c3ca2b95591efe24fdb2d072d9f2
1607.jpg,train,1607.jpg,d8424ceaae5d8987f6dc4998d7effdc1cfa3d65b141157264bf156f0db106a31
1608.jpg,validation,1608.jpg,164a64ac1fe830ab398675da355546bf0c018a60b1b9e91844e9e3dcfee7df30
1609.jpg,train,1609.jpg,beeb4c6bf46cfdbff9e5a8a6f546615fcda1cda76b17a37749a88980ff457daa
1610.jpg,train,1610.jpg,0d6aea751ccac0f69babfd3a1a9657e86e18aae9a816e76c692ac87dbc2ea24a
1611.jpg,validation,1611.jpg,00f7739e483743730ef42b1e1490a12a03fb2360de9f808a2e91a6adb27540d8
1612.jpg,train,1612.jpg,932910c8714959dd410c57f1614b424f9f8b784c3f9708ae72786cc6c828dd5a
1613.jpg,train,1613.jpg,03a61259f48361a5858bdd3a0362c8920c230fbbf260848e88b7e79fc31753da
1614.jpg,train,1614.jpg,c8b68fee4800e9062ae8406f1941c37226d85dd39d69b342f979355a9e8e777b
1615.jpg,validation,1615.jpg,da75ed615a6ba70153a40d3e6113ccb0312d7f411c9ef2da27892785d72ce202
1616.jpg,validation,1616.jpg,5337a0f4f306fad0778d738adb1b462cf32481315addf4f17c5b63f116ecbaf5
1617.jpg,train,1617.jpg,76ca7aba53d28783d10defe2934e565965465375f8334648768549390187077a
1618.jpg,train,1618.jpg,db8ed27702d5717683f5563d0e7aea43003bc4ee65c7c37b5e28e27b3d2ac386
1619.jpg,train,1619.jpg,211b1e2a2cb43cd48a9e2ee01dfd3845e6f4e32fdfc3e1ef93678c23e5de4299
1620.jpg,train,1620.jpg,da74bfc01d3df9147320933ce1d081b8d4f74d47d6799f41828899bf7970cb1a
1621.jpg,train,1621.jpg,08a22a864bfb40df74d99124f2a1752f47c30cbe673f51e47010f00cf5dff5b2
1622.jpg,train,1622.jpg,124e780d48ee5024db8bdc784de2e28682203c4d71bf2cc86623c0456d06f358
1623.jpg,train,1623.jpg,83135610b0f7ee821fd0f25db3c6dc0695e228a905124aacc0fad3d11131329b
1624.jpg,train,1624.jpg,12d038962bc458200b96634a39a84d75fc2af706dcea062490728f301e7d1d94
1625.jpg,train,1625.jpg,d9dca906aff76ca7b93c386e242cbbd2acd5d8b9dfd3981711a80d3782305bf5
1626.jpg,train,1626.jpg,edba7f139f68f5b7c7b12c194242f4da759884126ef19a55d8664488b6c2a641
1627.jpg,validation,1627.jpg,cf8a38a09df235c2226d84c516ed709976b6f2873bd77cdb97c2b52f3dd67a62
1628.jpg,train,1628.jpg,7e226e583baafcf7542711d1ac3adf016a6ea83de8177ef539ced7db85db1a65
1629.jpg,train,1629.jpg,e8b9f46c89e1b54e1164c4a01a43022de5bf54047827db1da41ddbb7512ca0ba
1630.jpg,train,1630.jpg,7ad142fe52d9204faed03227625206d48ddf9f284b089b5623dc40d7cfc6c209
1631.jpg,validation,1631.jpg,e50b5a32199c7cd54de44483069032d15952f36d5b1a359189d972f14c2f9ecd
1632.jpg,train,1632.jpg,c3ae464ca42331cc3f168008e7ca15f6a77ee7c4ad76fc0b69cd1725d895059d
1633.jpg,train,1633.jpg,da5fd3cca24c4526212e843fc394eac8bb6436b7d9fbfa98e40fbec9add897ba
1634.jpg,train,1634.jpg,ad6250cc528d5885cdc40b3dedfb5d3b4c6dfd7af86cb76d6b3bdec1379f6e81
1635.jpg,validation,1635.jpg,faffbe16997d41f7c2f385c3343fd14e44b578dbe970aa35829939d5ee38b045
1636.jpg,train,1636.jpg,1f52bada3bb6850b1d59079d78ea6c8b3a9d04002a5af51e06cbeb31be591b28
1637.jpg,train,1637.jpg,7b3aae2a4f2ff9e31ad738f9db36696ad08043a44dfe3de1094508811b263712
1638.jpg,validation,1638.jpg,398caa6542252e48669dfd690384d0fb7da9539bf97ddde8a7ae7ee25e179ab1
1639.jpg,train,1639.jpg,3995924213f3ea4c68d57a542be071f497f133eca7aea904260414c394ce4bcc
1640.jpg,train,1640.jpg,8a0a6695a785ce2d399440be7db62d22aa5d6145c0dbcda66c3674623818247a
1641.jpg,train,1641.jpg,6479d91be832974e3c2c8a8857ad0b8914f378c8bcf794cc1d69f3db165f4d34
1642.jpg,validation,1642.jpg,bb1c4f7cb00271ff20ed7cab36c708f7714f38ddfcd4870ec1857ec043d3dfa7
1643.jpg,train,1643.jpg,8c325f2092ed8f920a996fa775c5a0ccc126f48b555003f8c081cefe3c6feac9
1644.jpg,train,1644.jpg,42ace61d10ee9a24da60dff0652d17417cab8206cd892d2382014120c23d3835
1645.jpg,train,1645.jpg,d506524d46be2fbf5f1c17a07063256102c3f31a9cb3bb56cb04343a44178305
1646.jpg,train,1646.jpg,d37c736f5daf66aa83cf4843421b0bb87119e89168a9587ff01ed4e54d87c811
1647.jpg,train,1647.jpg,2ba361a82aaab34a56e61e1e0c4c4a390dbeedfb5221c6e29a050123911f9c85
1648.jpg,validation,1648.jpg,50a6b312ce096a5d1b36246358e23524768b2b2ab74fba1c6ae3c557409421ea
1649.jpg,train,1649.jpg,193ab5ed5ea72a3a64a4208cf3aa98928aa23db5c199cf64cdde252f1ebcfdb8
1650.jpg,train,1650.jpg,38795e40135b88338cbf4793965db130a9cf17102ae64203795b8ec6e3a51cbe
1651.jpg,train,1651.jpg,8f15a078a010c6577aa867b6f1b2f20b6d491f2fb5e4b903406d00469be1d4b1
1652.jpg,train,1652.jpg,d5036e8315a31ce2dc7a966757b57f5ee2a68481d8443b7f0965efd0d9667c37
1653.jpg,train,1653.jpg,3c1758f4f2434ecb1c4865dffdbdfd56882a8ce2837670ea12da8776f799dcb5
1654.jpg,train,1654.jpg,302fe65da5da159db7da3fd9534c4b8c64c195baf20dda6662b0ff1298d6c5b1
1655.jpg,train,1655.jpg,902a0fbc4a78b83421d1c806f20c49e45c7b009a5a1150c1c399184e9cfe7067
1656.jpg,train,1656.jpg,24aaf77ec7fd4630fc6c97b7f7aff74fb42e1d3284c54d20fb53cc985ddacbf7
1657.jpg,train,1657.jpg,1e1f5c08b207aef30dacd1f022b0c0fdd6c0b674fdc7f297643fae92872251fb
1658.jpg,train,1658.jpg,8866a8a0c99f09c809fd2f8065255919f3ae18dcbeee2f41ab6f7f2ba24ed1a2
1659.jpg,train,1659.jpg,56a392de66034d5b888aaad6b0ecd34844899988ad48e5dab748c2c23d7913eb
1660.jpg,train,1660.jpg,6ee0ceb5cdd75684666abb02189a339360429ccb7baef40012623e1ed7570094
1661.jpg,train,1661.jpg,810a397edca22bc08230046456b1ec63fc1c76542f8588fbaacbf7be72cba181
1662.jpg,train,1662.jpg,dbd80b7716d7b8ebf38f8da292b58ab2f6066f9d59d5ffdca520780158f8c6da
1663.jpg,train,1663.jpg,d85f80bda4eb0686aa4cfeb7d8392ab8f912b36d1679f670f14d63fa67b16d9f
1664.jpg,validation,1664.jpg,00341a42d4864ceed2c05774bd37e0e98b46752034acc4b7f968aae241e17167
1665.jpg,train,1665.jpg,684a093c5b2db4229f10a3ce1d45abe75751c031c92197e671d9321ac4596a72
1666.jpg,train,1666.jpg,883cc3a849e24aa71fe0ce0b0cc40c34386b0107fa49f4f680dd17761c3157cc
1667.jpg,train,1667.jpg,5f8ed07e19c1600704482ed348cfe7c472c0ba8909067d813b4fb307a6e5d1f1
1668.jpg,train,1668.jpg,da29fc66792d84c70d680dbade0bb253bbd210aa9e9fe2b2f8361f6e34522de4
1669.jpg,train,1669.jpg,8e7c84d1232b60fdd87c4fc929f93e67240727464cbee1f6ca59b5ea5c44f38b
1670.jpg,train,1670.jpg,def330e37d0678d4a9a7c781fead93543c15c0d480ba27456fbf5b6ebb2310d7
1671.jpg,train,1671.jpg,84d4ee5e3c8d970b0a2f1e5b9ec716ab235dc314e89626ce5d26bb760bcd341f
1672.jpg,train,1672.jpg,d8c0bebc1f6c7fc45cec55d395f659d2ba91dfee19a6ea1c6e993c0acc3433f3
1673.jpg,train,1673.jpg,16ce6bedc4bfa949bda0bcabe893b4070e5712dd33cab2dc84e2f69f8368e3e3
1674.jpg,validation,1674.jpg,acb8f83e11f8e247d74a5b59ddd5b68857a14d582bcd06b1c2fbffd7fd1f193d
1675.jpg,train,1675.jpg,886a480af96c30e23fb7fe5b6cd06cda27d4fc1ec3c380c84c7bd70a346aa177
1676.jpg,train,1676.jpg,cf7be6975f56c997e29e835199c30592fac6ae112321a884ab229783b34929e4
1677.jpg,train,1677.jpg,c0a5c4b15467998e2fa8f3c213f27ad0560119f3caf733b11f1895fe3ce9d083
1678.jpg,train,1678.jpg,587dad06df1a243f956ef357a8d9dd59db9fcf2e89e19837b5e48e08edd5156b
1679.jpg,train,1679.jpg,1ea73a9c228c77fce00ca51caff6244abe00de8e6bdcbd9e4c2c047915e18f46
1680.jpg,train,1680.jpg,c394dab03a4fed5c0328536d2582f09af3b87ed90a4fafe3d39ba26924251922
1681.jpg,train,1681.jpg,80f3c9d1a615f8e3aa2fcda51493768a1808712be8599a94b12beb86c7644c7f
1682.jpg,validation,1682.jpg,795e9e79ce0908bbee334d383fbaa132ce2837380c13befe867b425f4cee2c45
1683.jpg,train,1683.jpg,25f1a790aede93ebb729ec455bc48b37d3b52afa62b6cfa000e813a6f30be657
1684.jpg,train,1684.jpg,4b1e13acc315562cd32aa9f1c6623c0dde47a3dad1ea198a23a19fa951c6bb29
1685.jpg,train,1685.jpg,d389ab71046dcb79d584a8615e1000159391c8c32864ed4bca4db2a6ba6c547a
1686.jpg,train,1686.jpg,86a95779da553d17fa2ccd043203b917700fa8bf1c637a882858b9ec6b1a870c
1687.jpg,train,1687.jpg,f1d885de3940324221d038b6c8dbc8e1886702967edea7679101287293f6444c
1688.jpg,train,1688.jpg,3f39c2ba8071a14e52edacece9fa31dbcf1afde4f99b076547a6a4adf60f8155
1689.jpg,train,1689.jpg,1e4023426db0f40ac1a5b83fa72e5c0bc10574b73d9c24a9a10043f4d8d85eae
1690.jpg,train,1690.jpg,40d4c569cf5a5ad62a9f7b31a4efb3824c0acf67989bb560fb8dc530d8b2823a
1691.jpg,train,1691.jpg,8741316fc2716112adb1afe2a7387b83128c0b0cb3ec751f94fbfde0a67c9fd1
1692.jpg,train,1692.jpg,308ce42ba8595204add4b7290755bfd4a9c3c1a0fddc7f74bc000c727460448e
1693.jpg,train,1693.jpg,8225899e6128e03d3dcf31f8b4d56afab8d612e88753d0c13677242df673c85f
1694.jpg,validation,1694.jpg,1b01aefb86aea5fb0b23a259357d5665eb7406980eec6cfc5d0aa57f638940d5
1695.jpg,train,1695.jpg,ec4fceb3dffb5e77cbd1dbc5af4f44f4a4ce44f695eb061cb829215b8694afe0
1696.jpg,train,1696.jpg,b438d476ea8a4ac4f83bc3841b7be728a6739de996f9572876c74af8c10d8627
1697.jpg,validation,1697.jpg,a59ed8220d84a7023344e2fa01a83daee9404ac66059c416986b5ad00eabf7b4
1698.jpg,train,1698.jpg,53601e3137061ff1cf9196b816de945106b8167bea0c5bc02c36c5c11abd672a
1699.jpg,validation,1699.jpg,4fbe8b45abeed3fdee0279fb63709f39839d8b2fe57803839e33b599680323b2
1700.jpg,train,1700.jpg,c805d463a38a00aac8ba25b25043827fb1430fbd90954d99e9de9ec02057375c
1701.jpg,train,1701.jpg,6085e886a98983671d01b040c4e066eb425af1b16940626784cbc9b93e65f6ee
1702.jpg,train,1702.jpg,e57edbd2cecea50d187e7c9303dce3feaf1dabe30f21c4a64bfda8bf01fa3f9a
1703.jpg,validation,1703.jpg,6d1b8e41ff666477ca1e945fc872ec564a583810837f0f4aee5a15ccdf8678af
1704.jpg,validation,1704.jpg,788690883e7e2cf7b16592dff0839dcecaa2a46d998a14ef086448f6aaf74d3f
1705.jpg,train,1705.jpg,bce5bc51473682258944505214a67b41712503e3698997f30b69ecc89c201c73
1706.jpg,train,1706.jpg,be38f893754f57ba623a64ab4489ee84e92213516c4ca20ad46015188f5bb013
1707.jpg,train,1707.jpg,b68f67e106654907b67766ab624563b0158c116a857ee1ebe6f3660023b7b185
1708.jpg,train,1708.jpg,a66d56b1f897414a95e273ac7f915c450c8f55ad0ace28cfc62b38d6154b8eff
1709.jpg,train,1709.jpg,8fbe7a7e8cc193e40494f3a9391088ec76a2ee6321beb2f0b8ccab44515b7122
1710.jpg,train,1710.jpg,d5b49e1294182098bc199194f3128aca3f25b603173d5d64482dbc0b0d01d7c1
1711.jpg,train,1711.jpg,897748714e269af98844f6556735c9e34e8c9a9692f6f8e330cca23f82b94191
1712.jpg,train,1712.jpg,f847d92aead68607508fc7d2e5882ce5b4f9d27225a8aa1e3e80ac145d0017ae
1713.jpg,train,1713.jpg,a2ddda041aedc879196015ee7ac145837960bbd6701a09ba67c0feace58644e3
1714.jpg,train,1714.jpg,1dc63e5cf92be62ddd715c61c32d85d8e3363fab6b5b1369a4a7c09fe729b64d
1715.jpg,validation,1715.jpg,6adc0ee553c769af1aa3f376064894c40ebc14ad5ec0d9bf33985fcd59e860ba
1716.jpg,train,1716.jpg,9274b396fa38cc7870cc4652014fdf45efbc2da4f5b4570657b80933890e8632
1717.jpg,train,1717.jpg,bfa456261ca747e9d5a507f2a3d3e496aa80a7eaa0045ad861cdb718e4ae7c35
1718.jpg,train,1718.jpg,29998a5c89975c4ed3bf697738f7c17eb038e1b87478acde16a860137a42b46c
1719.jpg,train,1719.jpg,bfb7603ec52db5650c5d13861c5eaf055e1cd2254a1f6b05f677235bfb77ef3d
1720.jpg,train,1720.jpg,1cdd81ca5d11fb896f2e132f12c4a8902b4a1e65c5920ad008af216b3dcba76d
1721.jpg,train,1721.jpg,a9be1d8455318e2a38755246f71a9606e77ec3108645efc4ac6fc90bd3eff185
1722.jpg,validation,1722.jpg,94c01d52cf464263986ca8b55da0d48c41770a23dc2600b86a0f9be6c9fbede9
1723.jpg,train,1723.jpg,88218f7bedbcfdeafc085385eb2eb1f99dd4ff9e75f50097cfe78bed5ca8d68b
1724.jpg,train,1724.jpg,ad4b4dace64676ce97bccb7b75c0a2815d840b9d095d0d4fc7418782ea27f919
1725.jpg,train,1725.jpg,1574747e71cb87e1b049d277a0323bee3c1f5c9a4a8add729c0fc57e69d3a8e1
1726.jpg,train,1726.jpg,2b696135752097157a95d73c1d270cf59ba45585b9f1d211b3f164fc0eef7625
1727.jpg,train,1727.jpg,5e9aa46ff145e037abfd611d8ad23401e2155a7d33ec62783a665ae1dac2a1ce
1728.jpg,train,1728.jpg,2c0e293fd3b10569ac89a269f18eeec25c85a88be78d0a01ff88731a050bdadd
1729.jpg,train,1729.jpg,878d4de1bbfc92955536d2a3abf80a76611d444e58d411d7f0153f5f8e1eff43
1730.jpg,validation,1730.jpg,463be375255dd722f7f327e181130179c57efa536a3d7ca9872fe807b34fdab9
1731.jpg,train,1731.jpg,a443d6a763217e04997f4fb122a59021a850a1d7c52b1fbb6462aef46ad1d0c9
1732.jpg,train,1732.jpg,a05ba6db8268027ced1013657e65fc367ff1ce8871cf968018499b055f41b3fe
1733.jpg,train,1733.jpg,4d697411b7a2e8919fa98b6037f6d77b671de4100e1fb1003196e44441a0b8f0
1734.jpg,train,1734.jpg,1f95f249c18393efdcaaa753cf74f9cf6b47292860fa8b73f52428341af5045d
1735.jpg,train,1735.jpg,5e3f36ba8dc12d029651492780c5326d491febe596787e0ad72f500abcd50de4
1736.jpg,validation,1736.jpg,62554b1f8cd5ee81808ddf52f4c0f1aa42a4c5538040de34b89caf574025b218
1737.jpg,train,1737.jpg,05b7b9497a8776d3e2d19c3917bee90e1290379540cb45dcae6791e5653c8ef9
1738.jpg,train,1738.jpg,3043d8ab5686b5f26837168739aa3ab15ccab0896d21d348674133e449b95b11
1739.jpg,train,1739.jpg,9aaaf9f4b24b53d578b249062981fc250d91ace199924e6a854c1e06d6843070
1740.jpg,train,1740.jpg,8a1bdbc32936e5c10b075e7779268e466d637d15b41368cdb84ee84370b3b362
1741.jpg,train,1741.jpg,a0ce091213103a1b8a1e6d065b3fea0a04e03de8e62d4939748c3866cd8be830
1742.jpg,validation,1742.jpg,6602c64f5ac1f367af15bf02dc0ea1cabec1d930123b4d1848e8a2326692ff3a
1743.jpg,train,1743.jpg,2f8eaddc7436474b99268f6c374b60a369db49823d87823781cee0a2a13f9787
1744.jpg,train,1744.jpg,0bef9691f244e15df3988150d71ba02ac8229dba054c41d0848fc75be4334e4d
1745.jpg,train,1745.jpg,3482a67b5d4aedf62562887ba339536f992ef641ccc60591f53d77bef56a3680
1746.jpg,train,1746.jpg,af9d6b20fde3804b6b52df8f9b727a7b2345c1dec933d37e56183c367dd49248
1747.jpg,train,1747.jpg,1098f72d85780e46a1b4fac843de6a7585a3568d1ba937227cc0b90f369bd026
1748.jpg,train,1748.jpg,8cf099784b26719ae0c86271bb0bead37e03c101db2d77200e5a28dd2dd9c690
1749.jpg,validation,1749.jpg,5868f9b36e8c810d9acb4d6fb29764ca14ec02acb35556d725242aa89091dd59
1750.jpg,train,1750.jpg,3c4bfd336a5a3ddd78e6f1fa04c09adc3e19864492ad3e46651841e4d20bc6e4
1751.jpg,train,1751.jpg,122f019e0dab1efdb796d3db4421cab31d3e81ebea85390dc93a51a9045cd19b
1752.jpg,train,1752.jpg,7508c1fb76334c625a23d54d31cca3901ea84c5d3710b0a0e2c8307961681277
1753.jpg,train,1753.jpg,48220cde052fbf863a9b687e7e057fb076e17629804e6b15ea43ef87b2dc02b5
1754.jpg,validation,1754.jpg,aae7f082eb4a00f1d3a27b4deb130bd4bbdc92093ffc4c2fe9e2b09f554cf197
1755.jpg,train,1755.jpg,e63b98889d64261cdfa80eb2783db82b596723bf5bb1056f115deebe3440b07c
1756.jpg,train,1756.jpg,36a93e12c00cb7a17b8a1212af3f97debeb9ca424f502abb9c9c9ae157c89e72
1757.jpg,train,1757.jpg,3ffaf2d7037a3b7426d136a571dc72e231f0f07157173137d2a3e6720a36deaf
1758.jpg,train,1758.jpg,3a2a87d084f9d0d9d5cf04ea63da02172e14ca1cfe751dde819a8ea30f7352ae
1759.jpg,train,1759.jpg,6ae60eb889c281c741b0b3ca0483a79c0d2cb4b9e4fa968d5b20923d571dc60b
1760.jpg,validation,1760.jpg,3cce0a7c1b697c2c165acc89f5f7c5e21d3b750e9c8e6f1b08b2bd6e32205169
1761.jpg,train,1761.jpg,01aeb2b0c34a9100af67a41a4d744d12526359cff9c3cb704212e4c820a2602e
1762.jpg,train,1762.jpg,5910be08634f6ed4b927a84efa5a7bd9fa042825346c0b17f06c024cda168160
1763.jpg,train,1763.jpg,c436f95f5209a015c09945e5940fb5dd1c38f5c5775144932d4376e0c48819a5
1764.jpg,train,1764.jpg,b6d2785bab821808377aa20b52fad5eb116eb6e116350342235d60f0b684b0ca
1765.jpg,train,1765.jpg,36a77316af0e64a6140908731cf2e9b53a5fe178664669470455d91185fba505
1766.jpg,train,1766.jpg,c72b7dff5de87a71d2d10b6136fa45328189cd3c5bb8d569ea8fa602536dbf34
1767.jpg,train,1767.jpg,a9846e2c900d5b2ff397381dc9bdbc3926f642de85ab9ada20b7d1602a50319b
1768.jpg,train,1768.jpg,5eb4bc2534986dca81de045d01f05572e31801a0f1f989de27f957bc9355a8e7
1769.jpg,train,1769.jpg,ecc86508b465a6ca982fe37aeb73976a5679161ab7ef0f8447b1596acd1a7044
1770.jpg,train,1770.jpg,bd9adf5ca3fd3dbe450faec40340fc2be3f97cdb165a7aafca6ec27fb29780e0
1771.jpg,train,1771.jpg,1ab59316629d0a9071f38371d692d79e3ac7bd9952fd5f48fbbfdb4e73cb5e2e
1772.jpg,train,1772.jpg,a3fe20bd3b578b1d5bf539624fe632aa0f13558145342d97aa07ceeb955ef649
1773.jpg,train,1773.jpg,b41815e8a0f0647cb05be4addbfc1d7877a68525db496dd8009b4ca28ad2d80f
1774.jpg,train,1774.jpg,7920243de393a14ea2089159043a37a4d87a28497b8fbda534ff88bfb3b6e668
1775.jpg,train,1775.jpg,4d673b05975d4c5dc9db97d8705b162c101c3e1e9d7c95aa762991184bd0689e
1776.jpg,train,1776.jpg,a815d852d4abef5ec0618650fdcae2a01ed0ff704d15d72703315f90c393f56f
1777.jpg,train,1777.jpg,cfaf6093596ece721840c4ba84f52800a278b9ed04f6198725bf1c09dda85578
1778.jpg,train,1778.jpg,01e821ff23f56f36f8664b5f1a8f49852cbe418e15309367df5cf9ac7db98990
1779.jpg,train,1779.jpg,7c4298260eabe3ed1e714022e8296d78770291e601a9faceb051d447a53a513a
1780.jpg,validation,1780.jpg,6bfa6cd125ab483ecfb013130a73ff2c714639d2925568607641dd125aad5b4d
1781.jpg,train,1781.jpg,54a9ce4878e19cb614cb4ae6b78c0f6d27cce7b5596b64315f019bd3870ec13a
1782.jpg,train,1782.jpg,abf2e413bfa68804298d68863883ea899eb8e71a7b6aad3405968e84603a5adc
1783.jpg,train,1783.jpg,3f2646bfb2cba130123190544ce14264490ca836834ecef3762a116ad269a934
1784.jpg,validation,1784.jpg,259b0a416bbdcc960d1f4407d6b9a691b8dec74cf845656189d561265d9ac646
1785.jpg,train,1785.jpg,1ad4102e8ff3c11e85a3c656220de6b440cd0992f42ee6dca8a0be08c13809e6
1786.jpg,train,1786.jpg,365baec61eb89aa1b72015bf069c11209a9e554b5b644f47a3fec199b25eec57
1787.jpg,validation,1787.jpg,38d61357c1d4e29ac8295ff86927a58213509d745bdf8abc1bac55fc81bda234
1788.jpg,train,1788.jpg,17756449eeb2925fbecadff2e203698962b4f00aff798d50475f9672ced0e8c1
1789.jpg,train,1789.jpg,383bcd49ec190d7d375a9fde76a2b896c9bf47644f725beb2cca02192519f9f6
1790.jpg,train,1790.jpg,32f4fb6ac0356a4d0514367c4a2c2bb69d77c96842ab43471aa8b4eaf33cb9bb
1791.jpg,validation,1791.jpg,b17f6c8e270fbfc8630536816977abcdffcd6d4358f1a8fc8914894cd168c071
1792.jpg,train,1792.jpg,45f7d154dd4765d2a06eb3f44b91ce51ecfd23c4ef76e249c77a7b31e76eb805
1793.jpg,train,1793.jpg,744661ad33eb2a5cfc9b9b306fc9fe3d125e0d90c2b7ea2a44726825e694fdc1
1794.jpg,train,1794.jpg,9567d873bba3c05f4727e131c2aa63de34d6608439412e7a8c80d01235bd895d
1795.jpg,train,1795.jpg,563b3fcb44300940d909dfe1a5a1050912c42da8e9ba04085d29b2519b024b9a
1796.jpg,train,1796.jpg,7bf0eec13dc7a6c047d2d3f650766a020ab53e229daed469bf75c147e30946aa
1797.jpg,train,1797.jpg,8f2146a2516e717c940ff1619ef86870c0346b61e6b9023abed0e4fecae10177
1798.jpg,train,1798.jpg,c4250272746dec919f5e82e187f4c7de75c5586b6845397acaa738af34a3deac
1799.jpg,train,1799.jpg,5be054654e03ae739c3582524af478c782654e0a4a5c13f8ce3de36d4b6887d1
1800.jpg,validation,1800.jpg,26f748a43ab2e9a993a27ac5f2906eb93266e5ff365587559ee05790a532416e
1801.jpg,train,1801.jpg,282297fe5afd01212bebbe0c5cd17bdbbe343748cd90fd07dd542c2e095dddd4
1802.jpg,train,1802.jpg,2bc29bbc8ffc640016b822200a8d86daaa3b385926aef50fc48e159954f4ff81
1803.jpg,train,1803.jpg,45c6b817f8c8dafe23fe384f3f93dd83b44fa330c2afe841827dfd14b66e71fe
1804.jpg,train,1804.jpg,93ecc6b52081f3971b8f1db3c1a43ee7a971d21bb408d5f96b70b1866db3a899
1805.jpg,train,1805.jpg,3ce2dffc29b46ef7e609c24e256e6089cd56c2f2331776c0e34740aed3745c5b
1806.jpg,train,1806.jpg,6091e9300634a765dfbbd187c544b1f482fa3754d459ef6d0c2de2c7d95a1349
1807.jpg,train,1807.jpg,50af35759d732df123f15b72a863d0726a0b86054e147132f066c9c23c7e0550
1808.jpg,train,1808.jpg,8f6a9fcf575f94e93f79a00beba34d92020207b58b340d058b1bbbf037ba90e0
1809.jpg,validation,1809.jpg,284c1b981758babe5bd32f088e8e21eaa01ef542eb5a239ad810d2581248f60f
1810.jpg,train,1810.jpg,1cde71f1e22042805fa3c1c341665df18f81e87839ea0f5ae0c7609546b6780b
1811.jpg,train,1811.jpg,d1d92f03429b9223cde4a3347ce0575644bbf36e400fcbc990c308739a8d9359
1812.jpg,train,1812.jpg,28b56ffd23d6f3a5ed419e9270387aacd48ff69ac29769bd5ecbe67ea4295248
1813.jpg,train,1813.jpg,e849e4f85259f5a289892658fa93da652c39abc54f38f6f11f001a1be03c31e1
1814.jpg,validation,1814.jpg,0f18fe079d6291b7556dda9d394fe00b14d4f7facc8a2b44f7593555b261ae0b
1815.jpg,train,1815.jpg,baaf40a61a773438bd6817bee3d10cdd79d4571cdc979f6f2737cfd5550815a2
1816.jpg,train,1816.jpg,58427da3c6edb28b5f78ff78cb61305261acd6a7f00641b5f97e01f1637e2b80
1817.jpg,train,1817.jpg,fef88bd49f2bddd4cebaee7f8225ac7517c1c23456a247b0046510d340b5e8df
1818.jpg,train,1818.jpg,b45b2c5c628f999602751ae2e1ba2e4f69b72db17129a54e41f3f4cfcfdb9c10
1819.jpg,train,1819.jpg,493e17fb2ad9f0949bcb7fda1627f50cc55bb33f9573b82259b34463abf61432
1820.jpg,train,1820.jpg,a558d96b64f1f3ee245a0135f1e3a6d77799a77c009271fc9c88fccda81b38a1
1821.jpg,train,1821.jpg,c8f976991d23298e5d39b6b248eb45f8dade3caa2c7f733f3df95c4de2a8b309
1822.jpg,train,1822.jpg,221b1fd8cd85d19e9c52c652aac6ff1e98b45666c2de79e25e951aee65c55ea8
1823.jpg,validation,1823.jpg,45a8cbf81df478c0c41cbb4cb24ea21b4a055961e9d4657bbb49b7980bfb3668
1824.jpg,train,1824.jpg,125eac57b16dd29ec6c0c56ae34a3299ac2f73e96a9df4ba6f177a2c251de02f
1825.jpg,validation,1825.jpg,a798a0947b4ed70824a0f26cd6b0492eb9631151487d0d60723c25b0119143dd
1826.jpg,validation,1826.jpg,0b21397ba2ecac388026e80de0271323a093a27e951aad561f910cdb8099ec9d
1827.jpg,train,1827.jpg,afd769b774d0d3c37361b5b60e1e7089adf4bdadf225e831b75911f8b9c8eef0
1828.jpg,validation,1828.jpg,d62fc314c49df408a842839e86cbccbc41d444fce8a2c6cb27fd5543dfff74bd
1829.jpg,train,1829.jpg,5dfa354d490dc8a9a4ffcc517a42f14d5a5bfcd5d4df8174f132572a89cd9d24
1830.jpg,train,1830.jpg,9ee4e51e16ddd86a86669fcc5012d4794cf08234317bd2efedcdda112e45bc32
1831.jpg,validation,1831.jpg,43218b9bf68791e22a311dab6777832720ee33f727ccc64dbe90d7ea7cbd8deb
1832.jpg,train,1832.jpg,031a6d4d6b81fb69518d0cd33dadf1ce72a636475a8a892c4a78f21d1552b230
1833.jpg,train,1833.jpg,366ba17f8a8bca6347d23707fda7d26831ea65dccb1a3267596970c9b8ebd494
1834.jpg,train,1834.jpg,44df654922b424d52e4f7aa53a68240ee6036f3eb38d51c871321107212d8431
1835.jpg,train,1835.jpg,1fd25bc5808000ca9448c90c81ad5cc553193f8fd8f045b5d7690bc8113a1330
1836.jpg,train,1836.jpg,ae1308127a55d81cce05e64c9ceebb03649d5396c022207b1f42f695c0244d84
1837.jpg,train,1837.jpg,2298a2f1c9ee817f183d9aded15cb7f297119a81a2f7fd5610f7785507a44118
1838.jpg,train,1838.jpg,39cf55bbf8d8624ae8a1554f1b56471be26bd23cf625a8a392aa1b9ebb7f73fa
1839.jpg,train,1839.jpg,4b5f13bcc9928a08e8ec4e7111a5dde608f02c89432b345887f9967cbafde721
1840.jpg,train,1840.jpg,cc7cb222fa76133b0cd42fe425d2015037503b10a8c6045fd875bd65e89eb672
1841.jpg,train,1841.jpg,7bad456eb8e215fb1f5746961d86bbefbbf0d2eb3939ec1681d8eaa10d1c480a
1842.jpg,train,1842.jpg,31e1d0d4393aff23fdc40a9fc85b10b5ceb25686ceaedb0636001fd551d6bdde
1843.jpg,validation,1843.jpg,0367a2e55ee83dd2eb9f0d365775b560c6a59f64895030aec7f1df7e07afa311
1844.jpg,validation,1844.jpg,4ab53f7305f42c39c0f5f2fb38a16fb54609ca6a5f084bd74542c185ac316577
1845.jpg,train,1845.jpg,df286864b54d3e25eee4b1125714229fc0b6c67aba02d25c6610057d91c8e59a
1846.jpg,train,1846.jpg,31206dccd884c51c19cadcfe69d4c0bd341131a5fd2c4702c1b8a0f2594f5d1b
1847.jpg,train,1847.jpg,e713ef8e43a9e77d38e9167489756d48e93e2f08f727dc34da625935d464d1b1
1848.jpg,train,1848.jpg,8f9e6974b56df05b9cc1671dd7c85c137a5d21ce8c2e81f5632ad46276f53edd
1849.jpg,train,1849.jpg,0028a2c96f9d4f8eecb48dab68162f935adf5d7ccc84c47a9acbedfe528bbf60
1850.jpg,train,1850.jpg,2ebdd55a8486caa55d4c0d0a81345ead11b317301b8209c5561bdaaea6fda39e
1851.jpg,train,1851.jpg,ea84fd50195aceca0d7b85649079206aeeb3eb306c2bf9e294622a97e549de73
1852.jpg,validation,1852.jpg,6d98ff9b0950bd9543cccda298da72de4dd7420276f5fc1d5f1bc789b7d3ba34
1853.jpg,train,1853.jpg,a4c50e137dcc28e8549217fd243427771a8a7a6ceb9aa40ff03fd95e80c80426
1854.jpg,train,1854.jpg,4e30473cebc712b998ebe58d1fcab65fe39938799bff99ca56931d1bad99bf6b
1855.jpg,validation,1855.jpg,f97827fb47a1cbf44460ff1ddab02e7628d67dc1f1a70505bbab47a63e4906c7
1856.jpg,train,1856.jpg,cbfde087eadfc36689d30dc2cf4c799222ca31d3529066f9334d8d173d73877f
1857.jpg,train,1857.jpg,5164bf811e910b483875549b1ba5e4086580527e51f5086b8d860a399e790303
1858.jpg,train,1858.jpg,300f10445bae750d472777bfecbc42f401eedb840e52b19b968eec182f86cc74
1859.jpg,train,1859.jpg,8b7255e39bdf9ba17a3dfd4f14a1425ab041989d7a324e2f6d845d6f03cca363
1860.jpg,train,1860.jpg,618f970259fb4166ec54e71410dfc6c3869af5966bdaed35737d3b0ce8f1a5fa
1861.jpg,validation,1861.jpg,8a4e98fafe8e5eb8322e5d5651a1e683710ab5449b93c587e2569b4709618ce3
1862.jpg,train,1862.jpg,eb4bf93d894322794dda03da5e79f58ecc7b021b939b93ee615c57665d33525e
1863.jpg,train,1863.jpg,25403083a21d7537c9ba5a61959398a51daab62d9a5887de3fcc2bccf4fcaf6f
1864.jpg,train,1864.jpg,e380749347c4ffd46857014eeb5809821c714ab8f0fe95675c95696501d4cd3a
1865.jpg,validation,1865.jpg,3b0b8b9adc32bb70ec0c655614710370a4adfc5b48125f746604a8796967736b
1866.jpg,train,1866.jpg,92121296332a68d8c1a8fa476fe619dfdb4366c5b7f3fd708d5690992c5bf63b
1867.jpg,train,1867.jpg,67e7cd3b3f95ef122c0cb074d7d83cd4d14af76ae673ea39bccc928097d814e0
1868.jpg,train,1868.jpg,75fe37c1b74b0a77772d0dbd15d7a8dd1ad2205a51127e535e7f59e6da037e69
1869.jpg,validation,1869.jpg,f2f6cb1792caeb9ce63fdd9a95e05a35ca90a122501ca88f0cdaefcd7c2de729
1870.jpg,validation,1870.jpg,1416fbef5321841e286d015970bc8780c02756041969e78fdddc7429a0b4c33b
1871.jpg,train,1871.jpg,6f590fbb2371e11d64f8ddb17151385d42213b587c6cf9463a1dd54faf170dba
1872.jpg,train,1872.jpg,86a925ea59cac1be8acb53e99c9e00b95329b9b54e4e122b3a1196d92a2ea136
1873.jpg,train,1873.jpg,050180c769ec298e227bf7ebf2b98534ca64d2804d66650fda8009e85b56729d
1874.jpg,train,1874.jpg,e3042213f4261c6c4c8db11f8ee89c07851c114df2e7b7edee074ff931618536
1875.jpg,validation,1875.jpg,d789a1e3e8b9f06647a4e2ecd51dae4f741012e83800bf15ef07cece5519cdd7
1876.jpg,train,1876.jpg,7a15f51c2acb5f056ed9222d808b670065e0e815a887a8e7314f98fdf8e90681
1877.jpg,train,1877.jpg,48b89381c2fb257595a73a914424213327bdf11b6433f51f41ab1f454d16a9c3
1878.jpg,train,1878.jpg,4e23bf562e08af868b70787a794402ab8547001481df5b7ac44ecf4decccee9e
1879.jpg,train,1879.jpg,0dde8cbe9f1df980a35ad310f7386fd03d57fd68ea0934ea2d5c9ee7df9b4797
1880.jpg,validation,1880.jpg,6289b382befa74987acd93ee4b4fd5d4c42cdd4baa9e1154ad0f98d1d33c22a4
1881.jpg,train,1881.jpg,105f1cf7058fcd74b2630869410cd7fff3ec2c8bb98fd4d6b16cf31f7810f41a
1882.jpg,train,1882.jpg,a64c6b04f488b3859f0275ca39bbaf8888ac0b60f54ad2031d138ebafc79499a
1883.jpg,train,1883.jpg,a7b95c55194a17ebec384c2afab864f49241d6790d500a1fc9854d1485915cd9
1884.jpg,train,1884.jpg,f88bc70350afcb4dbefc348d1fdcfceb0efb4913d66a4520db5706808e608fd6
1885.jpg,train,1885.jpg,bf6ef2bff271762ed527eef78c9db904eb518d0d19302de1eb491c9bd1ca10b6
1886.jpg,validation,1886.jpg,e599f1ac61c8db3e9558e3dec8b6e1d679f9bb0df4015a199195e97e380b13c4
1887.jpg,validation,1887.jpg,eb24c57eb9bc903b9967f541fc3f229736e0d3b4632df7e839d3f4ca3179f60d
1888.jpg,validation,1888.jpg,a586e28704c1067171113acd91d42da11e04f4315edfa708405d928716d5ffc6
1889.jpg,train,1889.jpg,e9283ba6aba3b2293938edf8badeb879b34c1e72cfbe89669139c48235e8e0be
1890.jpg,train,1890.jpg,c4217283f974d54a63cce2f2c0865ee2af3a5c3d4b81c48b00e0b5c84b9d52b6
1891.jpg,train,1891.jpg,1b4233eaa4216a1de5f52e67b61901cc0f9597498383b3ec6d0ec1fa09d809c8
1892.jpg,train,1892.jpg,6654767ce147f62b3cf9f21e563b8d308aab18bac5c432a4b49267a3085baa9b
1893.jpg,train,1893.jpg,431e8de8e93e4818f5b53fa243eb1094b8dd4065c2abe7f4fc7cced226b3ee4f
1894.jpg,train,1894.jpg,753ae1458eda46fa38495401a0af2e48c10c32ac52bead40fa8d05e43a4d499d
1895.jpg,train,1895.jpg,1fad04af26786c30e228a56d3e82c93157efd05cfdc6eae4a91c9b0171f17f9f
1896.jpg,validation,1896.jpg,1276a6b9f896f1a5e69cc3b6ec62b0f21d15b747096f4720cd0313b592f2aa49
1897.jpg,train,1897.jpg,e89675229d667e6dbbf457956b5bf4b598fba3fc8dc76a3b9adeb9ae35a4060a
1898.jpg,validation,1898.jpg,cddb15175679a973ae12eb696a4bdfaaa4881a7896ab41b73a34d5f7b39f6ccc
1899.jpg,train,1899.jpg,247d12a6223791f10a6d4c4f6e540497030ad77fa5e55d6ba916fce5577c5494
1900.jpg,validation,1900.jpg,8ea6b1062ef078ac25e01cf44595fac2d5ac7d40f839d1f74815817e7388beb2
1901.jpg,train,1901.jpg,62e0ca62d38341937ca58c000ddfa6b95eec75c7df2eea5c90cbd84697ba15dd
1902.jpg,train,1902.jpg,8a703fb608e336a39c9239695d8da13b90f343e9e9638706ff38a348ba8f847d
1903.jpg,train,1903.jpg,5d7963411d8e5c0be411eabf51d46565d07cc12e8b518e8130137af380c0e2b7
1904.jpg,validation,1904.jpg,de35a5908360575fff503929372114e005c4a3acc544ae759abacc3dedd1fcf7
1905.jpg,train,1905.jpg,62d4f8f34e4da5487f6e7af9cfd47adc41d29281ff6477cb4a29b94f901bc95c
1906.jpg,train,1906.jpg,6b615d0bdf342846ab531e5f9f41816631fcd413fc2dff6b35c285a6f1cfe441
1907.jpg,train,1907.jpg,2ca12c130503056beeb35edcb1f751f6725c1c327ab125edc1bb4c19eec6855e
1908.jpg,train,1908.jpg,291ec81289cedbce03547c98c6a27ccfac6dae400c1bc19972e045ca8bc38a85
1909.jpg,train,1909.jpg,4dfa0f179ec6231d42b93b8e51dabc3fbe35b0ddd1055f42d26e375f88da1593
1910.jpg,train,1910.jpg,485469e806baf30e6813847e3c51e44df4d4056412a00d063c9ab0f59986c4a0
1911.jpg,train,1911.jpg,f085c6f35e9a8e67b4847308b6926fe3563515845acacbf062e67e0a3462ea88
1912.jpg,train,1912.jpg,cc55ff9dfc244c7b5d07baff22ec88565c51d1f9dab1060dc6692c389152340e
1913.jpg,train,1913.jpg,74773e7fc964e78874ba3461ace792925c050d84048419ce74b2bd9a3e77e124
1914.jpg,train,1914.jpg,816dcb5c726cd510fefa8878bb3c467294667887338731870d129c2848bad89d
1915.jpg,validation,1915.jpg,bf0eeb63000f2ae25926ecf816e2392263a464137ced59bd3619c3afbb1d5601
1916.jpg,train,1916.jpg,b26d592c917063278c33bfc362068c3cfafb799186a8a00ed828304642834599
1917.jpg,validation,1917.jpg,e37717e9db386521027b5436d536d9ee5f788d81be3a025b01a28d382f07b2d1
1918.jpg,validation,1918.jpg,a16dee11118cc3dbc7d36d2a89ed1530fd179ce440c99e5b81612c9641c6eaec
1919.jpg,train,1919.jpg,6f74e9edd4328d29f66b0e53d91a62cf652aff200731b98e454b333188ac5f18
1920.jpg,validation,1920.jpg,3820308d7903af48e4ef0b2e2fcf34dacb4971bffc118a184891bbd221502356
1921.jpg,train,1921.jpg,29dfd71f098112f1d667cc818e0e903ee22c301a534349668f47bc1ed5eca4d3
1922.jpg,train,1922.jpg,f48d56063ed305b6e1e40307d10eaf6f5b777798c076c468ac71a9cb17d41125
1923.jpg,train,1923.jpg,798891974b1cb46e1d3823f3af172b349bd5d47cd9a916cda854bf39ee5fac70
1924.jpg,validation,1924.jpg,cf9fe3724fe8c5465adfa06ef401ee896f319bc52125e973e5fb20892682bb54
1925.jpg,train,1925.jpg,c134d73b2012c26023344ac8760259688d450a0946c6f6eb82faa3744b9de995
1926.jpg,train,1926.jpg,de56bb9d1ccd131a7bcbec2e9023d2d18f51a45951eb938769eac0129b6f79e0
1927.jpg,train,1927.jpg,dbec1f220b6763387cdac11cd3512ff4a333e255c39b343295e0f9dfd113d076
1928.jpg,train,1928.jpg,071cdb30ee3d7290deba62d0f73f27c9a21a933c5188c3b8c4e3ef511530038d
1929.jpg,train,1929.jpg,cb5877f0a959255c95b354168031b714d3e547e24079bc385dd84677f1f5ed86
1930.jpg,train,1930.jpg,0199b68f1654b42a5152f4881fbfa192a32ea50bf4d1c11fb43e26363526abe6
1931.jpg,train,1931.jpg,ed3cdf1d777a7c0595a31886eaa62d8664db20a7dc3c1f73b647b4dea063bbd1
1932.jpg,train,1932.jpg,98bfe6bd86fe52bccf7d8468356ef05d7e9d8790e0583557218d1343e9c5a42f
1933.jpg,validation,1933.jpg,552ec4c41aefaff6ba5b6b7dadc8d70efb16cdf0ebae9ba04c76bc1b55b67799
1934.jpg,train,1934.jpg,5d4ecaea92a0d361b43b09164bc46fefe420486514ca5eebd82622b1e2cc05ed
1935.jpg,train,1935.jpg,770abcc6e8832a6e5059bcff2604c7b7f9461331544335e79a1f98041c70094b
1936.jpg,train,1936.jpg,a3de8b11146265754bd728a30683ca6231499539858fdc9af43bad1bbbdad7d4
1937.jpg,train,1937.jpg,f5429ff97f4c29896139efcd3f4c98f8de3b21101989c9bf26fcac6e9f04f0eb
1938.jpg,train,1938.jpg,5f27825fbae21f3cddac09f22ea44ccb41c45210f8aed17fcdd51a2f66de2ccb
1939.jpg,train,1939.jpg,e0369da55eef9b24a33605eed0b23c288a0b862c7af9e0b6026d07b974487802
1940.jpg,train,1940.jpg,912ec8307e05f102ebb35b6fe231a51bc5c85eaf81737c85c24dd64d46d5438d
1941.jpg,train,1941.jpg,e55c9a18f2b1fbf0de152d3d08f9bde588c43f6fe12eb47c0586103bb69bc5ba
1942.jpg,train,1942.jpg,3a639b3086492758e484291a6cc20833e625e6a9e1d2754018a07fe301930052
1943.jpg,validation,1943.jpg,5a7728ea51db86ff01d73beb316396629cafed72a0f67f4cbf8b942fd9042d27
1944.jpg,train,1944.jpg,43fcca61dc6a7be4f570626f65edb32d607c50cafa246fa52ebd9727a6f9fd4b
1945.jpg,train,1945.jpg,c741c769b063d3ff4443127f53333e5c0ee6ba3f4637951ab1f35fa443c95016
1946.jpg,train,1946.jpg,269b53eadbc046d9742db4fcfa45cee11e38e21e5f766aa0ca344412539e22e7
1947.jpg,train,1947.jpg,241896966c8a64de2c1584c27501256b1e8a1be0474208b7d305fa09f25abcd5
1948.jpg,train,1948.jpg,9f818dfbb605f21abf76a51fef3a6d4b89d2c1ddd024edd37f9775b5f581ca1d
1949.jpg,train,1949.jpg,8af2273e8b1107286aa69dc8257ba1ef218994560433bcbd2802b2d5c86de748
1950.jpg,validation,1950.jpg,9dcf9c38b1453a090672a43c4c62f35747c9997c7605fa56560dcbf306b260cd
1951.jpg,train,1951.jpg,cd1c2861dec922c96fe71196fd94830b92acd9d93c491d4b3c71bce183f99831
1952.jpg,train,1952.jpg,b89e3dd2358da393cb2333f123447a506351c801d82171044a801bea574a51c6
1953.jpg,train,1953.jpg,00ddf8422aecddf3941ff29446c597aa4cc4a03daf77d5e600de4bfcc8d059a6
1954.jpg,train,1954.jpg,eac41b434c044320a8d7070fc07dfcfd730eea9e5a7a5773a56bb78c75693eeb
1955.jpg,validation,1955.jpg,2e1655f1686bacb1a9b3dce77bf9a5204df9816bad084112d350e1283860af5d
1956.jpg,train,1956.jpg,ef5d42268d078d3467cabd9cbf9c56ca6d31451d85fcf6e5354988d7a0ca6b0d
1957.jpg,train,1957.jpg,8628baefa6d3e50919de3a05704c8bd8e7eadb82c6536fdee7a78e16840da30a
1958.jpg,train,1958.jpg,c428ce82b085727c088806a938d6f8380a5806d0bcb1c907e3ba008b33d9e0a5
1959.jpg,validation,1959.jpg,cd5f250d3b26313afe48889a3024b20c88d4a7c07e7039cf98e8b64308874670
1960.jpg,train,1960.jpg,1eb48876ff4c75e44adcee2aa1f575a7d581e22dd80b435bf50b62f43116dfe5
1961.jpg,train,1961.jpg,667a639eaee07a30eade4640b714f8d4fb23fdfd1ff01614f9d999f097514111
1962.jpg,validation,1962.jpg,d450c2d54945ba9bb2e681902e067d36ce20a6ac02d8ec85b6e10b811995897c
1963.jpg,train,1963.jpg,93484bd0c9bbf4df8be2e889ecbd5e68b8e0af3bab6161e34b54cb302bfe97df
1964.jpg,train,1964.jpg,5fe4e1233af6ba0173f5ddfe33f84093a09ca6a96ae80f1bcdccdda7cb67d3b1
1965.jpg,train,1965.jpg,8ff6da8e61834ff414e24d5ee3e9e2eb1ffdf2eebd8976e589b7b5a466e19c47
1966.jpg,train,1966.jpg,d784671d73f4b12c52b86318a390f4082bb9e4e0fb28a7b6d6b7070ccf98fd26
1967.jpg,train,1967.jpg,1446eaa313168d648e52a9ae5815a1bddea82ca3ec4611f4c4f7b3bb7cc8e199
1968.jpg,train,1968.jpg,962b86a1e2e9f6b936dfcb58e20b9c6ceef00eb2345643e7be5ab3b1c9798e61
1969.jpg,train,1969.jpg,7b5b283207c90ee594a24f5fe2e2da1eaf8c3125881fa8601aa8389566c76d63
1970.jpg,train,1970.jpg,5071a6042a21acc50c26d4757f6ddba77f044cef88abb98f08353f7478ab0da3
1971.jpg,train,1971.jpg,bd332dcc9a6ba15954ebd122de2448799ac985cc4fecdd1d7560fea083e63265
1972.jpg,train,1972.jpg,e6e563c7e2bf1723876d6a52a7637da915dcd199f5f3484a9ed1f6d64b578217
1973.jpg,train,1973.jpg,7e4db27ff7bff01d1627aacd0138c48f27869c15ca04f7f9dc6429fd8241856c
1974.jpg,validation,1974.jpg,c156f332a3085be94528108fc15f929f85d861aefb5ca5494d4956c39eee747b
1975.jpg,train,1975.jpg,fcfb6b20bd02a7f82b4c18d0040c447cf13542bfac4667c5bab64829834756c2
1976.jpg,train,1976.jpg,093d7bb612bd7d45f3784f772308030803eaadea53a3461da96efcdc3776a216
1977.jpg,train,1977.jpg,a1f37a9b9295463c6c84dcccf66bbc9c631b15b4409f2d47b15e30887ca3a377
1978.jpg,train,1978.jpg,4c2e3a6d794743306475f1a7af986b44d7738b7598f80fc8fe0995251f3e4b37
1979.jpg,train,1979.jpg,a414d8197d8a43ae8508be1cd83f306e0751096e0d4e87d8280aff96d030220b
1980.jpg,train,1980.jpg,fffeb33855132b23cb159443f4f7cdfdc23fc75d5b113b608d2e57d9d9487f63
1981.jpg,train,1981.jpg,1278d49bc2493683afcf444017cbafa705c580b7c0c64d0ac7a84cef3c7e9c01
1982.jpg,validation,1982.jpg,070e3f1b23ed84699da4a6accde48a25a000344f820a8a55b501ccb8d65a9f42
1983.jpg,train,1983.jpg,7588262f10a87ffbfcf59d077cf1a1767a8d82e5f831cbc3c15a6a6c55005d15
1984.jpg,validation,1984.jpg,52e9333851bb9fe9775f5d983c0256b99fc5c9ee98b84b8f4b319fc52d124e55
1985.jpg,train,1985.jpg,3ad14cb43c21508034a5bfdb6a25356f200efa032ac596c68914c8637489e8f4
1986.jpg,train,1986.jpg,ebc54ec1fe98c5d92fa39b21835386c114de8b7723a2cab6367b9474874e44a8
1987.jpg,train,1987.jpg,6d6853170c659f6064e7fb997a3d7cc6df4ad2dbabf92444c1926225f779dccb
1988.jpg,train,1988.jpg,f277725aa73fcee9bd22bec2395d745f1993952d4500bd8611e5216730243db2
1989.jpg,train,1989.jpg,c6d0ada917711f5970e20adc665ed4e7b35ae86d4df08bfd0990bd5da414a666
1990.jpg,validation,1990.jpg,0e965c20c274dd00157637f22b0d6628a303aeefd350d972bb3b923491023e0c
1991.jpg,validation,1991.jpg,8ef44fee778481ef320f4549cae0bad3d22aef61c3414a2132175dfb05936f04
1992.jpg,train,1992.jpg,15fa4105edc50e4bfc2f180a9847e08b3eb85ae7241d3bff404a452b2f225b4e
1993.jpg,train,1993.jpg,b27668aa4dd7db020e71a7d57e6594dd878e9c57b0c1ce55a3e8f3fcd987ba3d
1994.jpg,train,1994.jpg,a4f300e412365172da5af8a14bc4aab7974abd3b9d9ab166ed1d46587300279f
1995.jpg,train,1995.jpg,270cb0b5358ad93aca7aa01ee84941037e63eb62354c21b34968ece69c85dbc4
1996.jpg,train,1996.jpg,ee43d7ef086055593f833eab5dde1a7494a3bc79525a5438a4f1e30d33383b1f
1997.jpg,train,1997.jpg,b1331826f39dd4600ce936cc39b151d5ccfd8e84fcd5a458243a4ed1c9d89896
1998.jpg,train,1998.jpg,176b9741d3fe11abd6ed410a478c376b2a5b6cdda653514c5224ee7fd5b506ea
1999.jpg,train,1999.jpg,8e4398a5224cb33e0ebd68ac140b3ae172dde951a90bffee4893f27a174a2da8
2000.jpg,train,2000.jpg,929f942bb72df2e1d283b90ece8989142410ea2af42b20f6559f594e992fafd9
2001.jpg,train,2001.jpg,1322bb5dd84b026e145401926cb50a1085a36797abd8a641040fcdeeb19474e1
2002.jpg,train,2002.jpg,b35c463036bfcdc59e019e862f1960371e64af323d21701653fb5db33feeeb85
2003.jpg,train,2003.jpg,40865fee761d7a955c5b692245e688219f2911e4a8576099adf0ee845f5ace67
2004.jpg,train,2004.jpg,12d3ad4d1d75d392affae2e0a71e4088ebd5144847e0ea89fcea14e6e7d487e7
2005.jpg,validation,2005.jpg,78a2ecda827e92d886a9c462ba5214f8009c4224516e61a8f122e2c96df64a08
2006.jpg,train,2006.jpg,6d7e3e31a98af34f6d44487cef4a3b9dec689f422a8c740233e46fe205bbf0c0
2007.jpg,validation,2007.jpg,2f882871296cf11a01f921cc7150ea6c64324e3e573f1b1166a0ceb225f0884e
2008.jpg,validation,2008.jpg,4a8084ff5a4fcecc3e8c278fd19d9a78755fd5c246bd276780d7c0f652b5db2d
2009.jpg,train,2009.jpg,e3a93be11daccb73a2b5c68299aac45e64d5df0fee5f02f3ca79712daff1835e
2010.jpg,train,2010.jpg,010033618865d0a41bdea3004d300aefb3e4138e969b3addfcc04c1118451a50
2011.jpg,train,2011.jpg,d889a59cc6ccd98b5edc02f2e295950786c4197a73c192e9a67344b668102189
2012.jpg,validation,2012.jpg,9a6a7dee765fba73b9e8d3d17396ad900bb49eaab51e0c853c1c4ea262c4351e
2013.jpg,validation,2013.jpg,8aebd1650341ab66659ac717f9c58a50a8d6b12cb45978145533045835da5c57
2014.jpg,train,2014.jpg,a1a97851119bfa95f9ceb8c6a16fa2443ec05c29ad8e223d725345aaad2e13d7
2015.jpg,train,2015.jpg,5b08f90af5870d63ff0d87d7c66b9671b14b37929ba2eca9fe52bbf304594d4c
2016.jpg,train,2016.jpg,c1d548bb712dc7c6569098ce8cd2f61ebe434c8215dd10fbf0bf77966b0e2ab9
2017.jpg,train,2017.jpg,994d66390bf0ff3036cb032ed0212ecdcf54b3e09c122854900799271c53c6c0
2018.jpg,validation,2018.jpg,dd39f59b2d4e8ccaa6e965dbb87a1c6a3568c86f995fc1ef42c451dd13ea839f
2019.jpg,train,2019.jpg,caff9473203519eb7d10b3a6ae82ecac34d0f4fb162432c202d3bd311a1a3dec
2020.jpg,train,2020.jpg,e90857b9eff5674bd67b7dba97e3055e27231774f4ed6ce1eeec4ee0b7175beb
2021.jpg,train,2021.jpg,921fb1acb0e64172ad52ca43ca7a3a87b453dc0d43f804263281eba66991edee
2022.jpg,train,2022.jpg,73bc349bd77e40d31e81fb8235a8e361304cf3b3db0cc2f426bea43a45a12386
2023.jpg,train,2023.jpg,ff575abacb77ba44d5d1060f2cf75f7ae5e90cc2733255feb602e1976c7d843f
2024.jpg,train,2024.jpg,0db536e899d5fa45952c983cdfc2384902097ff7dd6f71bbbf0603077b357055
2025.jpg,train,2025.jpg,23b225d7f83b4fd3dd11747ead35a5d9891b945afeeb890d459e8fa95d50b82b
2026.jpg,train,2026.jpg,87ef4db6aa7b1f599ac9b33a5b8a6ded1bbd72bd50832b217e9bd4a943dbfe66
2027.jpg,train,2027.jpg,04225a5bd8adb08f18a6d7f72f3a1101c9b6b57a30974929412ff38029fdc4ce
2028.jpg,train,2028.jpg,e492c8280103b8a3471c7f64d0ef264d5a8aefbf4a572310bf5526cde10ca553
2029.jpg,train,2029.jpg,2b5c4d5b67f379c9a783244a25c97c4813118c5c6c7beaad377ea8d2635ddab3
2030.jpg,train,2030.jpg,e3abb4716c23c46332ea33c52c2e71c9fd64a1947bcec3f13b6713075f31ca53
2031.jpg,train,2031.jpg,4204210d874b1f9d21df83ce231a7d2f1aad2ef9f87a0fc0032bd0c547240c4b
2032.jpg,train,2032.jpg,0d4955e51e383e4e634e25d2ce96cba9838b7bb9752f362ddc96907d9a9a80ae
2033.jpg,train,2033.jpg,a9e3836ec8345e220f638fb1bb998ca3ac4b13f875f4ed9a37a66e1ebbc34244
2034.jpg,train,2034.jpg,68e6c640aaf4f287de86abcea3344314e7109539720d27ce84a355899e421b78
2035.jpg,train,2035.jpg,1979ea68c91f0d3bfbd1a456f71a1b10fd93758837c80c32e7e6ce60b690a365
2036.jpg,train,2036.jpg,507612ba6404c87547016c543f4b6d49191285ea4901df75f39865c484294fa9
2037.jpg,train,2037.jpg,6c7e3fc9f51c69717117f7440be0a9ed1a312e558650d6958d1a791d8ded06fe
2038.jpg,validation,2038.jpg,3084379550d57e895e697572f44318de01c2d9a0e8b3f3aaf8ef91fefffc541f
2039.jpg,train,2039.jpg,cc439683a41f805b1f714c1487631278b11fae107137def3114e41e0adf4a9ee
2040.jpg,validation,2040.jpg,60b367e2de2e8313ac0113af0903b3d26b3982c7effac48f45a26410b32dc1e6
2041.jpg,validation,2041.jpg,3216956999dd51c6a8f73ac388f1c2b146b199f8246e33cff8482545e145a0e2
2042.jpg,train,2042.jpg,c6047cb8a767c4f8fe85855e350e93d23a8dd1dbe66184cc1bbfb1ef6673d994
2043.jpg,train,2043.jpg,2da9fe089661a8e17463247b9ea1adea76d968756af05077899ad67eaadce7ba
2044.jpg,validation,2044.jpg,da3bdc36dc316ee096e65bc435d9669d273163d7ff8804f43d9a8742f008f732
2045.jpg,validation,2045.jpg,b396e270f4752adc0208e06314a010e7783bd8946e824a6db5716cc0add7112b
2046.jpg,validation,2046.jpg,5b03ca8e0f1dec09339e874e31aee2bcca4d5f1e65150ddd938579d24d57772f
2047.jpg,train,2047.jpg,3ba650340f109a7460db7e6357e5b8285ad009e8a33df24b2748fe09359eb716
2048.jpg,train,2048.jpg,734df3b3ce4820449442584b5699bf3cf2aaed4937481d70dd8f64f9b4c05c31
2049.jpg,validation,2049.jpg,3cfab39ef40f7cbf73cc14d91528dcea90081b71a733b9a623004dc9c4530af9
2050.jpg,validation,2050.jpg,6e6f43cfd3be229e89b9a298bcd9d73a8e22e5495648215592178f705740af50
2051.jpg,train,2051.jpg,f8ea2da663ff95d6d6351dde26888fb3defdf3c09a32d8f45f5eb0584f401d25
2052.jpg,validation,2052.jpg,6a434c4ea9e8452373fc02dd45c23c84da558e8808123aabae951e7eec4ed545
2053.jpg,train,2053.jpg,2ea3982fae01f26f55f55d90253aaf11be2f7081aa37b5fea4c174fc115bf0bd
2054.jpg,train,2054.jpg,6315ef736fa289546142ea476b66853946554b69f1a244c6c51f07c237baf1c3
2055.jpg,train,2055.jpg,dd09ebc55e9c17ca98f97dd48e20aa2b8d619cb4eae4b52f74cd1879ea2dd07b
2056.jpg,train,2056.jpg,97797438903cc514e92fb0eb384901ffedaec2ed91b46acb9442de30957f34f3
2057.jpg,train,2057.jpg,ba54fb142cb6a2edfc2d68fb27a65b920c3040a9dea57acd3d5c239df4cdce84
2058.jpg,train,2058.jpg,ba792d6a06d1c82f30bdc67feb3ca5bc846a3a1d57cd4dda7e4325951481796b
2059.jpg,train,2059.jpg,10d03ed5a6840bf16e7968fe15afd3a23799489ae70f97e64a43e8216b04fdf0
2060.jpg,train,2060.jpg,f2d47aba2662c185342919086e62d99cf1ab0b5edb7b9698850f78a056031eda
2061.jpg,train,2061.jpg,04fc6416f38d26c4b1a0f2a3ab40ff5d73260b030dae3e7424fbb489386e5b0f
2062.jpg,train,2062.jpg,f6eefaf1e5c236f4ffca07d0d514c67af0481170da66d1660858d4cf86288abd
2063.jpg,train,2063.jpg,c87e9f19e56230e98d461197f3da55d0ea36193b8fd317d266fa2750b26c56c0
2064.jpg,train,2064.jpg,b8c5fdb40e93954c3d261c19690c42b8b65091b3be699abdc93976b3690cb8db
2065.jpg,train,2065.jpg,bd0b1c788ee3faf7a82ee95f5ce8a37dc7d5bf905351ecad37a71c85d54a3c9d
2066.jpg,train,2066.jpg,581a67bcd05a39673cda8d4936632be39f08b850c9a88e3f72679be8d4b1d0fe
2067.jpg,train,2067.jpg,8ae0b4d20c3345cac28cc67db3faab0d4d6bf91fc333db86e36da01412fc01b1
2068.jpg,train,2068.jpg,33a802bb08f0b605fd8cf7fc4ddd04d21623749e4099366df4c5eb5544463dca
2069.jpg,train,2069.jpg,1ff471b84ccb09cc90c64e3eedbaec734657997b18bb6d40e25c2787dc3d9756
2070.jpg,train,2070.jpg,7133b50f8427c10ccd0555947e38a00ce2afc1c5b88e786c2d79f06b02789c26
2071.jpg,train,2071.jpg,bdf7393e912e103b72180856052586d7af84a5b7f35cbcf7625568fe4e66b27c
2072.jpg,train,2072.jpg,752f238cc203c7dc1a491bdaf88db5b335dfb9a88e191c00771b36189cf60d81
2073.jpg,train,2073.jpg,4acbc0fafa2b9ed16a256a1303cbf0aef34b923984dd95a6519fd8d8c70f9497
2074.jpg,train,2074.jpg,ae279146469729fedac16b77d0c65028598e5044bceeb9d56b8bee4a2f84ed87
2075.jpg,train,2075.jpg,c0a00deba1e55410e3070d4de5d2b21df3f3dca984aa14811098570cd52cfc83
2076.jpg,train,2076.jpg,65f99f0b391815d32f78637112f8da77a298a7e87ecd413731562abacb75c44f
2077.jpg,train,2077.jpg,b3bf54f8523f18e593d1cfe01dbd0fb745be0bd5966801023c9d246dc4df070d
2078.jpg,train,2078.jpg,63dfa8d664d0429d8dd5374ad8dd91755d672ec415985dce2ecc2ca93741984e
2079.jpg,train,2079.jpg,5eef7844fd4a9af78145720d5a1ec4e3426aeb4b1974fd398ebf51a188efe8f5
2080.jpg,train,2080.jpg,946e8481962d0a199c2316157cc51f8298fff354c5c6bcad8e4724bf01c7dda5
2081.jpg,train,2081.jpg,9cdad18ad60f441208c31b4b1cf8ee4fa06268b2d612b79b64812a5e62d51970
2082.jpg,train,2082.jpg,3416ef9980a04d5736b91fbb8435c78b42f3fd14547e15ca853d534ed0ae77b5
2083.jpg,validation,2083.jpg,af67415c6737422bd1fa82bc7654bea64363c858b9d633668db5d18e2bb1c043
2084.jpg,train,2084.jpg,14a3c698a7e2225a0d56e00d9f6c4b9d385594e49945a1ccd2d2f650a78a63e4
2085.jpg,train,2085.jpg,5d7051c53fe68ba8d2f7878e5774fef3f81baa3359fb47085414f113f3c92d1c
2086.jpg,train,2086.jpg,d97f0820d0047c4d7b355246863c3dbdcb33d808c55da83b91289304ab7e0def
2087.jpg,train,2087.jpg,50da7b73524492143e11337688b0e09187e6f8ddaea1c9f9d28cc82cd6787c2b
2088.jpg,validation,2088.jpg,cfbfb4a93233f9c2208b1c84baf38294d9e8269e06477f1b73afda83bc180a5f
2089.jpg,train,2089.jpg,964c07da749d5a35bf7377a7cf60f463f7b0e45aaf150dc4fa7e05baeaf48cfc
2090.jpg,train,2090.jpg,1996ee92d23279f1d222cd109c2a7208d29b40bf3643f485db8214e13979bb08
2091.jpg,train,2091.jpg,ed9bd10c9701bc7187e42aa281098949ee9b655c9746a0d948343322fa47a144
2092.jpg,train,2092.jpg,a52faec369c43d8a7678704faf53388dceae9291334544f0fc3b3886144292e6
2093.jpg,train,2093.jpg,85599b1fe91d757b26e8e3bdc41c360399a2d342246c8285abfd539b8e3f10be
2094.jpg,train,2094.jpg,a8e7fc75f01ec04590312790c4684401933b2edffeb0c5f1e192c4d0b0a5f4ba
2095.jpg,train,2095.jpg,ca9493fa8c184e7f5b22a6371360d19fe311e72bb594ea6f13a71edc39327e97
2096.jpg,train,2096.jpg,98c127a5b748b4a922361bcf52c5a567cd34ff963ea55fe16b1b495c78d4a146
2097.jpg,train,2097.jpg,f36e04c3a3120c4681eb9784812ad435e8bfc53a93a3b6de8f47d44cdfa99b6d
2098.jpg,train,2098.jpg,e6955bfba7decd239e54a3c142795feeca460916c9d814978e19b6abc1345d6c
2099.jpg,train,2099.jpg,87e9a23c60f94d5136fb862f8f50f2bac5db497f8547bc1caae1e27ea17174e0
2100.jpg,train,2100.jpg,39f55a3b5e15caf96c695b1e818c4f7f17846d744c02f90a9975130250e040c3
2101.jpg,train,2101.jpg,1a0649a6886a66a8982b122b3f3a7aadc9ddfb85b73942fc425c6fcc9aaf94f1
2102.jpg,validation,2102.jpg,0710114066860cb518d020fb64c49cab367370289e54970f534ef41aee3e89b7
2103.jpg,train,2103.jpg,33c33a9619602b94b2edab47a88ce0b1991369d94eb3733761a96936a091ceb6
2104.jpg,train,2104.jpg,5aa25298307f08eac205178a2f57d472887dbc6f9298870da5f5e46784782bf2
2105.jpg,train,2105.jpg,eb41a4c1f54dd73f9887a369966d006068b39f7b930fcfe72635df94937568a2
2106.jpg,validation,2106.jpg,a1b4ee4909fa460009c9f60d85a4cbcea264c234248333884fc4c6e7212b18b2
2107.jpg,validation,2107.jpg,b94c46ce2f2e15b23337626007099595ddf338321f65d7ff2951f42fede6e81b
2108.jpg,train,2108.jpg,deb00eb1d855b58356431e789f88e592345efcc3581b473664372668b0ec87d4
2109.jpg,validation,2109.jpg,adf2bee198e8b2d138ce7958d1bfaeb2324aba85357ee91bed887ef551c94c48
2110.jpg,validation,2110.jpg,5f52ddd0bcb9da6bac6ecec0828a3b12700496d3cbb3bc3fcbbd322085ce281c
2111.jpg,train,2111.jpg,b2c3333a26ad96e3618faf72cc846ba1957c7b2ee578505117f70763b51a6811
2112.jpg,train,2112.jpg,24c7412d3aba685ccd7d527a126d468a935840167fde48af424ccc22602743d9
2113.jpg,train,2113.jpg,27527b2978716d2fa583ce95e6ca5c038381b062133d728d61e5f491ec25bb77
2114.jpg,train,2114.jpg,6b1d6b10a49ec0d9cf8adc7209a0d7e427df98d5748fb2a6ad23a62a143bdaa0
2115.jpg,train,2115.jpg,ddba06b94ff7688f23c3f621f0adb56cd5e2a26bc23195cbfb23ea336dd70fe0
2116.jpg,validation,2116.jpg,80a4780177254eb458d76cf9bf93434357ba708ae20ce10bfcd887c8afe8bb90
2117.jpg,validation,2117.jpg,76f18f0d5999c1200b9ab5ad96ea843b88472dc49f49700d55447577bc59aa35
2118.jpg,train,2118.jpg,ca6d9aa82dd648eb2aaaeb60d512c1837a74d2604f208f7048dc33a8150b7844
2119.jpg,train,2119.jpg,cee9eda9bc884e31d2c89d14ba2ea27d4ff0bf8502af59f74298747cedf6b432
2120.jpg,validation,2120.jpg,0e6d8f0e9dc291cbafac48f4795a9afe0e73325f40843858e5e9649ebbc43a97
2121.jpg,validation,2121.jpg,a647c76873a6ed7a90e40cf281f86d49760ee4a7fd9726ea530221491ba6157d
2122.jpg,train,2122.jpg,d8f9f428fb91f8e5897ff1f6ef52262f3252aefaf3278c63661a6d0787093525
2123.jpg,train,2123.jpg,8f80c5e282134ba3815df71d99ba212cb9f37f44fbae4bde2a38121f389cb5ac
2124.jpg,train,2124.jpg,dc846760a9e6d07c941b2a15a5532b22f5bffc3bc54e80ee2941d843f8afb511
2125.jpg,validation,2125.jpg,0472c1506a7cabeeecd5d747438dfb5c397e071d5a528bfbda649aa2c7f0d14d
2126.jpg,train,2126.jpg,b909348892332331ebf88c873f5254b394bb187564b47971dc5aeedf1432b3e8
2127.jpg,train,2127.jpg,4229cb6b8fff1a6b4cb107f8d1a417108db1eab80de1015a76866f439667ef07
2128.jpg,train,2128.jpg,4e2cc82ea0c6c2462d549a2bedce379d4c97ed293f25e1db9aa1d867277cf527
2129.jpg,train,2129.jpg,d5b70436aaf6709ce57cd375ff76dfdc78ec5c17484a96f83fd0f725252d603d
2130.jpg,train,2130.jpg,f5aaadcec9135e538afff657c8ca3ff48aa44bce534e6dfb81f7cb5b74f262fb
2131.jpg,train,2131.jpg,2b44acaf15ff460c5618813038f7152f52776d763495d9b6c10503f12104f30c
2132.jpg,validation,2132.jpg,0f89a1aa079eeefcb35436348206f2d50cf452d6f971c3087e0dab4b22a68fb3
2133.jpg,validation,2133.jpg,6136c0960f8a0061c10f67ba36f139fc371477a2cccc695f589e5b2c5809ba57
2134.jpg,train,2134.jpg,500bb49b83c6ba07ae52e9b33b09d803fa9090a9886220cca8986cbf2de2a100
2135.jpg,train,2135.jpg,7bfa4e0bb6f1f219b469eef9c96679f9dd31b8802550d2cebfd9ae77f0670fc3
2136.jpg,validation,2136.jpg,fc50f529a6b5ca33ebebd8fb3b13d278728cc1ee9a4d72ce6ab8812faa3a4843
2137.jpg,train,2137.jpg,0603e25a57b96f31554e497664d389253dad7a0f3e19efcc6d8bb532b722bf79
2138.jpg,validation,2138.jpg,5a00694d6f329d92b19c0554055e8436c70944fdd1e5f76d147c23a6c28cfb37
2139.jpg,train,2139.jpg,4d13f81dd14ac66db74abc78b2e2c37b1c8df19ea9175df8b6326f1d64826fa8
2140.jpg,train,2140.jpg,aa097d0c1291c9eb3d41c354f20265b500d9d6a1ff4848a7617f597b15702063
2141.jpg,train,2141.jpg,e2a4845148bb11f3a73f931f17e62e408f4fefe2d813598ca97db0e2545e94f4
2142.jpg,validation,2142.jpg,8795a2bd48a53de94667ba56937053ce3d06d16d034108fdb171cb7f1794666b
2143.jpg,train,2143.jpg,ac09775dcb2d7f1f77f6f9de4f4901069b4993541fae6388216124480ce649b7
2144.jpg,validation,2144.jpg,f1f4d1c457c7aa81624d07f35f5920f80b2d2905d2a2af83d6dd8ad0a81c88b4
2145.jpg,validation,2145.jpg,c4150e421431549de939606dcba991147e7b5c31d131e99031b3a4cce9847f52
2146.jpg,validation,2146.jpg,d2b3bf1803ce4bcd0489605a90273119b09511a458dd1201977ff983aca3e5a4
2147.jpg,train,2147.jpg,9effa2b96c2754d703e3fcd44eaec5be586e481aad6057193cab1878e29a9b9e
2148.jpg,validation,2148.jpg,586f06858bf38ceae3936203322aee5fb4b1df7403b1798adc957e9f8985bbf7
2149.jpg,train,2149.jpg,1c633ec7e3a4bb9513d69203f17e7ede7ba46e5ce741dacc23c57e6c071009a9
2150.jpg,validation,2150.jpg,f948820ffae20b641b1d321989354c3cdc588f5a01f2284257007dfab48bbd92
2151.jpg,train,2151.jpg,1197de8061826992fc5241e8e95c0273e2a6da1cde275b210e6d65e74d43c66a
2152.jpg,train,2152.jpg,e6a62f8abfce0b98344626d9bd7de1e2bfeaeef737cb09a6255a146f5e90c81a
2153.jpg,train,2153.jpg,61eb490d5e4d72d58d5d3c312f6c05a164f80b4532d98a9b2749979bf4796148
2154.jpg,validation,2154.jpg,781705f1d2710c63cd92d497a00d3be78d7a7ed1a3c5fe059271ee18ace02f03
2155.jpg,train,2155.jpg,4ad9fca8023ed55ffab034dcc7d501caab4c320fa939f196ed5ab77a30edbd6c
2156.jpg,train,2156.jpg,47962294a83f36eb9926c81817cfc03bc6a924f3eeba471f91cf01181cb61232
2157.jpg,train,2157.jpg,134785b390fc70f96e754ef3a5fd16d26aca53b30a9bef88b347441c6571bee6
2158.jpg,train,2158.jpg,4908caf5e033f57e10ccb8a40f2e0c25d3ccf9d12f155f743a38cf9ba9ec5e3d
2159.jpg,train,2159.jpg,7a33160f29fd567dafb7ca4c72c25dd9bd713b10c78e934f78c02746f2cc9fcb
2160.jpg,validation,2160.jpg,5004daea6f914161b954de406d03a701d68489610095fe5d7d0fe70cf6136776
2161.jpg,train,2161.jpg,e0ff56421659bd1bd251f32b7fd50ccb010f9aaecfde35a0b494a62ede2a903d
2162.jpg,validation,2162.jpg,c3f83fda1af629eb65fb0077ed54d194ae15de2545f365232ac937f2bde8f312
2163.jpg,train,2163.jpg,aedbc56556cbb9f49f67f0f98de7a3299d54e7245ec8f14d29fbc60b5e134fec
2164.jpg,train,2164.jpg,b72cb0edbc2be7e7905b1caa3673e5bb3bc9ec75e14801cacbf795dee0052197
2165.jpg,train,2165.jpg,1eafca691f22d4817a871521172f9e1d75d31af90ee93b7d2176d7f6cef80491
2166.jpg,train,2166.jpg,686d39fb9ceff1caccda043adb7f0a644c657f3c123d888a971dd41bc8b90450
2167.jpg,train,2167.jpg,6146d8c67241f41de3e636a232c76312acdbc276efdbdd622c91348ab0378662
2168.jpg,train,2168.jpg,335d3f327f2ab11e5206c44cf8e14871bf066bbf19b113d094042490caf8d956
2169.jpg,train,2169.jpg,a6f914385b46d183c9098eaec14e3c49dad97268cf5cc5934288938cfb964305
2170.jpg,validation,2170.jpg,d733c1b91743f32a958234bffa1d86f9ebe780761cef113f8da49bcd9c0e3090
2171.jpg,train,2171.jpg,a93eed60d37df41117dbf48f09eaad27a71ad2defd0218f3c3a5a321f0eab40b
2172.jpg,train,2172.jpg,d07e420306d28fb6ca34daa970660a4cb3ab34fb2aca38d5937d14a4bdaa352a
2173.jpg,train,2173.jpg,f91a7d8da33f577e9fbbac51e15cef4ce59a01e30afad0e72d273d7f2fe78892
2174.jpg,train,2174.jpg,ca4c0f9b3111a29efec87f09aa4f96359646c4dbe5474150d26299ca2d298695
2175.jpg,validation,2175.jpg,7baad0dad9aa6a2238c42b3a6f4f8497c75cbe1aed6ffdfc6428dfbc33e05920
2176.jpg,validation,2176.jpg,47b328d4cdd81d5c58924458d7d0f9b4f22e309fd82495ac6cb2a6abf0341840
2177.jpg,validation,2177.jpg,75dbaecb1d285bac16fb03b3d456850e4bf38c64f439a0862749576478c0b23c
2178.jpg,train,2178.jpg,8d9dbca13926e5e1879973a9fdd518f0054a0803b594c6a735fea9b2f95b6c4b
2179.jpg,train,2179.jpg,0916168822b9acae4819bf2ed6db81cd05a93d0a586999006b23c701eb88a3f8
2180.jpg,train,2180.jpg,0aa951c8170f1cf2f0fb37ac907bb22b648576fa4477ad0d2c938c4b9103c916
2181.jpg,validation,2181.jpg,d2871eb65e67735414598801440950dcbcc9b8d2344fef5b0b1b1bbc1778b509
2182.jpg,train,2182.jpg,86dbac0ee413accbce1a748e1ace89501af57347fdae24f0fbfbc62f193364d2
2183.jpg,train,2183.jpg,b439fa195cab3476b19252266adfcccde064394cf82fbdab094046d3666e3bb4
2184.jpg,train,2184.jpg,826ca46e7441a7dd5a51693713eb70cf0c48bc8836044f5bbf62dbc8cb2bdd3c
2185.jpg,train,2185.jpg,59faa252fc10329f82877cd09aa1ef76cecd72f603772f97f95b9d910c28a247
2186.jpg,train,2186.jpg,42b4a40842806ea1926e2b21d33e29e0051023cf2f526e39bfbaa05d114b6cd9
2187.jpg,train,2187.jpg,dd330b638260492763960ca1a2b575dc2f582984bca4c234d0d50f6c88a8c60b
2188.jpg,train,2188.jpg,8e07e9bc81fa9e7fda359f8fd835f487f95c1d58c9a3552b9f0e99a973978ff2
2189.jpg,train,2189.jpg,245b020fbed13213e4a3e60faacdbf634fa4d8907372f88ce8295c964b0116b5
2190.jpg,train,2190.jpg,16ee68b4be89d7506425986dcdd5a78bdc8c59effac63234ec84edfd52d930d5
2191.jpg,validation,2191.jpg,d0ca4ce4b186a8e5b7d07b7fbe1b78ee798222e14ca1d4c60a897db307a020af
2192.jpg,train,2192.jpg,129746d133f4ee361eec9a4a53b8bc9b0f1b7b3cb14f3e9423533d65259a7dbe
2193.jpg,train,2193.jpg,d05e61e16e5590eda2d2ad415b12beaad4105463904b4d56861182bb9dc2c44a
2194.jpg,train,2194.jpg,8b6dea2a4bed001b92473ab0ffa286e807d6a3fe09090558da69a0d516b5a91b
2195.jpg,train,2195.jpg,1c675de68ba780d164063027d360d071dc1f0c48e1e7e9306adf941e0ae2e35f
2196.jpg,train,2196.jpg,249babf7c677d421db4fafbed3de0069c6f583a30f4861c7eb946697c11428e8
2197.jpg,validation,2197.jpg,cb13b567e85baff0898781a1c94000f8a10d4a1831a847f83c03b95b6c976ad2
2198.jpg,train,2198.jpg,a681e1defcbb20ce2ae57ca050463e4547c72fc48ff9d7498a23af92aa01e914
2199.jpg,train,2199.jpg,2fb2b5f789dc9e4907f536e355dd0e923db72e683a2cc862d84209faf4292237
2200.jpg,train,2200.jpg,5d2b12d7a1ba4e92d10c502744d68ebb9bff7709f0c0679158288d6642cd8210
2201.jpg,train,2201.jpg,fd16da70ada12a8a7d60d575cd3ca6a0889e8bcb040ef653395f501dc1c05ea7
2202.jpg,train,2202.jpg,1b1dde123543cc309bfe7b17c823a74d0f00e03ea21b87fd2a3ee713271f52bc
2203.jpg,train,2203.jpg,ccc227ff26455e967dab2de32b5ae543757779f5e19763475a81423922190a9b
2204.jpg,train,2204.jpg,d2c0ba517c4702707ec2fab4c45c98b13d423399795591dd973d19ff991c09a5
2205.jpg,validation,2205.jpg,749d6d74ed719fc0a01c21cea2d9a588f3a26b5ea38dd4ff954c03d59d0d86d4
2206.jpg,validation,2206.jpg,c37d846f79fc0c8360192ec6a30a5356afaca9bf436f37ccfc53ee60bacd4083
2207.jpg,train,2207.jpg,1d8978355a22694ba70aebb3a3e65ddb3e2bdea21290b60524d056f79282c869
2208.jpg,train,2208.jpg,3690456924aaede0d8bf2e1e0701dc2f1e3fc8846a574ff2655cc62035ccf801
2209.jpg,validation,2209.jpg,0a22d6dd5350b00524afb2c286c2546e073b58d54624810aa2292270f2379571
2210.jpg,train,2210.jpg,47936309dcd097faa21da387dea2f9f01955f4a48587272b1ae1c29428cf9be0
2211.jpg,train,2211.jpg,f23cf63898ba99bdaf698cc9cf3b1989e2f13353a6a22d7b47aa3e67b0d3e774
2212.jpg,train,2212.jpg,cd6e848d6622cb8aa5400a48999f6cb06ae899a75073f971be96a657764ec574
2213.jpg,train,2213.jpg,f18d240f126668b711225c486824a1532fce7e9d878a9696530759bbfdbcd14a
2214.jpg,train,2214.jpg,910487c7b69f104bc3b2dde5762d2b5b15f5a5840d3067e5be0ca74fc95681f3
2215.jpg,train,2215.jpg,8cee87e54804ead0461a1bb065ed5437af4c41ed8f9a849a1eb8d73c61078657
2216.jpg,train,2216.jpg,47ce21468708cdf6677d8858d1baa3e0b00f800d0d5744d7fc6fc9a4e53ce01e
2217.jpg,validation,2217.jpg,ae72c367982f82398a2d341593bf36aab0e906a6c982f689352dd3a5a65bad33
2218.jpg,train,2218.jpg,114932bbe14724a4ddb9dc57211ba0d122d4451497b18c0300b1330b576f269e
2219.jpg,train,2219.jpg,65e1dfa19c1066545e684a96490e6fe1be2eacbf06de41e8ad637ce41a5088ac
2220.jpg,train,2220.jpg,2bb7826f19e0927f31f22faf5414b4aa05fa2f76b70ac6e10ef23a0ee23ea5de
2221.jpg,validation,2221.jpg,2357204e5da79ba7771fa7571f6b03682920268ca62bd401324a8bdbd2aa2fb3
2222.jpg,validation,2222.jpg,6c019f5a30eb1a9ad27a4f5deeccc4144de32c92167cbdc390cb18a2d6886b0c
2223.jpg,train,2223.jpg,be5178ad52d2b2c8a71f755e5e70d470cf38de292219fda3b1e80848df00d18f
2224.jpg,validation,2224.jpg,00209fd2b84ab84b4730709e099e83b02d41d9c7498b9557b4cd27746c8d96c7
2225.jpg,train,2225.jpg,c4db6924728162c77b44d43a8712f7d92e261e9c58ef7f0ebfb157762351a5b9
2226.jpg,train,2226.jpg,9a26746a610181460dc0e080be3561a083b9493936220981ae2587e1a6f1bff1
2227.jpg,train,2227.jpg,6e75bb65589818764b76acfefc816f76b975ecd36a1da84d5a734516a7fde08c
2228.jpg,validation,2228.jpg,3a731423b958c020e00af0f0c89a9e6287b2d793f95ad59272c85dba7b59362d
2229.jpg,train,2229.jpg,cb9f11d9924178eed85d062ebda9f6a589ba8ca490b2fb434ec019f153cff219
2230.jpg,validation,2230.jpg,12967ce4cc04e56fda004b4e31979e3a0689ae9eec1a7345567c11fddb4facf7
2231.jpg,train,2231.jpg,88b0bf69235991e15c32f62faa18ca9674ff7a9d7e1090f3114bc6f4d60a83fc
2232.jpg,train,2232.jpg,188872e95bb0663b56fc86db250dfd97f1a952067eb0ffaa926cb1173161a131
2233.jpg,train,2233.jpg,245a1d37e0e54e303564f25ac246c67e312f3415c224cb0358d629dd07547f50
2234.jpg,validation,2234.jpg,72fc82134c7cc46caaf648189d25821ae56feac80f9803bc7608f2bebd90c853
2235.jpg,train,2235.jpg,9bdbe262ef9d32fe76a129f35fda7df757e44728b1071f328548f6fa057184b7
2236.jpg,train,2236.jpg,6659e4729575c18e9c0e6a1bc3b1f8e42fb969c09b01b3aef3df49d33b587436
2237.jpg,validation,2237.jpg,cc34e964efbf2ea0ef0c518710f3da07b11e845e32bb74742068d3c92f729f84
2238.jpg,train,2238.jpg,8cd811996152590fdcfdd10b5d33e9d11dd57aaf6778e020e8b38acdf30965fe
2239.jpg,train,2239.jpg,61412f24009571f9ff76c7036534711a95d4204a55a4577310698157611ec637
2240.jpg,train,2240.jpg,23288e2e32c92bf698aa0400c19c4c467df4e188469e1eb8770eb1e4fe21992b
2241.jpg,train,2241.jpg,04cf236acd27dafb68b80965c0859210623b1c5f4e60c6ef93b9c4eb2288fbae
2242.jpg,train,2242.jpg,bc26e8908ffb8cec9ac5b07df8489a8f71858f623fa8d5ce1e2b97144e3bb627
2243.jpg,train,2243.jpg,f1073b570f1a35d24d57ea03e87838653264c8f661d7ac75a95a766c30515748
2244.jpg,train,2244.jpg,cba832abe5d14bc9bf80c9d757cd0c59a07877ec450dcc46a67ca8d9c0afa743
2245.jpg,train,2245.jpg,116fb459236095a977c571853fe30d3f5eaef280527f1101cf13b766b400c085
2246.jpg,train,2246.jpg,9072ea7ddfaf1c168e6883bd179d27de4e8986cf9d47b565b559e3b1318038ac
2247.jpg,train,2247.jpg,383eac68db0f1acdaa0ead525d413e08b0d6f225e9c20aced328374485ab0cf3
2248.jpg,train,2248.jpg,ad1693ccb9dc52f46ee07180b77798d00e47e6b41b3bf2171711bbbf45625489
2249.jpg,train,2249.jpg,abae65a967300bb58a1999212fc9a255b5a301443f78d25c8ca1d59d0915c32e
2250.jpg,train,2250.jpg,4c540915f6a4f92af2655f8be2ff93e40624a6032c6302906d77b6afc46c0f63
2251.jpg,train,2251.jpg,b8314195c5bea256a244a38d86c3858876496cec5df943626de593da453586da
2252.jpg,train,2252.jpg,d8ebc2f1d000cd8f9ea473a492757bdbf296f79ccace02cdd10943a328ba79a9
2253.jpg,train,2253.jpg,8eb1b156a88907588eef029ce16b8de1892d495eb118e75e18f788da1e1ea288
2254.jpg,train,2254.jpg,fe5176ad7d511a3ffe84798462259f86b626c3138bb6c0bc1d0828ad9eed3d37
2255.jpg,train,2255.jpg,6e3c087f9a5af0ffbec89c7a7f7abea6d50e820d7b7fb024fe96c87f0b9d8eee
2256.jpg,train,2256.jpg,1e65feac72fcea259dc796e1e82d806cba76df1a13b87f329bc8426197068354
2257.jpg,train,2257.jpg,e3f478008586d61a966fc4923745fc0da901abeb723e11ecec5bea7da68d81bf
2258.jpg,train,2258.jpg,a9c23ded57ff42762e608bd42b5b9c4c903664be3b41a6a6fab657a725e2be0f
2259.jpg,validation,2259.jpg,e39efc606f08a32f931a1c91bca5246ae0c18a2309c61e3c1d0a38928ce682a1
2260.jpg,train,2260.jpg,fcdc67e2008ba284ab2422d059e1747d2b0bc723d1f78797e37b263fe94cea3f
2261.jpg,train,2261.jpg,78a1d4c72b609500bf3c296f6848b1fe2ec9bf73f15773271b3dd45086f11cca
2262.jpg,train,2262.jpg,674cf80265720fd4bf52a84e9876f28c600053183ae48ceeddb94d3b7c40fc0a
2263.jpg,validation,2263.jpg,272dce488424106e2460d62218d08f8b5d3d135298605e34a4e04fd4a84956ed
2264.jpg,validation,2264.jpg,0e0c145acc0844749f5080b4465eef1d395c4119526c6d0ec490a4155c220d71
2265.jpg,train,2265.jpg,897614e5a97be8b8573df3f8facbed2fac289b16fffd18f1b350997420d1502e
2266.jpg,train,2266.jpg,5799eaffb5586ce019a535bd14316b72221bb8a245d717afc399aba05da657db
2267.jpg,train,2267.jpg,4bf0d2268b61b8f72d5578ff7538df6742e43245ae44252b6d6b99687c3db314
2268.jpg,train,2268.jpg,5e0deca8a34db425a0156963faf59baea8f20b7f754ec9678f26992b15573164
2269.jpg,validation,2269.jpg,17ec193a35175fa179847147bbd3c45163c88283e357e8583fed9597316cd940
2270.jpg,train,2270.jpg,fcea6f35f2f34f039bfc553edfb8f7738d68f51b849e6e5d60a0c5d96804fe1d
2271.jpg,validation,2271.jpg,d0323e399912656fd0dd1fc3b52796ae10b3895e06cb628f810b89ae57cc2e87
2272.jpg,train,2272.jpg,1b8296b9647074312e08cabec65e08a47b3ceaeb9dd46f28e1d009dd9f85d9ad
2273.jpg,train,2273.jpg,1f6d9feff1a79350a9dbe25a8af3e53f31463b1d2b8ac93d8bb959a985e82a20
2274.jpg,train,2274.jpg,a77d5483bf93d85a48f6b6bd73ab3bb627e16703baf2e5d80193d93b09750e2c
2275.jpg,train,2275.jpg,f40e8d185a0ca9a630be723a20246930a3cddac26f5c6b978af6e30036eec453
2276.jpg,train,2276.jpg,e50947e66880473af12f72e3318744e55454887f5e30fdabd5b56282e61c0221
2277.jpg,train,2277.jpg,db4b96b2a27bb4137086655181d4549ff50c65f3b0488cdddc0fc00968da83a2
2278.jpg,train,2278.jpg,84f2e30b6379fd3b377eb8ffa060246f6e172884b69391172dd356d84ebd5d61
2279.jpg,train,2279.jpg,205c31c1d249a323be80d8c25eafe44a7a702f51b6616e3d33daaff64b282770
2280.jpg,train,2280.jpg,50f3d31a41e7d93c75775c1a14a2b5c2447c76e284b23993153afca6872baff4
2281.jpg,train,2281.jpg,829350ea54047ffffeda0a68dccda5edadd93bfbb8f99c5a5ce48fd135900b50
2282.jpg,train,2282.jpg,8c11e38aa20f3fdd697462f25c769b9a39be5eb7e2ca8fa359b18171264f037a
2283.jpg,validation,2283.jpg,eda6fbdf6ac2b1cac3d32590464aa8da5a27a02eaa33328036d45bc77ca810ca
2284.jpg,train,2284.jpg,55448d412796d1fd8cc7f2c3778e673f834391fa7ceb3e52784f2c6513c2d9b1
2285.jpg,train,2285.jpg,23824168120a581addc520f6b96f35869d80062d4d7545dd04d6ccce74173f5e
2286.jpg,validation,2286.jpg,039a9970547b91bc576d36c8338fd8b5b9245e951d6aa69dffcc21fe2dd92760
2287.jpg,train,2287.jpg,4b53216a98bbf1b36a20a431155aebbc84dc35cb2e37e403050355a3061c6545
2288.jpg,validation,2288.jpg,00c7182c25c9e08895f2d014bb58689e071a75ec88cb77c57aa538cc54999783
2289.jpg,train,2289.jpg,8aa659c5558673fb5d42ff8c60a139b2387d80e3e8211959a064837ecf71fad3
2290.jpg,validation,2290.jpg,f1528cb1bc8df17b3241d6d838c4e3740e1be20423c403e9b79613ba54d8af55
2291.jpg,train,2291.jpg,714808805482367271f1f5964162c8d85e1c7313369ba0f0e219fbde2711cbaf
2292.jpg,validation,2292.jpg,7049981bda298474b45377cd7b5ba1614df091348bb59dba839e77ba1053a7e0
2293.jpg,train,2293.jpg,0f0741d627747b8c454748d39b75f7129fecfd440afdfe857ead4f5e1905e4c1
2294.jpg,train,2294.jpg,baed611bea8c2e7a21a79fbbafea3bfa8c0e225c6b7a283c0f4c648912cfd05f
2295.jpg,train,2295.jpg,09dc66a245dfbeafc8747171ef593049db9cfdc33e6e6526b9b25ec2c8cb2046
2296.jpg,train,2296.jpg,92f6599859a49de22f42280e6a86cfb6460445f16b1139ab5914bc0a2ac3c378
2297.jpg,train,2297.jpg,8574463b176fd69b971545d978da7f4cee166f3bd32d16cc8b51245be47bb523
2298.jpg,train,2298.jpg,292769d32be7324aca34d088a582c631a10a0d896608b37f87b12e39d7dea513
2299.jpg,train,2299.jpg,51acb095a71e59c2fd36a73a744dbd0bdb7813e15f776e8f721758b96aff2525
2300.jpg,train,2300.jpg,03b9c6dc0639d041d580659813b84ff89e2e311bfdd9365ef09af11b00111446
2301.jpg,train,2301.jpg,a21515860494b8cf391a981526c971f36b6491307dfa82105b4980a2a30f5615
2302.jpg,train,2302.jpg,a53fb94a9f74d065f4258fcd692f6ab2d036ea35a1fe0cd10f21d918b2b6dbd8
2303.jpg,train,2303.jpg,9f9c959bc6fa0381e59f51ed723d4d847d0c7a5c4d0dc6d26caa93cc457e6944
2304.jpg,train,2304.jpg,58433c4fc9a43f90f90ed8bd9e11e710590333196106c8c673e1a8dd08c9f3ba
2305.jpg,train,2305.jpg,8bfe79be56870c3f2fcfedcbaa27a4c0b0c5cc5114a68c94d7e736022db5cc95
2306.jpg,validation,2306.jpg,a809a17e619dadf24ad57cf6a4af71a7f11401be2197a9558fab0308964980fd
2307.jpg,train,2307.jpg,91616369b9a5a4669f7c76272e628be936c00d28b725e6c617f7a1982bcf20f7
2308.jpg,train,2308.jpg,83130d7f2257990b2f3e36d5cc863a68abc99b9f8d81c9f9530bb0e0248eec31
2309.jpg,train,2309.jpg,0159c98ab58e0dfef28c2b8d74728340c82515d10a390b483a4688673942ddf8
2310.jpg,validation,2310.jpg,95efe8ea113984af3ef536c5b3f0a9f808dfad76f13748800d55c035021dd117
2311.jpg,validation,2311.jpg,5f3e3fc987be5e5234df192959180ef736fdbca8d16be6c5b26918b9f3045710
2312.jpg,train,2312.jpg,62362a564a69a772fdb15d333d475a897d35180139f03502e9734bf8bbf20b48
2313.jpg,train,2313.jpg,6181c8c30774bfd82c6981f3927308158dcd86f50f8e65768cae6af848700319
2314.jpg,train,2314.jpg,352d105f7fd09bab934b4567d03ec5f3e8e9cc5070694c551091f2bcb2f77a98
2315.jpg,validation,2315.jpg,8dcc1fc18b3fda0543757ae11199d910f46362dc1690753d597343c78a25d042
2316.jpg,train,2316.jpg,b7eed0b489f349a15db4047f35eab2d05078777c99bbb1fcb051e83f00391838
2317.jpg,train,2317.jpg,eb519bbcd5aaf7be0289e8770d0cee0f22b06408e6c77e423f35d73b05dc521b
2318.jpg,train,2318.jpg,3c05aabbef94aefb9b0022e91c314ae708d43c92b2d68a9e29974b45e9bc2bae
2319.jpg,train,2319.jpg,4c1172c5df1e1f3d7ee899c2dd70923fd32a6661aa75feaaad69d9b00e10dbae
2320.jpg,validation,2320.jpg,e1eacae9c10fc657b1d1b47d71111562909c6dd6c766b440a7a0533c067f3626
2321.jpg,train,2321.jpg,04288724a7f4126495ee05c73fa02bfa1eab4e02890557ad6d6e07e7df70a261
2322.jpg,validation,2322.jpg,9bb6c4ee071f3ea4056386cd2a0a49cc917ecd127f35586e129e3d1ae098a1b2
2323.jpg,train,2323.jpg,a188578da2fd3a7edfa2a6a8c47755617c34af5707425e7738c01f66573f6284
2324.jpg,train,2324.jpg,5c83169ae6aae8c24135e53fa77b90f91653bd0258b22a10f53cdbe787ae5716
2325.jpg,train,2325.jpg,1a9fac3d52a300fd107d705c88d640e84b72e5cbedfd6cc066e6a9944b00a1b5
2326.jpg,validation,2326.jpg,60828c681c5d8b38f859bb89d9d3831ad915d020fa579506d41ce56488127d20
2327.jpg,train,2327.jpg,6524fe97731cffe8391f030116291d191b109b1ab8ccb4affa953b2016210eaa
2328.jpg,train,2328.jpg,531abf8a0f483c4bcd6f88638ea1be07e6bcbfa72e107150408d9d09edb3bc6e
2329.jpg,validation,2329.jpg,bd0ff33d414fa9b65f9ad6670100d04c47fb5a14808f96d85ed8ae265bbea110
2330.jpg,train,2330.jpg,0cdbd4ed77e575843dc477e58ea4d8a4f7b39ee234d8fd1e7812f76f9285abd1
2331.jpg,train,2331.jpg,4517c303a5ce752ac5b201bcbeacb5d5a8616da7f42310567948cf9cc6ca936b
2332.jpg,train,2332.jpg,c6e64c03528b37c447f57a4b54eed572cb746e20eef5d74b66df8f2c2b8c9a11
2333.jpg,validation,2333.jpg,90c8961ffdfad6675ac16753c728a2f209a7be426d2dbdc17e76422eb39714b9
2334.jpg,train,2334.jpg,e86103f77abba8f4ae09995f8c7ed175a5a79bb24cfd4b9250fa39a236f85832
2335.jpg,train,2335.jpg,0e1a79bfc4f15aa77924bf2e53b0c7c4c4e62b67f88f6b7acacd193395383b4d
2336.jpg,train,2336.jpg,0b692ffb7d1e4b28f463c29a9b9939aa93807b6b86fa4506a71058bd74118f5c
2337.jpg,validation,2337.jpg,88283d24e67c3743908f5941721d92f78a8ef27037731e49dd1eb06e171de91c
2338.jpg,train,2338.jpg,006bc9a8768430ebb8843a554ecb335bde570bb026167f35258d9b19c27c9a96
2339.jpg,validation,2339.jpg,bbcbbeb8c06d0a20f23764f1204560c07f17095c14775f3336b2cb5562c9a6cf
2340.jpg,train,2340.jpg,dda762447d43e5d1038015723ed9003742cb6625610ba87683288f57cafc3c00
2341.jpg,validation,2341.jpg,3c6d0a9c381adbb8acd3ab042f56462f2b57045e234b9032bb2da8f10ba04157
2342.jpg,validation,2342.jpg,c7c0b51a83ba89a3d35cf80f081bfb4c4f44114f483f3fb08fcf194e62b65bb7
2343.jpg,train,2343.jpg,42decf87dd9c909b035dee7687c8c155320a97ec4c536697989a391c55cebad9
2344.jpg,train,2344.jpg,1875e5d06191b9ed98543e6a35f271c34c87d7d128b4a7cc3dcd25002e7d50ca
2345.jpg,train,2345.jpg,05727f670c314336f581cab6208cc565224a37c9ffbfb023828a89ca74ce2898
2346.jpg,train,2346.jpg,b9fe969e4418f5cc8757a0aeb0043059a37977a66d0e87ad33ff33c1769546d5
2347.jpg,train,2347.jpg,e27cc34b70d33273ab2b5985be99055df2a8db8b1c74e7f0c8aa7a998483228a
2348.jpg,validation,2348.jpg,0f9516d34df44a9f1101d17c81dbfed15b64dc8816f80181bd145198d5e972c6
2349.jpg,train,2349.jpg,02c9ef01505e65251f58ee40bd49301dd4b5bcc5548cb4214cd946269123f368
2350.jpg,train,2350.jpg,e67aa1e5f028dc83bdfb200ac01c1c4d895fa2b9163555165b14cfda4cd4faf4
2351.jpg,train,2351.jpg,eabf340b4baafdf3ff8f03796f97dc0c219ad07ac267f3e31f14d0bfb26749a7
2352.jpg,validation,2352.jpg,f500d505db65affad9f54f8f42a598a7bc2fc01a35623ef93e936998167c525a
2353.jpg,train,2353.jpg,294f73e2861838af4d19491a0ae81a32ab07cbb0afd3b1502726bf7cf1d94814
2354.jpg,train,2354.jpg,27448b1110d9f1fdab30a10e6500de00f3634a58b2318b2dd33a348684906b93
2355.jpg,train,2355.jpg,00e6596ac6ed5e9e9d174f913351014d23fa634fb1bcd2bdef8051880f663684
2356.jpg,validation,2356.jpg,3406cfbcc9fcc1a70cd65c659cb776a67ca2ae05c6e5bf75ba3217336f1886f4
2357.jpg,train,2357.jpg,47451fe6fd04061693b8a9f156524e4a5e00c7aacbabae25699449038a239ff0
2358.jpg,train,2358.jpg,419bedfdb2d07a48f1d7c6cfa9f7f9bad6c942b0f1da904620c6c66b7211ed82
2359.jpg,train,2359.jpg,b0d84d8d315ed929bd692335e13a5da175573bf2905bf1631c17d48559787d0f
2360.jpg,validation,2360.jpg,935a62a068ffa107c92b002521f0b2d1b28b84c4266b312466cc604c526cd1b2
2361.jpg,train,2361.jpg,4a9b953c32faf13a8e80f6b1c2484c5011acfead6bd51ae966204512b18f5cb4
2362.jpg,train,2362.jpg,38a33174eda2d3ec0587ca3d8a91ac1b80e2646191368dd919f97e15d3b956f2
2363.jpg,train,2363.jpg,a4e523e21a2acb182346594d8bb51be2259bd2adc73caf669a56a34191b60312
2364.jpg,train,2364.jpg,07ca35515eedb47fa20b944d8e6fc1641df8e914883e88effefaa2ce363ae326
2365.jpg,validation,2365.jpg,5578fa8e24696401e1a6b8c3c565b02991f1fab07944d6b57377f63b1660cedc
2366.jpg,validation,2366.jpg,c7f8e164c563982c5b944a04f76ef0afdb38caa514ad18ed6242690a56925521
2367.jpg,train,2367.jpg,6443ac4b7790b5c88eafc0fe71e14172411937a84574d15d3f38a0fb5be3f62b
2368.jpg,train,2368.jpg,397fc643a0ae16776db0c44cdd5ca42dd6c715aadabb3dfde2bdc16923f04e8d
2369.jpg,train,2369.jpg,f85541f6da3e8c1233f33eaad76792ce6b608eaf8eedd63442c25007a941f2c0
2370.jpg,train,2370.jpg,99b3853acb25585d9265bdd42ae0b4a6c341c231a3f75b21f80dad1ac0b9fb39
2371.jpg,train,2371.jpg,78f40ffc928efe45fae36c958ed01c723172524bc7fc78ed3053ef503912f1a6
2372.jpg,train,2372.jpg,e169a2c28de9c830bbe280c440cb14d44c76a1f12a2c3f323c5520ee9da8a2ab
2373.jpg,train,2373.jpg,a3637d117eece0275215f2e9080980d9ce33b37101498d21045194d0a113f8f6
2374.jpg,train,2374.jpg,a1ebac697166c7aae80f23823a65bef5e27592773ddfc1fae49650e298a713a9
2375.jpg,train,2375.jpg,184d7efc9c8a728be76758d1231ffebfef6fb7827286a0e098d2bc56766df066
2376.jpg,validation,2376.jpg,fc0671c4a32551cee76fb3ff62722ff8f6cc891faf811ec64da55afeeb5c9f38
2377.jpg,train,2377.jpg,ee96b686627e2aa14c1e148a5960f450ff71a087e37a29bf9b11b684905bdd92
2378.jpg,validation,2378.jpg,feaceec9631dbd4730181c83104a170b3305bb349e7500cadd1f7b49a1560d31
2379.jpg,train,2379.jpg,156b5460973519bec6420c08ea8a477d6344764688eb6c150cf2d8536d4359e8
2380.jpg,train,2380.jpg,8e009d9c48ebb06a0dc58b50508d26006ba9620cf872492ca553aa87da3074f3
2381.jpg,train,2381.jpg,44c6ff49b7a1cb237c49ca055efc21a7fa82d564a31c744cd4b9c786969cd32b
2382.jpg,train,2382.jpg,905dbd03ed1c40130eed766f78d37d659cd94c90905865f87bab568635d1f040
2383.jpg,train,2383.jpg,aa896646657df3431be7f475b363b76decda38c7caef21174e1c31ec1242c551
2384.jpg,train,2384.jpg,c6985663b882d5fac0a806033d43bbc439b2bb4a79e94a59256d57c66364a4f0
2385.jpg,validation,2385.jpg,e342a014bc1d6e30e9b66313571d9a2ba7c2eb398db9423db011d956a940a3c1
2386.jpg,train,2386.jpg,39c061b7ccac470b0d02f6e9049c32a25cc5e9da85ad232bd80ed58887ea15b7
2387.jpg,validation,2387.jpg,735228611a314f6325aee0c49e3ea4e1ee5f1d99359956b411f0686460e68d1c
2388.jpg,train,2388.jpg,9a242dd9bb1e4ba3ee6f11b55978601b63df282b01612ae68b147f185ed52b5f
2389.jpg,validation,2389.jpg,d9a0e8be138812c8a35042ac89cc7f43e8a7eb36202341c81ab3850e3b5333f0
2390.jpg,train,2390.jpg,f6b21e205e5e51351d376bfb673efadd1274e6686a1ff4dcbc4b609187eb4dec
2391.jpg,train,2391.jpg,86129c51a1abbac8e5d8c933dbd9d86272360cdf7f87e5bf6672ef8f3b8f7edc
2392.jpg,validation,2392.jpg,d7552994f57634808426b68d527bdbfe9bed8051c5f499e7d975a63eb85526b6
2393.jpg,train,2393.jpg,bb0f1b7b26217ee8b90b56061c20361f3631d593ad796c79ef2249ba677a0e5c
2394.jpg,train,2394.jpg,2a5ef8e0ba914050c777920c49724eb32e77d9d1bab181adee381f98a1ac6588
2395.jpg,train,2395.jpg,9a6fe7d311f9af93c01e3ce461d0fef99b1db58a9e4e398d9c0b924b920e471e
2396.jpg,train,2396.jpg,ba6da8caebacbb75d00831b89fb25bfc2de87b9b68e4326907c8465fb94b9941
2397.jpg,train,2397.jpg,1be2cbb4700f3176b0c5f216bc4b5863f6cd6965c94fa4aa24052b2d29eef5f5
2398.jpg,train,2398.jpg,08b77c3fd941f75c23d27d28ec235b9b6cf4ae51df04b487ebea54c7a0c8346c
2399.jpg,train,2399.jpg,b79ffc6fa06bd6fa4657f570b0cd4601c97babb1eb4adebaa760c9d2816023a6
2400.jpg,train,2400.jpg,01c843c04270d324a8d7f28c2bd58592144beb42efb8b0d39a034481e1979ab8
2401.jpg,train,2401.jpg,26fbc483d23e3d04e5cee299d947049a260c02504e049fe1986d8fca997e3ea4
2402.jpg,train,2402.jpg,73ede970b8a35252064846da649d2ab8ff12700bbb699b247fc6fedadcc23a12
2403.jpg,validation,2403.jpg,dc645205f4a8cf3d4805c27e967da66281c2986d4a9e93373e3de88dd9008d8a
2404.jpg,validation,2404.jpg,d6fef2803a97e44a4d5db86f97831a90c14587aa48ce055d0dee1c25de3308fc
2405.jpg,train,2405.jpg,e5e00c027c2a7f757e184557b34443e540a026665f7373a3ed40761b896fea57
2406.jpg,train,2406.jpg,d6c51344ecae16103f62e442a06971bb04905cad2224a9aff490e499c191fe73
2407.jpg,train,2407.jpg,6bc4d45706405b8ccc6cbfb658bf9c0fd0bb3ee350352bc47a4c273d3338d7e9
2408.jpg,validation,2408.jpg,13928476088c273c6a13f4544260b186990704289990f5a8f9a811fcd7e7eda7
2409.jpg,validation,2409.jpg,ed00a84d10278227c17e765955e2978a024ba7cfb539a6351e233dd9802a1f52
2410.jpg,train,2410.jpg,8ffeaa73317899a71a9e426783b747dd106f2618ef8daab7ab4e3b11895133c1
2411.jpg,train,2411.jpg,892ec63ff1cf8fa165c318b92d6cbe527226c793418577954c789bcd7412b4c0
2412.jpg,train,2412.jpg,fc5f50dafacb0b70480e24da2864a1d0d6dd04c34e3c97a69aa322bb34210162
2413.jpg,train,2413.jpg,91ce7ef7bd402d59eedc935e351899db6b16da4db6170faee49c7c999c5a76ef
2414.jpg,validation,2414.jpg,5093eca9d39485709365a3ca5246c1a65a3bdbc0b19e1e557ec29f2fef273de3
2415.jpg,train,2415.jpg,630e0e036a780aa58bde6634be87ac88fff0caced326675d1a88d760a222b0a3
2416.jpg,train,2416.jpg,eeac48237d217c86d488e14fb28d617a3b95123d667e7fa6a8a933a272dd5c61
2417.jpg,validation,2417.jpg,c7b24ed1944120bfd93ef00a6264b8e489d59ca2ef0629a7266d84c457e498eb
2418.jpg,train,2418.jpg,7272fd568170d70eb11f3a6a30d0b1f0072ca41d70c960ebf8aec6cffe16b3ce
2419.jpg,train,2419.jpg,11f9f68ba53f0044bf627547a78b4603f24e6ae32644022adfcf1b18e9c1c35e
2420.jpg,train,2420.jpg,1676cc3a4b3159f0e13eb99ac37c10f58bf5c3d349212c585a0708f00a467272
2421.jpg,train,2421.jpg,1f7f96d3f3ecf1add9253591757eab1ccd2bce3b02b8bfe8089a4e21f8101c15
2422.jpg,train,2422.jpg,ab715a981b8f43db6e151c288b9e1ec21c7b9bf98a2f24d5dba2273f7f2677f5
2423.jpg,train,2423.jpg,9a02fc77fad065b28928a39b4dc22d7a58b8fe479bb9adc26539b1460d4d53b7
2424.jpg,train,2424.jpg,f736a0a28b32bde52885dee6e5d06546bfcd5e5390ff0aacc30a5cd91730f2fa
2425.jpg,validation,2425.jpg,b28b32d1060f3aa89a7436e7d0b850994e3c03ee2a015af6e81663af7d993b26
2426.jpg,train,2426.jpg,8b02269b561b859d0ce51b66c44f2f0c53942b92b725fc993b7022ca794e2514
2427.jpg,train,2427.jpg,ee5adfb6cf18ee69dfd3cae564ae0a3568ca693ebdf76a1e05ec99a753cf38c8
2428.jpg,train,2428.jpg,6651c3970adcc9f48c5bfef5976184632dfabd1ac0f9d0433e87b83cdb008c75
2429.jpg,validation,2429.jpg,f3078b75f079704b8a5fd48cce1bf4415bda24eacf507662ec51355e0437e2ab
2430.jpg,train,2430.jpg,f2e04e232dc22507a11268df40a369b1fad883685769bc05debb53df59f224d8
2431.jpg,train,2431.jpg,6e1e36e66eb3a5c677857aa247b363efe61f85f2e7c1ba56357595d97293e2d0
2432.jpg,train,2432.jpg,388bac0dbf307d29ba14d5e622a0d03b9515602755dccea18ea32add80478750
2433.jpg,validation,2433.jpg,8f7b87a9a1509ecc798eaa622f025c2dc6d1c03edc3060395a6980efa7c96144
2434.jpg,train,2434.jpg,ff5f3b67e8bc83aab8a36f80c0dd3a54b0c73cb4e9afca15f88c8cbf9d3753d4
2435.jpg,train,2435.jpg,490c9936837924d479d5820bdc31ddfdf85698621bfd4d267a6d19e78de9f7d9
2436.jpg,train,2436.jpg,0ae8d2df5f1e4a8a705c9dc38a0787d72b3d7b7be876d6244bde4be6a95a60fe
2437.jpg,train,2437.jpg,b3889d288c3ee4a0ff816c6bc8971e9b29876d5d7e9f569e65cca2aab2af1643
2438.jpg,train,2438.jpg,6f2ee466f21e9bb61e5aeb3e4606f8ab77d88bcc45872f9591c374dc789900c3
2439.jpg,train,2439.jpg,7f4d40dadce3ea2877b395ec64dbcb585fc2119bafdd4559832badff5a5b5fb6
2440.jpg,train,2440.jpg,c8b7298efa7ecce1a053283361ee1b0bb5daa3ef6189452d4660368a1234b8c5
2441.jpg,train,2441.jpg,28b7a1e06dbc481d018cd9d87ea25d7e52d02b6f6c5448086a7aef6641f68218
2442.jpg,train,2442.jpg,16eb63e8c537205f1806f7e31ce2f049d141a19e33032f25f52ff4e068c4bac0
2443.jpg,train,2443.jpg,a7186c8dce7ef30b9416e1394ea0cf112714a89801d6f0617f40bddddd7bd1ce
2444.jpg,validation,2444.jpg,bb806b8525f96a4ff049dc48c5314234dd27756850329fe33beb8b8788219bd2
2445.jpg,train,2445.jpg,78e98e6aa97ab13d259fbc48c5c50ac2414c06ac7584bb7fc793826896d870da
2446.jpg,train,2446.jpg,08ac0cfbe9adca660148c24368567c13b750379e66c432828b3b1007989cc18d
2447.jpg,train,2447.jpg,cc69ee8856051e54fa662bfea483d545c9c1c1a8b07ddaaff6b1a80965c51b3c
2448.jpg,validation,2448.jpg,42cb7538bae18ef030449b09f0dfb3b7d208e752ea6d5e42c8241f6778152d52
2449.jpg,validation,2449.jpg,807e8c9bdc7f423c3bf4e98a048094f3e51085a7ecf9c2ee6f2d3261e7868597
2450.jpg,validation,2450.jpg,4fbeb2fdf4090c18ea25b4584670429cb384b33cdde904dbc5b38096e473af5d
2451.jpg,train,2451.jpg,5e417f43275b2870a97b39d6ff5183f16300aa5a235b5305f031cf51269efaae
2452.jpg,validation,2452.jpg,187a6e6e0501c18b0104b80528d467b7ae9a78e81560f7fdf239ff167b709d94
2453.jpg,train,2453.jpg,1e374510ffa30a1e2825ee7a142766d2b4088b5bfd49a7e028cd4c473a3149d2
2454.jpg,validation,2454.jpg,ad3c1d7621148b0678b154da6005bf211aa713620ab6b6340542e20d560c7b8a
2455.jpg,train,2455.jpg,f6d65ae07e6e12538030ee4d78926cb98a524b13eebaf19a026297d7d1f4a0a1
2456.jpg,train,2456.jpg,b0854666c667b822735092b40c8837fb3a0d539faba6e7399ae989ce7eb39690
2457.jpg,train,2457.jpg,b67a133c308f75cc4188e1f5bc95df92866f93db20f22b77aa982035287d0dd9
2458.jpg,train,2458.jpg,842fa96ac1f2da49f0d6fcaf5c1d1b91d3ed58de08381d7319aae3ba37d0e0e6
2459.jpg,train,2459.jpg,c1e59793af2c1ded032f80fbaef671c48275264d9436cbfa2584910fb4060ab4
2460.jpg,train,2460.jpg,5403784ea5b3bc0fcb2606b7a6673a03fc2f16d0cad5b4d1ce35e39e17e9a692
2461.jpg,train,2461.jpg,a28bfb62f8b25ab2bfbdb131bb383de15a48937a7cb1a96fa06f84f351763dff
2462.jpg,validation,2462.jpg,8c8828489bc955f30de770faa9cb65d8a445cefd1b2b523b5eeb79974acf0a92
2463.jpg,train,2463.jpg,3decbb5a1c87b3d542557cc2514fbc1a3de524cfa830dfcbe4f65829a016aa98
2464.jpg,validation,2464.jpg,ceacf275e7675c49006fa145b7ff84428c94db2a2ac01b44ebb94b30ecce75c2
2465.jpg,train,2465.jpg,fa020efa51396f9e0f38e73e93368cdb23d7adedbc3376a2bfdda98dc1dec21c
2466.jpg,validation,2466.jpg,7298dc7abcca07dfec01fca108d7d74603939de92370df76b725ebaa15c529e0
2467.jpg,train,2467.jpg,0083f2798cb3872dc3131190c26fea5f916f414ff5d51319ac871eaa7b8dda40
2468.jpg,train,2468.jpg,a7ff463ce28138fec6e67348e3b09e9b2fd1098694e691745303c4b99a12c757
2469.jpg,train,2469.jpg,8e36919e6c740fee0a5c8b25efff0e4c5b080e8b6baa8240460ba0c223b1b29c
2470.jpg,train,2470.jpg,8ffccee9ab0dabe97ce6ca9c227cb6fe0f6988c1d137222ffe9781e7eba3e409
2471.jpg,train,2471.jpg,89374506df86814646223fac667ad4b4efea3851620c0bcef596bd9ef8aa5a7a
2472.jpg,train,2472.jpg,5ba4fc95cef3640630e12fa44528c0805c991d70d7eb64c839cde9d9cc5d7253
2473.jpg,train,2473.jpg,40c00fd370f1fe7e16de30c38ef711965d052c99272f1887c82ab302a9aed7e1
2474.jpg,validation,2474.jpg,9a083e398cc66f4cb1757e7465185cb68d5a3486a0e94f645187188bcbeaff94
2475.jpg,train,2475.jpg,487f5a928e7c055dd92c72ae1ce2922c1fef5f687574d22b848d8123006349d3
2476.jpg,train,2476.jpg,a9cd7d09370556e72768d9ea211de84ae702a01ec9da8c0044172fbed4a467f1
2477.jpg,train,2477.jpg,bc929bb82138767215c27bf054c8bfed668719ca458bf51cb0f2ec32b8075f83
2478.jpg,train,2478.jpg,b5dde81879502996e1f47f90ae65a69f080fd37a7f2eeddbace46da16746f323
2479.jpg,train,2479.jpg,514d4fcd21d3ef243eab87a46242a352ded4c81649174d30524e0c9b76b1c085
2480.jpg,validation,2480.jpg,f7f714eced06a72df3eb8fe225ad104cbaf62edc621947e949f5ae8b81d3d4b7
2481.jpg,train,2481.jpg,bcdd646589b9683036fb7e0c228f47f9ffeb94d34274dea64cf2e7e69265f890
2482.jpg,train,2482.jpg,bd88f3bb575e1e2ccc68cf0616d2d78ee8ccde493cf277a5325513f8796a4245
2483.jpg,validation,2483.jpg,8378623ef6e8759640f9f010530f53e54c9493f60d7d6a86096bfafb386c06d6
2484.jpg,train,2484.jpg,06221fe44fc0e1982133c5543b017ee2bde703076af581259656be31e12d2087
2485.jpg,train,2485.jpg,63a0fe8c1b859aa66f5cb2e4bff56d3ef91a8d0ae0c9f56d9247bb59be25d42b
2486.jpg,validation,2486.jpg,0922f6dbd7b786ff8a9f649c1d997db10614b0efe78fb08a447d3a5fdd43747c
2487.jpg,train,2487.jpg,6469674baaba00e8b0b39c07e5d9f4a4b21c2f1534cd33bc5a6ad594ab6fa4cf
2488.jpg,validation,2488.jpg,b8f8427d7376162bfd81ea7d39a97611d321c661e2a545b90ef33fd626e7e1f6
2489.jpg,train,2489.jpg,35ca2710959d4ff7a6b6f5361d67ec10ae6575002620cca071fe26567fc9cf68
2490.jpg,train,2490.jpg,2e526a71f4338d334d78cf19367e3f3f9cba90a041e8778979b90eab45012fe5
2491.jpg,train,2491.jpg,98083cac89ab04c35c0b0e1506fa1f03e1ce8f8ea58110deda483c35386d9fdd
2492.jpg,train,2492.jpg,c4add8c9601161184440499ac98b29f58d7863353c263421c4263d350be5e958
2493.jpg,train,2493.jpg,b8a928e78c2c72238ca6ba6cbcfcc01f9fb25837811c1bd9080fd1f7fe322e40
2494.jpg,train,2494.jpg,e8daafb3956d18c4fee80900996b6a720e4c7371af3a902883104fd403992d4e
2495.jpg,train,2495.jpg,b915788a36d69975ffa5323abf55a64b761490bf4e0e3f401eedf45bc4a411a6
2496.jpg,validation,2496.jpg,6a9d03242462d88dc4126463f5f93c50d2e0736f108cea307ea970735a83f7fa
2497.jpg,train,2497.jpg,316546eb9ec3b998f8775415a86949a750826566377e32d31982bdbb4fd1e4a1
2498.jpg,train,2498.jpg,77fd3fedb8378f6e8ef157121052d4e74dcffcaa4069ef63a195862db1ff323a
2499.jpg,train,2499.jpg,16c7a6005f8ef703abd92e54702912d8bff4b16e485ce2e9b47ad68af81d064c
2500.jpg,train,2500.jpg,13047649fb44189320c5b6e0abe618ebcbced34e0bc38b77abeedaaa1e83ef6b
2501.jpg,train,2501.jpg,d327494c5ae6f2af8bf780efafa7deed061dba456b5765cd0d0032df119f4096
2502.jpg,validation,2502.jpg,36104fb984531aef0bf85fd8122ef69db004050a0e4718b3750a6ddc991ce223
2503.jpg,train,2503.jpg,510e3d3dfff5190fae90d0e646f02f362a95e1a2f33cab9d56e05d40cde3090f
2504.jpg,train,2504.jpg,49850a25f2776f989237cccd0c1eb6741884199743d17f1eebd6a9f31d5f4ec6
2505.jpg,train,2505.jpg,694fba7cbfe590be9230530ecdca44fb1e361c38c5e33c11476b94c747e00acb
2506.jpg,train,2506.jpg,1618b1742b1896c38761cafffd3ad6823211164ce39d801e59e27af077546a28
2507.jpg,train,2507.jpg,4d519ceadc28620c2c09b0c18726020cb8f7d701af37c46b79ed677d7e681edc
2508.jpg,train,2508.jpg,b3a61d580e503cb2ae8820619dce96bc743bb58a13f3d3e89c32f88978b9891f
2509.jpg,train,2509.jpg,9e0f426dc9f0bf6947c5e289ab740e2c6b9145511c6f5de759f4152019b2b0a0
2510.jpg,train,2510.jpg,9b825064bbc1cacc09ab686884d79a4f627556a9e6bb92fa4f43a4e56c20c2d2
2511.jpg,train,2511.jpg,8a1d95100ddbfc16874d514499056a647860340bcc26cf9ab5a9f0193614165e
2512.jpg,train,2512.jpg,c59caf74bf34eaa647d7f8b493dea732d7e7ec3f327a897434cc72775aefbb02
2513.jpg,train,2513.jpg,9a0d86ae7fa4ed7cb1b32a4fe8ad581066792b5017138fa5f2f94ca97c88cd73
2514.jpg,train,2514.jpg,b1cd826ace1cee364a3eebeb75d74e140492fb350c28b25cb0a188a732f10b4f
2515.jpg,train,2515.jpg,f80d30bd4201147a867c38857951451151cb84b00a59e617cad34519ab4cfa1f
2516.jpg,validation,2516.jpg,5c0621a95cdba80adbafa02af54dd0aeb8dc9220bed3d152bb8a8566448909d4
2517.jpg,train,2517.jpg,6df23affcb16338b4f984ca840d373e40d23ce2d3d38611cc3c83fb56e7f5d57
2518.jpg,train,2518.jpg,54bd91fc00573204f8c8f38c135089a61a7983347e130b9da8ef4092db320792
2519.jpg,train,2519.jpg,dd4d1417cd3e8cf9dc5372c7e34871673836d6062e398733a032123039080b0f
2520.jpg,validation,2520.jpg,350fc7d4026caf5b0e5c7667e110c3e5684116822ed85b65f8042308599be7c5
2521.jpg,train,2521.jpg,3f25ec2370871032ad2e4ebe3c4808006fd65151f03ddb1f5e9512a41c343058
2522.jpg,validation,2522.jpg,f2febcb61ec3f44f9c261f9313f006f86b8bc2949c34552f0721cf21262810d0
2523.jpg,validation,2523.jpg,fae22e1ceedec3f7424e38f952f726be9e0ecdeb254154e09c8dedbf88d46741
2524.jpg,train,2524.jpg,d71f835a42698e37d99f5685d947b9e3a98877912d26947c5f4238da89f11363
2525.jpg,train,2525.jpg,26458acbd4b749a934b2efe47b2046a77ed72fb1e8d454ab4052eb9426d5017d
2526.jpg,train,2526.jpg,e05dd56c3b3f9ef6c64856bc0566c297da72846416f906a8778cc1d02306b408
2527.jpg,train,2527.jpg,533dfe778545871d048789d8d4bd7bc37c4246d3f3a8acbf724ce32b61df9d72
2528.jpg,train,2528.jpg,4b04ecf3ca72ba6b02f426e7f42750905eed977f6e01ef4e1d27c0c3f60e0fde
2529.jpg,train,2529.jpg,b858d3a4ddc8d8972a0e500f28ec05d8f896451c817173709409bf3a4dcadc25
2530.jpg,train,2530.jpg,3d291f3ea816e022bdd44d95504e318eb4e606aa5ab7782fc98ceb21a2715640
2531.jpg,train,2531.jpg,435cb94df35bf42a6636440a721787cb88dec663851fa52e19b1360d851050b2
2532.jpg,train,2532.jpg,41013dcaa30d03eba95aa0e82607f8de05351432b489bf6a794d5c8ee18fa6ec
2533.jpg,train,2533.jpg,460d78ff0870736a6485d883337c59b1cb7bea2ceb97926ede9cdfeefd5a1058
2534.jpg,train,2534.jpg,57be7caea18501e7e741b289719977f54b985c836ce8b9fccbdaa9406cc8e9fb
2535.jpg,train,2535.jpg,9e9ea6439918846e0964c71aedaa722de31a699381af80f3d27d538ded61b254
2536.jpg,train,2536.jpg,a5fb686257d44ddd3c023f17493dc5d396432f1804508833bd9ce9c902288f39
2537.jpg,train,2537.jpg,f89218e457a3392d83053eecb4ba15b6a92e6550c1850ae4285bac974b416a30
2538.jpg,train,2538.jpg,49d102c0043b978eef8bb292ed0581fc4ea234886e9d6c7fbf61e67f3159927d
2539.jpg,train,2539.jpg,e8a6221303f9aa045098014580b3c72b35f0b063e89e4b5b16d915ae8d5317f9
2540.jpg,train,2540.jpg,a5de610b6619be540a2a26d61f60e2d766d3b246bf8875b296a298a61ae10a47
2541.jpg,train,2541.jpg,ef4764f2fea106fdb657b475b77e12e5f92a3f77c88c513a0243e524d47f00fc
2542.jpg,train,2542.jpg,27e4e7a1fedcd9956f3f07144d5265c5d323b6a5d9692bf9ac15417d295850eb
2543.jpg,train,2543.jpg,adf4172aa768531e40c0cc93fffca9c88414aa0a2a0bc977a2f236b869749120
2544.jpg,validation,2544.jpg,31b215e2915d2d9c0d32afe81c27c33b079d1d5e01827b5308cb3f7d3026b620
2545.jpg,train,2545.jpg,6771b05cdb3c55e1fb9fa8d36efdd706a37c5722e9c452545bf59f79f9f968eb
2546.jpg,train,2546.jpg,7c0cbab23e0c2d8e9d51d32c717cee0047584b8f151fd55ef3f7ab48fa256d67
2547.jpg,train,2547.jpg,d11f99dcb712653afe0c263971ed01891b589a0cedf5469f7fcc0a0a05ea810e
2548.jpg,validation,2548.jpg,99d0ef3534b10a7a81267fac41d7c3f4e5f6d9ddbeb2902c4c3fee39cbb25a54
2549.jpg,train,2549.jpg,e07262c6fd77e2ee52ffb0902340db7b61a4002ff9ad5f1dc2d8d32aab7d5084
2550.jpg,validation,2550.jpg,eba10b1ba97d2549e853338501e16064fbdfe94be0559d412329a3157cd81edd
2551.jpg,train,2551.jpg,0947ae01eba2895e0b3d4216df632ab647b5d0afa75cae2c18c4829231137328
2552.jpg,train,2552.jpg,01e18a1b367d9b1f52101c6c32975ea29eb6849a3cc39b96fc9d9d515cf0b848
2553.jpg,train,2553.jpg,3a1b65071f065c61d8baf883997358c7bae72d762e040ef300b9ee4e3137619e
2554.jpg,train,2554.jpg,d2a1f5360e6dd8312287b359bf7795e13a244b3cc1cd7b45b85b5cbc83496bde
2555.jpg,validation,2555.jpg,2651ab1a20eeb080794e505aa6c86cc5a63e000235e59f03c2bd22e99422b24c
2556.jpg,validation,2556.jpg,46dbda0f14583f4b3151919899e548a4e1840d1ec6720aabf39d546cd2280032
2557.jpg,train,2557.jpg,ed315288dfbc1c0761f748dcbe75e6e82ed193070af3195b0ff5b43af98b3a3a
2558.jpg,train,2558.jpg,06b1ae2650ac79bcfacc4bad6c0f06dd657f54ea8931bccda05d6b40ee46c222
2559.jpg,train,2559.jpg,50719a4308d31b83269a9d18fc3ff04af32396ad802575f382fd9cbd4604d0a0
2560.jpg,validation,2560.jpg,373f1041ed876c9218d0e60a165543d251143c66e122da76d43a33bf99f69d0b
2561.jpg,train,2561.jpg,c37ceee36cde12891c0479fbee018c3582be344a172f08c6f9cbae49249331a6
2562.jpg,validation,2562.jpg,d9ee1e1cd0b4446bed86c70e738d0fd968d174edd1756fa15de4ba6932494172
2563.jpg,validation,2563.jpg,797a656c30b195e19a86a0f444a9336f53dcf0975298eca3af1ee69db2f64d06
2564.jpg,train,2564.jpg,cb98d86edae28eea5f82206e50ae93cef8e35e2ad5910259ff70c05efea20d47
2565.jpg,train,2565.jpg,c85f5d3db23d8b6ff948cabe2c69fe84633bc75e564c0418b95772e083065639
2566.jpg,train,2566.jpg,ea73f2484e8ae527db241df6bb016a99a3a0a9f007e33e069f0c1f47a21c9b1b
2567.jpg,train,2567.jpg,e75a441457c93ef8427969b11af94d1c85b239c44d9a437bda977361343f40ed
2568.jpg,train,2568.jpg,4381e50606a553ba69d95c81d9497710cdf8d3f0f41cb14a040603dccd34497c
2569.jpg,train,2569.jpg,fa4132906f56b52f87fedbf319fafee1da906a90c9bf695bf3fbbbc6ed54373b
2570.jpg,train,2570.jpg,6fb64e03494ab2a82d719c051f6abaf1deed5dd41022d0102ef01a2523526a77
2571.jpg,train,2571.jpg,d6d658e05ff11f7502b472ffd6d74f1aeb5245606e1fb1ef873f4085bd9afed8
2572.jpg,train,2572.jpg,d6f83f8b89ffdfac389623fb4a92582575664c884eecdb724e901dea09ac996b
2573.jpg,train,2573.jpg,306c1a680c02130acfe0a4fcea2dde79254903247bb536f498d677ca11c84113
2574.jpg,train,2574.jpg,41e511f50d555949d9ee4ef26e39a6ec3ca80b40663c75d9199210e2caa847e8
2575.jpg,train,2575.jpg,a166774cd11351ff05ac56ef944d44b132b08e6a73c74d10740134ca9e3f582d
2576.jpg,train,2576.jpg,a9622866a4c2f81c97cabc07cc804bfdebc8ab6e32ca05974f7fac33080abff1
2577.jpg,validation,2577.jpg,197ffca946fe4253b72a7e142867fb04f74a6ddc83fed7c8334aca36ca2f0c6b
2578.jpg,train,2578.jpg,57959d10c1df732623e6b5331863c13b3373298bca44020cf60b52b5e3d574e1
2579.jpg,train,2579.jpg,278b6950f508eec89a8cd8514b91284c60e3af4216f81a944460c32df2f7ab60
2580.jpg,train,2580.jpg,a4dd97323f2a04f1472c55883757bdc88bcd71ef063e983299f5423f3a9e41ed
2581.jpg,train,2581.jpg,f39a32a6176011c406b6c2ef359ecf173a32219dddb3752b855a87354dc28a74
2582.jpg,validation,2582.jpg,f15125d745802d00441ffb1da66eceb035424713ba7994d1faaa2edf5f315489
2583.jpg,train,2583.jpg,59dffb9f91a0888bcbe8499ce41fc254e803139fc22f31533a9043dc44f4a680
2584.jpg,train,2584.jpg,001fb10bf487b870f1b723ae87134f5d81dc9ff6d8bfb4517a19c82f44fb5fb3
2585.jpg,validation,2585.jpg,974360968d3020f30e0c500e5dd414b7e317879950908dccf681f2081b382392
2586.jpg,train,2586.jpg,f98acbe85924297141ff03141f09eb7a35fb9797bb5973967586ac9948f2d3ec
2587.jpg,train,2587.jpg,9f88a5619de406d5a1b35caa406a56df6e6b9cb5ea7981350d5b653004aa6f3b
2588.jpg,train,2588.jpg,d829f8e5d131ff69b0c7709be14fcaefa09fcc402b9b44ee5e2de2b06c27cd04
2589.jpg,train,2589.jpg,7719538dd13ed8d0bfb79d03b3d04c2b782d61e4b75e744e237be81f6b299a96
2590.jpg,validation,2590.jpg,4737d6851b88a19adc18b63cc8e1563071f12ef9dd1988207abb102cafb9000b
2591.jpg,validation,2591.jpg,2107b07ae2c6b04e47aeb047db2d81b6fdb4183284e82399257c24539f1c6752
2592.jpg,validation,2592.jpg,6ee9ac06f6717a97206049435f4f8702b577113803d22b6f877c272b610759f2
2593.jpg,train,2593.jpg,66208e6305fb33009aa7ddea94aa4facbae4ce8cd4ca8867d4624cc449590fa8
2594.jpg,validation,2594.jpg,2b3f4f9d488831806fb239f5313f41e8a626ac87435db5c1e5ade3cc85271492
2595.jpg,train,2595.jpg,329b2827257125b975d30da4ec93a602c4636a3bc4dcd516121443eb08c9ff08
2596.jpg,train,2596.jpg,d3da51f1ac969da93da0f98942d6506e9885bb805f843a73391428ba3c5c5ed9
2597.jpg,train,2597.jpg,fd3720dcfb7b6ef0e2265245fbbb6c66c1e7ab20c98e9912abb1e998b8deee7a
2598.jpg,train,2598.jpg,cc9af3592208fdb7d15343e61506bbd3228416a12d9a0c113e964385ce52bebd
2599.jpg,train,2599.jpg,5a604441149f1139a16bd8713ab4d00eb160c2cc54878120e88e52bb3935dc3a
2600.jpg,train,2600.jpg,51d34f95c28c0aadfd6ea45cccde523c3a3a3840319be7f080ab075479a32e8f
2601.jpg,validation,2601.jpg,135bc4092eb9c0c5d9eb3f93b76fc5555e28d9c51579f1fc6b79fa54b0cc110f
2602.jpg,train,2602.jpg,f1b650e734350fc0c6fb6176785e0badfb17ee334f48ffc1f22de90902b61034
2603.jpg,train,2603.jpg,378edbd2d9749129da214aad13b5a2a7e40f686e9ffa66e77c40b70db2877d21
2604.jpg,validation,2604.jpg,b8407cd80a6e11a01699c466f1dd0324c3009455c4fa03113c6092b49651bb2b
2605.jpg,train,2605.jpg,c9dd1e7b19174da8159c60d020684edf725d85f01303b582bfd5a626e53402bd
2606.jpg,train,2606.jpg,2048fc31f9b834f4a736b251399b91b464c6030c824749706437222a12417391
2607.jpg,validation,2607.jpg,925f79cdfa3d701159fdc18eea5cc4c801389529de9f70671db3f3fce216e008
2608.jpg,train,2608.jpg,665e0918c63df72f0571c3b37901dbea6dd59c19266466ba84ec824cc3f389ae
2609.jpg,train,2609.jpg,8528ba8b7fffed9a80018313948eeb9ddc9944bc9f236206bdd90a42c00369ab
2610.jpg,train,2610.jpg,a9530d43a4d1440de85e4a27ed9fad078a4971d3501e6b3484bb8d39a4bc8030
2611.jpg,train,2611.jpg,b3a700773233ac76184a01190b69295a8869fbd4d5ffed27216ef4ca0d9bf324
2612.jpg,train,2612.jpg,deadeed369ccee515f3874dff9e717bf0a2b01d61d6125cbce6c6fa430073c10
2613.jpg,train,2613.jpg,edbeb35c211463dc403c7b943b6afb814659b0d7c872a54e79dfafee6dd498de
2614.jpg,validation,2614.jpg,36bc40116bd2a7560d29791923a3147fcb71aba2692a9b366cd2684bf486f1ce
2615.jpg,train,2615.jpg,967e317292485d8783a5bcf0ab4db533d048fb3b470e8539056a3664ea721b0c
2616.jpg,train,2616.jpg,f441fd07e3f3e8a854723a1bc6c0cd252db74c3dab4e298e5290c0ec1252577d
2617.jpg,validation,2617.jpg,dc7169bf82fa618b4d29e0474617aee98432c805dd132e288c53736a81cef030
2618.jpg,validation,2618.jpg,578f488a7b02f9b675c25ed98572ada40eb78dcf270b5be7db900f7eeaa473b6
2619.jpg,train,2619.jpg,b79d0555d3627722f78aabc6b1c65995671c5adafe6e47c9307f3125f6480e22
2620.jpg,train,2620.jpg,c4ebbc625c040dfb8502abe52498598656e4979d8dcdc688872af44147103cb9
2621.jpg,train,2621.jpg,0f524142acc76fb66f5abd7b973e171ea2a841a010aab300165d79a5fbdf676b
2622.jpg,train,2622.jpg,0b8f075d2377b52b0179c75b27bf48a76a368c49a83725024ca284c79f22c6b7
2623.jpg,train,2623.jpg,89ee3337bda29c4189b1f5d2876ac75a6cdd795629b21bc0b4a4cac348d6ab1b
2624.jpg,train,2624.jpg,cfc1de0d18a2d513c6d3bddbeb80230441af7f5db091773983b936b8cb084a7c
2625.jpg,train,2625.jpg,04dd838c8f438ae68f28963a48e8afae07ddd1e4db9a512121465c9f8bfe4cef
2626.jpg,train,2626.jpg,6118a8ca1aad3cde57bd718746a3a3cad6cce1aba01ac28d82916a7f6ab02a31
2627.jpg,train,2627.jpg,35a497c344ff1ca6c33d7a5d09e027b832582e8bff424baf68732912ce7b42e3
2628.jpg,train,2628.jpg,43c301fce89fc4ad49cbff740f375766be52ee6531b32d9468b1464992c51d8c
2629.jpg,validation,2629.jpg,04aabc64ded4938802860bf3616fc25f7a362bba65496a569a1644a412c36011
2630.jpg,train,2630.jpg,ba6304e21dc74fde3965dde0dc56232a8f8619990a32923a7374be1e9dcc468d
2631.jpg,train,2631.jpg,72a05d998117469d95125c22a2dc9f771de05d9c8caf6167e03b27e4d1cc1809
2632.jpg,train,2632.jpg,e3d9a764bfad2f595f350cd76a214e49c5d92854b3cef1bed414e91a1ed12298
2633.jpg,validation,2633.jpg,56fcb0f021945128cafe5ecfeaabb65bfc8b38f6b0362aaf81f567e07e83bf13
2634.jpg,train,2634.jpg,42ec821df988004916316bb78b00dee551d8d6bde7d526b23e9aada28b81ce29
2635.jpg,train,2635.jpg,a039a72fedd127998273fa6e6799b957b750ad9393bb6d8f1f042ee006a8cc16
2636.jpg,train,2636.jpg,5009a1f125cd8526c4bad3bd92af8f3c902e0c6e5dd01df47e7907abbe2e72af
2637.jpg,validation,2637.jpg,89af2b2b7ca1b538ba0cf96c560e729861a1e95f87cd180941fbad6b8f1e5d22
2638.jpg,train,2638.jpg,95d0ee7f6dfef29ffaaa4847bfb4c6e4f9041567a7583d4ec86ff746c5c9950f
2639.jpg,train,2639.jpg,0899b28717133238983c37f5009db58bed5efbda0ad15e4d1580d4f796d70ab6
2640.jpg,train,2640.jpg,e229dc023e5519f3530b9ad07d0a4bcc77186649c1b0e078cc48c8e86228edec
2641.jpg,train,2641.jpg,66459b067f8a4a6dc45843f4d9961558e2d3f31b8a25b7128f531e5c8a23eff4
2642.jpg,train,2642.jpg,0b32eb2a9bc03b5377146edbc5069e1174451b1b0134eb9355c3a1515845fc2e
2643.jpg,train,2643.jpg,75735db318acff963c9e9c547bd173537ff4a665b02678bb2539cd29e23e3fb3
2644.jpg,train,2644.jpg,a6a65e07e8ebfd1479a9a3ed12d20ab7e0da3ad2bce61c03c6bb912ae98f0b21
2645.jpg,train,2645.jpg,ab2039245e5860b2fbdde8f0c52cacb993c0103ffd82ef5e985bbfee697ac7ab
2646.jpg,train,2646.jpg,52a7c8a293557ce518682987ba82717789a8577d2eb8c4168eb21f11b269552b
2647.jpg,train,2647.jpg,d5b6ba235d34c262d3dcd6ae0717822f8382ee1ac8fc5db6bce621442ace6288
2648.jpg,validation,2648.jpg,df0c0d50a0e2bf900b4766c8c7cea4ae0d300986657ccb602dd6de9ac439974c
2649.jpg,validation,2649.jpg,3f7e5318520e4b443f4bbb6e172f1ed2a6e2bb8105c67422902227fa11f2f056
2650.jpg,train,2650.jpg,c4e99a68316ba03a4ecfc0bdb5ae868eb8340e9ad8c8f113f8cf661eda1edf2d
2651.jpg,train,2651.jpg,f54c61f8a0c61e285d330b880f8a4570c2473a0317e0d1d17e100a3d1baa9094
2652.jpg,train,2652.jpg,93d1cd275484d9db2b021f00151dcbd5576aec36ae8938c12dd12016838d64d4
2653.jpg,train,2653.jpg,bb32b9b814ad42d578240dc274eaa513416c3bbfa7856b327a5381fb571b4095
2654.jpg,train,2654.jpg,a6524788c8426eebb7b88c7066f1d60798ab3e771270b1cf4c322ef26c552d9c
2655.jpg,train,2655.jpg,e20dad6a0631e9f375896dfb1d8b43a476ca5dbb88a207e6f6a8d76fba27a448
2656.jpg,train,2656.jpg,b700b8499046bf1ed63710eabcb1ea08b9c99d28d60c936e51d84775a2a160f8
2657.jpg,train,2657.jpg,7ec2ce9e4b2dba66d67d60ae251a4edcdf7a739148deb655c56ff94d88ecbe2c
2658.jpg,validation,2658.jpg,434f62678be6f24d1a4886e4332dcc885e4a10c964a8f35d95dce2032ca4b71d
2659.jpg,train,2659.jpg,c91a3a7b55df2febb10e7cd7900bc1051c2e20417a609bf1488cc6de92b7451e
2660.jpg,train,2660.jpg,5279f3c7c48186d7b067644d4788381484d71a710f6c872abb328b5c0e6d0c5c
2661.jpg,train,2661.jpg,4e9ee8738a6166d24ee339f4ff8a00e63862a0969d3d2a00cc91a0a8aac02059
2662.jpg,validation,2662.jpg,ab8ca446256f4c12bf0a609c81ba712f1d7f0b1c54a2211386559448fceeb638
2663.jpg,train,2663.jpg,fa36176115095b19528b38531e3280e8ef2cdd1a15a10283e93eeb20be994ab2
2664.jpg,train,2664.jpg,b9b1a9955c90c1c59cf7542c620bb95dade40bb44226139238b1544b0b89887c
2665.jpg,train,2665.jpg,ecdcd72a8a4dfe5116c4522f10bfe1231e39d5b0716321e47789f43a2c85606c
2666.jpg,train,2666.jpg,f9aaa24668fb9aface48226bb2c00dae96f2e7c600dfa4cfae9bcaaffef08e1d
2667.jpg,train,2667.jpg,d261de0259e66045ea6c4568ffac7304ab102871b3f2d0a73b333ca781902568
2668.jpg,train,2668.jpg,ab34890bdec32507850cf661b68f2c1007a084905dc4b72c75b6ac26a9b0c99b
2669.jpg,train,2669.jpg,08b7714a2d00b9825c39a522d3fcd39af70d80dd3bbe94bec4caafb254639264
2670.jpg,train,2670.jpg,abdf0d896277bf7b757423857d31d840197369ad393505a23f186b41130f0135
2671.jpg,train,2671.jpg,f0675963d7c46b2f81673754ded0795f71bd446d7024dfec4f05e3d135eed126
2672.jpg,train,2672.jpg,f8334189017cc32da5f918b54f218355238cdbe8b6ca4f58d4988c29fd2af338
2673.jpg,train,2673.jpg,edd8621c29f2a4764c121f409d642c76f7c75507c519069503f82f59ab90e4aa
2674.jpg,train,2674.jpg,9e3f0f5fb56cff8399fbc105ac9e0190dd0dfe75794396b161a034c437a03735
2675.jpg,validation,2675.jpg,f1317ce42755d8df7e96edd2f2e9f3532bda69261f0a6ad2bf1b430a2978e49e
2676.jpg,validation,2676.jpg,288dc3f65cdb870be63902a8523c47c8c788aee6925a81324f4be77b2d6dc913
2677.jpg,train,2677.jpg,8858f71e28edd6f15d9758a5dc10474c612c37583387d3dd3c903b27f1e1d74f
2678.jpg,train,2678.jpg,84effb2a49ddc1c812abf6a593380f4e076d07af3d54c346a4f1b8b46748e5e7
2679.jpg,validation,2679.jpg,9c7f18743cb20ee8c9e289cde72e6fe77e0126e981b21fd17f32817dd267f23b
2680.jpg,train,2680.jpg,80b57f90f92e9fdbcc75686261a42db36a5992f99b66cc015031883c3289b333
2681.jpg,validation,2681.jpg,a4862785e58e802edf94b9cdaeaf22cc2d4e99dfe0e88bf78e4cbc7bcacde8c4
2682.jpg,train,2682.jpg,be249de3993454db16232ebd9c473514e1ac1ae23f9c49601301758f44b8d936
2683.jpg,train,2683.jpg,9527353c77d7d100132e9c12ec7af775c2d8d1e11e26054416ead68b5319bacd
2684.jpg,validation,2684.jpg,1c97f320fda1b034090e1add77214e57be00f6c0234bc11addf618978a407fa0
2685.jpg,train,2685.jpg,34de9c1cba810c0b25784a9e2abef9150d9d1adb1454e564bb2eabc26f8f3141
2686.jpg,train,2686.jpg,f3f4ea2380bd18d9f18a617bbc62609960a47dcc7d048d504f6b3ecd771524fb
2687.jpg,train,2687.jpg,d31ca1809168688fcc5eb1209a5fb2f45f20bad8e1a5726556c26a638b7e91b9
2688.jpg,train,2688.jpg,0cfd4038ff6bf68c1a097022b9a12de6bb4a5743d162efb71b7c9529625566a7
2689.jpg,validation,2689.jpg,38da824a8bc4cd36aef8efc4bdc236ac98140d7486debf52b9aef9507edf5764
2690.jpg,train,2690.jpg,c303e2deec56a06eb11583e95ba210bd6c69e9f0f6a796b7739edab813962da2
2691.jpg,train,2691.jpg,17484356bfda8144a5a671697ac8cdf83f67e0244843b03a2a8dc4f57c724711
2692.jpg,train,2692.jpg,657898d30049e9630c8ffaa90fcc0ce620b256ba25d4a4c5265cd350edbc5a4a
2693.jpg,train,2693.jpg,fbf7e60f304b418b3784a8cc10301998326eb0b41d8329e89e56d97f716d8170
2694.jpg,train,2694.jpg,a6e4283fdc3f5dad725b99ff9f42ed5c499d42615c032fb17c1a2158ed8c93f1
2695.jpg,train,2695.jpg,f41af589a2e7079d0395b872979bf6ab233f5b606e7db3bbe86fda2215def3d7
2696.jpg,train,2696.jpg,7092a3b8fd198817e9dc11ade1eea48ca1cb6c0fa11ff205c0e9b80f0d7131a8
2697.jpg,validation,2697.jpg,0506a967219292648f3f7efc4893b56ecbfc57ffd13b44640ad06285dc5e3c79
2698.jpg,train,2698.jpg,fbfb94a09a3922bdf70bacaca3849c636c2af5895c2bf770c3cc2432010396c5
2699.jpg,train,2699.jpg,38692954741d9c5643e8aaac5caaa15e1a6fa17fe37bf58a8c11bb6406d373cc
2700.jpg,train,2700.jpg,b25e86ca972d73d8b9cb1f6111ea8e48341443d92742884ff101a46aa560669a
2701.jpg,train,2701.jpg,6eeb71f27db113a402298e2bd12146132ed567441361691d42f836789e8ad099
2702.jpg,train,2702.jpg,3c5650abcf17bc5b42e3de58ce1d4b595a26f8fb31785aa5b6acb36bd79fc071
2703.jpg,train,2703.jpg,c67c638c74182b996110e5b4a3b51d659444259a3a4b5942fdcc240a1328fbfe
2704.jpg,train,2704.jpg,89033d288e2d0ef7935cf2386f70887b417ca64380118b044b4b04cc5f97cd70
2705.jpg,validation,2705.jpg,39dbaf6985faff0c76534d89922e3c77ce1e977f99a7d45e07205a44f81f46dd
2706.jpg,train,2706.jpg,a84e9e79c00238056fc273a690f6af60c317dae9371140ae33983a32832a25f5
2707.jpg,train,2707.jpg,fd154c03d38cc9d9cc61e59b3f0f0f7389c069c4c3efd30a2fbdd7a2e5e4e74d
2708.jpg,train,2708.jpg,69bf8a4b8965a0219a1c57a49ca200499bbb120670a2d6069e723d91c7b7f15a
2709.jpg,train,2709.jpg,2ad0925edce8114943608b7476d57a9488a243170f8c8f2da1d82787db56b9f0
2710.jpg,validation,2710.jpg,37392edd2b0a4da3534c85c42ea825231d7965fe12798d9a2f2ae1f40c905901
2711.jpg,train,2711.jpg,3f1aa6af3f839e915d8cf818c70445a66c720bb3631c9655cc5fcee9f6005082
2712.jpg,train,2712.jpg,22b72dda3633be01f5ea45896bab53efde75e4613f371c364d56c97c17cb800e
2713.jpg,train,2713.jpg,120209f5cd4762dd777d7465c1004413b22a949bc326aad21d10fdd2aa28584d
2714.jpg,train,2714.jpg,bf5d35f9452af0fa987017637b75398d962a25ccca1fc90a61d8c59242733076
2715.jpg,train,2715.jpg,0b2d25d86ed09a6da9bdca8678a311439d9702063c219d923683ae72d451fa58
2716.jpg,train,2716.jpg,966c13bf20a46e451441b09f40b83fa5f25b87ca54ad6ddb7baea022cb681e2d
2717.jpg,validation,2717.jpg,cfba2af598500ece11dbe7113c67ede74a46e7054036dc99de437338b320261a
2718.jpg,train,2718.jpg,28e16d37a391b39c403c3c736cdb3af3f887b90289403966b97a1637c04a2709
2719.jpg,train,2719.jpg,f3dd81d5372f9c8f1ff2243519d7378bb672fd8b0834b33eb307140cb7bc9fb9
2720.jpg,validation,2720.jpg,0bde5d921a5b4d04e2ebbf576db8005f28f62f71fd37569514ded28928707507
2721.jpg,train,2721.jpg,db609e48ed3aec989fb93358a189ac43cbc9fe6130a6c6fadedd037a8f8e38be
2722.jpg,train,2722.jpg,60dcd840699629403eb822f41f3f9f79f97ee781ed229344831d0fd8c2739e25
2723.jpg,train,2723.jpg,c41dc6d3bd51571237fb40c91b9d726d9ef1a986b33c7c50929654df21155ab1
2724.jpg,train,2724.jpg,3ca2b29c5bbcf8ea47d8357a8f1d1466f2c71cb00240f4c89f7d36218656ae9f
2725.jpg,train,2725.jpg,d96c57fc4f12313c459569561a1ce0b429c767331bd38d4a5699e5db6d82441b
2726.jpg,train,2726.jpg,a6b2f2ab401dbb14b98352d60b7bd7bc42e4ea3afdaa743feb1d09fd56ceda4d
2727.jpg,validation,2727.jpg,d7cf715545ee8c18593edb9a56dd543223ad9dff6282a283ff860ef136f59961
2728.jpg,train,2728.jpg,6baf0b5a2e09ea31210499e6e62210944c8e729f27851fa05ffda88f5e124c4b
2729.jpg,train,2729.jpg,dbf129bbe7239481e225d5b0c47636661fb5292a2edc50643bdefc3f76379f98
2730.jpg,train,2730.jpg,11aee2be9278c6cceec3d77c590aaf48dda307d141b6975aff7a9661eb381544
2731.jpg,validation,2731.jpg,4caa7310bc35d7ef87fde448952fb619f62b7ad9c46f67356c62500e51545587
2732.jpg,train,2732.jpg,1c44f634a57045e8bb2fc612f721107518b6620a5a114d7169684ead49a31d5b
2733.jpg,train,2733.jpg,fe6119c35adb2fafab0eaffe4cdbca01f15e55cab8aefb5f509042e9fe085c3e
2734.jpg,train,2734.jpg,189630c12cb388d79a30c34b2f89d668ba971ac27fe39a1a72c6192b2bb4dcdb
2735.jpg,validation,2735.jpg,85dd241c53c6e8c81a2b8051cc0838e19df8995da47ad425c2111c9847bad30f
2736.jpg,train,2736.jpg,ff540531164d540a11cad1ca7b90e048108f8da65c462ac5534b1d580ab499a5
2737.jpg,validation,2737.jpg,964b4b07015c0d6e8419ec0c70e9c860c38644ba0c42d5c0530f0c473b0acef1
2738.jpg,train,2738.jpg,5f778ab7ac209dddcc7a71ee129acb89a2b763e4650b6c2b393aad238a7dc1e0
2739.jpg,train,2739.jpg,734560603f3cbcef800575eefb6694d6ec113b933f3e54e3455af0b88cbd571e
2740.jpg,train,2740.jpg,fef7c5b01be7cb69d674ab78d0a718a8f9ea7f3fccbdcc9c5951998d38305df6
2741.jpg,train,2741.jpg,f5fe70332df0d0ea399bb1c3b4a19c892a60016078e332941489f3ea96c4af61
2742.jpg,train,2742.jpg,e44cfeeda9d3ac9d677824bdf4cb0afadc219a612250fd537bfee0669942be72
2743.jpg,train,2743.jpg,6abcdd64d069b6e6931e786d980775d76ba7147b7c86c4d95601d2b2c1a362f4
2744.jpg,train,2744.jpg,676d695b39a104a2b82435dd0cca382e1bc293584403275239a50909b4bd802e
2745.jpg,train,2745.jpg,cea14eb7a4acc36617a0ab6821570f1488d48b853ed48b4d132492bf4a834ee0
2746.jpg,train,2746.jpg,e06f1e62acb4e5f317cbd46022615cfc65e3571c6ba73cdcb150dcea70b580e5
2747.jpg,train,2747.jpg,343f85545810e0525e308463a01b6afbd6c6b8d256f0c2c10076a11472961238
2748.jpg,validation,2748.jpg,b792c6e4f07a093357b8b02d15a1608b5b0aaca088088a24f79ec673935b1ac7
2749.jpg,train,2749.jpg,e5f827b321fb64fe98e88937cd678de7938cc9031ce85254d1c83b6967b31796
2750.jpg,train,2750.jpg,7fea1cc611d60f5759018148157a5d4f6ec7860c6ff0fa9365bb570c35cfa877
2751.jpg,train,2751.jpg,88854ca14971169fa63b0172e45c1866356a48a973d60d939982d2a21fce5ab5
2752.jpg,train,2752.jpg,91b90750414d163c66bb4bafd3c9d1f123279fe7afd9f357c910e92d04f9a2a7
2753.jpg,validation,2753.jpg,ea342376e19d92cacba57dd0714e3becaaf3e1da52eb1769a170c5258d47debc
2754.jpg,train,2754.jpg,f2e09ded66987e27f0f0e3c4ec951cdfa1e9346e9f30269fbca11495b964321a
2755.jpg,train,2755.jpg,6e8578bf8d7399bf4c5d987ccfe6a08cb5308f03296ca8212845d11abaa1f406
2756.jpg,validation,2756.jpg,6db6199d03cd3d77f6eb77880e78de3f76cd478eaa6ae6f3c20109f9216ef053
2757.jpg,validation,2757.jpg,4c13a7ee2175bad960573fb4f25388b9e44ecf08f8a15a95b7659c035771b5a1
2758.jpg,train,2758.jpg,b125046b29dd1bc0039f680dc52ed9b2633c7fa47699239e6ae25f5348f27df3
2759.jpg,train,2759.jpg,b190f818c25dac38102acf6d1ba057423274869b92fb7f40fc2a346243331c82
2760.jpg,train,2760.jpg,5b8f1460a1038f638c7b87d647dcd9c456b975303e382d4d37f48784062d356b
2761.jpg,validation,2761.jpg,270133a89b20a80915f688315e8442a2cea35440a71c80cc3353817ae2ded993
2762.jpg,validation,2762.jpg,9357dcccdadeea55a4fd800583a657d66cc9c79064895086d004702a61784f44
2763.jpg,validation,2763.jpg,77b51ae8dc44a92496e09ee8cab62b732a56e40cb28b0589fa7570437aa58126
2764.jpg,train,2764.jpg,7ef28b41172c9bb837c18f24ecab9b536111a7454865008447766962f3d32dc0
2765.jpg,train,2765.jpg,a059871dd8410d7a999b60e96f5b5fcf815937e2a7da8e2d063a5dc570645ad3
2766.jpg,train,2766.jpg,8618ea45535f728a35ae476eafe959ff827b2c13314d307513d38ad523270828
2767.jpg,train,2767.jpg,a7803c90d67c0db3f6afc993eb650d57758d611025e95c86ec36620abff17392
2768.jpg,train,2768.jpg,051ba9f3767bf29beb940ea399bfea2b3e2288764f2dc34319955bce9651d181
2769.jpg,train,2769.jpg,0fbac0a3b22752b4e89ae7c92db0398465679945ce7cfd26a14989793d67cece
2770.jpg,train,2770.jpg,c62f9e2bf6074351f8a1e09913cd60620e4af90f78ad4d37d9e3eafbb00f45fd
2771.jpg,train,2771.jpg,c1cbbda338fdacc2e6eaab779e7e8ede38a85c7b98fa06f101ea9ac8616b8e7b
2772.jpg,train,2772.jpg,b23928ba288dd37051acc552ddba8ec25671f2ba5212269b709b3c2e83752901
2773.jpg,train,2773.jpg,faa1d58abe29d7f1cf29a33dbdcdd9ad6285e930c86429069d499c94cd8dba64
2774.jpg,train,2774.jpg,ca54fd1671625fc3a27f1f1e0a49d073baeb1d8222d341affca844a46e09e7eb
2775.jpg,train,2775.jpg,35d3a2442fc70e4cefb5f5c7045017ed660c3e32d08e981d21b7c0374c756ec9
2776.jpg,train,2776.jpg,86b3245dd7681972af997b16fa169ea005a2b37d56aa2c37660238150a9a8127
2777.jpg,train,2777.jpg,f68a14a470b18af34862bb5c7119eb2cdaed1a4b464635777844437cb6d33833
2778.jpg,train,2778.jpg,fce7b419107c3763db73f1a336bc0648c0b8b8ad52c38733124f5dd719dedc7c
2779.jpg,train,2779.jpg,a32b12f35b8d88b43b778d981e79d8aa5b460d52879f5a339d49bb90ad812aae
2780.jpg,train,2780.jpg,8dc3612cd475db20d5f26157e443f15842d969acedc3cb3b92513052f759f852
2781.jpg,train,2781.jpg,926c7c864ef96f34973e23a1c6e87c073def5d9f68fe21e681aff3da83dc49f7
2782.jpg,train,2782.jpg,b4ace35d44430af2343378b353b1af7e406719d1c61bdaba80ad0b6eb6dbb39b
2783.jpg,train,2783.jpg,58c4c3e1e3f64cd865997b04b1a6e9654dccc174e736ffd2682d4c1c157a8e11
2784.jpg,train,2784.jpg,fcd206e39d2c055921eaa157621ad77520e0cfdb90ee70e8bfc83efcb7595baa
2785.jpg,train,2785.jpg,8d108f02fd8f777ae4fb59bac15210dd4f3384729efa0dc54e8246820a295eb6
2786.jpg,train,2786.jpg,8b93c718e6ac52d8a7275780fefa0d02fdbc9b8b4bd4dd7fe279f5eefb4fb6c5
2787.jpg,train,2787.jpg,0df5bff2447fe56974a81c4163d94ef2c6635a3baa394669af9f88bac1767ead
2788.jpg,validation,2788.jpg,31ad13cc8499e7e51cb29d1c17b35bc0e063dbe32a8833fed07672b929e4e3fb
2789.jpg,train,2789.jpg,7608d58e2c2a7b3fcf71eec961c93eb081a7525776569054a1b27285bd1a4cd2
2790.jpg,train,2790.jpg,c5d5a738ca6720f139e9cf125ca33a9b1e2cdb0f168c7e525f20b19a62c83b5b
2791.jpg,train,2791.jpg,804845963497bb23ac4f0d0b64cc5da351ffd7fc85ed4bca5fd18adce0707cc8
2792.jpg,validation,2792.jpg,ed15f03a2415c16605340bfc7f9bcc085cc9ab34f9cec04a8883c81b9cdd1987
2793.jpg,validation,2793.jpg,7943bf2a7a50aa13496b0dc7d53c0e2d33b9cf53573cd9295627def9b882386e
2794.jpg,train,2794.jpg,e610d8f06f8c83e61561d905591b23e187a3fe30cab86f4afb0829eccd7774b7
2795.jpg,train,2795.jpg,2d75368e0ad73d8350fc193d009e1336248328d318741cdcd492417e22610529
2796.jpg,train,2796.jpg,753fa783ce9850889aa20aac48c90075e253c4f5be3d7155f64d4c74e5fe6cb2
2797.jpg,train,2797.jpg,33cb9c2ea68aee6023e3595c3e716c47ce676c1cccd60830b898be4eb65212f1
2798.jpg,train,2798.jpg,15529d449569d1d7be6d7f246e43c40c22362c4157042ee9260c42f1d783a51d
2799.jpg,train,2799.jpg,85bace21e69fa9cf7c1557b9d630861e3d2c52666a4ed484b83385f010346603
2800.jpg,train,2800.jpg,8559ad8ab1da2edd0cd5ea0d1cd934ccbfa83e82e8c519fff016531f8620d2e6
2801.jpg,validation,2801.jpg,e5e56c4b6c33b4bb2d9cbbd09a1a2250911256c9e916b84c8403df40558859c2
2802.jpg,validation,2802.jpg,b8c59596316916533d54824624c3ce55c6e24517b9f8c08f6e1b0b2c11ea8ab9
2803.jpg,train,2803.jpg,6b3930f613e93487dc713a6cadd6d372dd1d559f6d622acef9ec0ac9b705b408
2804.jpg,train,2804.jpg,a53ddd245eadd20c3f9669f77f2c3417859ddb0436ee730297c3c3d1281e6392
2805.jpg,train,2805.jpg,df4e7ce4b14f730663c8d9299792fab4fabbfe0dcab6d2e59ef2e9bd5e4811f1
2806.jpg,train,2806.jpg,9d4f5c5bf55921479393021bb0bf9a936006b90e17c91dea844616f4ada45882
2807.jpg,train,2807.jpg,606d7e454b1f96a504c1ec2198ca3a3ab2928e3ab663c229a2e0bee615d8a96a
2808.jpg,train,2808.jpg,27bb693465ace77b448277f8f299872fa83f25f980542fa4e75087053449a766
2809.jpg,train,2809.jpg,f0f7c78e7668d666ab9395862d63d8fcc619d5c4f322822119e6692e53f63304
2810.jpg,train,2810.jpg,973abe4b6ffa74677bb440a2c408f709ffafa3bf5332175b45f0eb6fab46bdb9
2811.jpg,validation,2811.jpg,ef20993729acd5f1ec52f9503f89d8aa79f580aace3da7f5cb88b5b8dccc6d56
2812.jpg,train,2812.jpg,b7292311ea7756f50fd4e6851e0ad47b5ebf08f4292eb661ce44b847321589a8
2813.jpg,validation,2813.jpg,0a1ab5530b8a8136768d16b0d8e0bcb6c2987e3f9c2e23c8bc8e3ed53d5468af
2814.jpg,train,2814.jpg,ef63283d44ce83f4808093efc8d66020dd2b62e890aa4b6b2b1b0299e430014f
2815.jpg,train,2815.jpg,99565d0aaa6d30f126810b53129c43cf49b8ab5b7a31efce75910fb43010d745
2816.jpg,train,2816.jpg,05b75658f9fdfce67ed30bef4c57de139f518f80dc44959e50c56fb4e9a436dc
2817.jpg,validation,2817.jpg,cbcb751071c3782416ec37204c85b0da9a8096c7a1dcf768f3c1d5a6f322c665
2818.jpg,train,2818.jpg,363228651429b62e185a59180b87252c00762b2689a489cfc865e86409393def
2819.jpg,train,2819.jpg,9e49b48c488659e4b5654694fd9665ef03edee70050c0d45c97b7efe5d09dd4f
2820.jpg,validation,2820.jpg,8587b7b6e3e03bc850b666a563d329a12f76ee543d0aee16919133b0ea531a22
2821.jpg,train,2821.jpg,b114d509d1fb4e299d23c54fbd851edf41d784fbdf5bc6190a662adc63ae73f3
2822.jpg,validation,2822.jpg,9dd90e4f73154cf1e7fd41630aa5dcac2734345243ebeb29c2491bae7d96f9a8
2823.jpg,train,2823.jpg,c9a054aac729d5eb1653f2307585c6f880b17c4570b17493cc9aa4d09abef616
2824.jpg,validation,2824.jpg,d0b7c344737c9d9abe1efcee6f8f0dd34d5c0b64f1568a0de125c204d84dc388
2825.jpg,train,2825.jpg,52147a3596f956ec770d98aaefb679406a4ef2ee20e5022c642f635d69fafa72
2826.jpg,train,2826.jpg,3b5fdf4fffc8da432c2da5d12ee53a4d406b386f585fad36f77c8e72c4d044a2
2827.jpg,validation,2827.jpg,9192a0c4b15d0cb7584f337034e37a5016237b49a42264c2fe0007d235f91ce4
2828.jpg,train,2828.jpg,dcb16e95661341e06aefae3afb59a1ec6ef70bd323a4df3aafeaf67d78d2081e
2829.jpg,train,2829.jpg,6b7a5cddcebea6a481fa9eea83c08c30b8916de143755ba2e751eff9c9888317
2830.jpg,train,2830.jpg,bab58020292e338d5d1efbdce40d893be9581368dd4285047b345b356ede17e3
2831.jpg,train,2831.jpg,1f60d1d8ddef43576252724adf2c22492d19aa3f2fccddd7c6a3c83e92cd3453
2832.jpg,train,2832.jpg,314135cabe108022282dfd4e130cfdd3c13d072868b495aa6cedf06ba81ba95c
2833.jpg,train,2833.jpg,c3c1da5395a8c7621710808a8a085943e45f5e95a6b885fd2e855986579e92c3
2834.jpg,train,2834.jpg,10ff691782721a2a178f4b0cae18f6c2ab561da323eb7eeb7043a3c6dd18778b
2835.jpg,train,2835.jpg,7252d0a345a4ee56465aabee5d49c58733542ece065efd5f8db47e10de29cadd
2836.jpg,train,2836.jpg,bb41d847d9964e592242a9431841af4eb1798a60a172d969ef9a3d07dc821839
2837.jpg,train,2837.jpg,84aac8b3c786bcf19bffc83b2751397e64b9006dba2a9d74ac943224256c4d91
2838.jpg,train,2838.jpg,4ca99dbdb1dede943579fe4584a144161857a0386af60c6169da3782d0b6d561
2839.jpg,validation,2839.jpg,ca9f18623badf61cfedfb000e371d9f2736f48523b780633cba283bb4f6e1a3d
2840.jpg,train,2840.jpg,8fa06ac205dffc529247348cc5c9421d20afe5a593384cddb9a8aeadd5e3a79f
2841.jpg,train,2841.jpg,832f7c99f7ac18841e74ad357e2b8b1949ea014da6f4df72f8bf10c02fede1ab
2842.jpg,train,2842.jpg,beba63bab8caa09a0020774b51f4a79d8af952c2f33274c33293621d10a88871
2843.jpg,train,2843.jpg,01c45fbd419d9df5e3871aff52470df2a78a68a5d7ee04692d470287d718cd04
2844.jpg,validation,2844.jpg,926899d27777ea6cb49190be15cadb3a2b12cda724023827a014f45061cf6a60
2845.jpg,train,2845.jpg,599c6f63f5d373b6c5db7683dad43702f67ce7d0e3757a461e9f4c65addc84e0
2846.jpg,train,2846.jpg,584e350c76de968eeab0040f57856adb6b25d79efddac7ad3bb1c282ad5dcd16
2847.jpg,train,2847.jpg,935d3a69f1b621c09285d541c9811879dbb12b5af1d2ec7d0217e6d8fa44e73e
2848.jpg,train,2848.jpg,7b914052ce522422f40b57e61aeb01453c4aa762009d1b8cbd723bd0cf68f6af
2849.jpg,train,2849.jpg,0a5686586c64246f803231cbeb2e541450bfb92add4a258ef6100709512e1766
2850.jpg,train,2850.jpg,87120aafea34dcccc42cfbf7273c45e75d038dd1fd5b52fcc9c6288a6885f179
2851.jpg,train,2851.jpg,fb38302dc289ade4240aa13d2f1c7b7551a77e900d4d96c5ec41cb088e57e543
2852.jpg,train,2852.jpg,a3ea2768d792522c531bbc8c61f7fec8dd92d511a001278789b039228e271a15
2853.jpg,train,2853.jpg,2598e2542e5a57b0583e78508365c0710549db05b8ea7b608b2c6734fb9368a7
2854.jpg,train,2854.jpg,2b30b6b81977dbd4cd4dfc78890f78b415e17c34c27e67a56933c3fccb9cddc6
2855.jpg,train,2855.jpg,cab4022261be303231dffeb7744a430cb0a96a760a9a9baa58d64f60102e34ef
2856.jpg,train,2856.jpg,4fd56af271706f9d792132a836c000d093e5289fe1e1bb45e2a3fa2c340e6d56
2857.jpg,train,2857.jpg,9d28639569d4d539d3c1bc31369969d103919b6a21c97d45afce5cb702edc3d9
2858.jpg,train,2858.jpg,bc45780158ea9e22efbac17ba73643ab3fc402218dee21cb05a66ae2d7971504
2859.jpg,train,2859.jpg,9b54ae4906cbcfa0329663e62232ad1dd08a0e241d6774b7996e1eed2d584c94
2860.jpg,train,2860.jpg,b1a67a4605f36125ec58312b40fd2eba462207b7470bc9aac51555f03d178692
2861.jpg,train,2861.jpg,ee7f67b7d40666b86b58b354e828496c175634d6baf90bcbda3000a49bf4cbe4
2862.jpg,train,2862.jpg,fdcb2c6065c345b9173c347a4a2c286d69b51945597690663731b7663c52c250
2863.jpg,validation,2863.jpg,d4b67347a36edd50ee0b0a47d961e45d0b5926610045ebe15ab593dc893d455d
2864.jpg,train,2864.jpg,41747c1df6e7a92a96095278f9136db7aaf118a01da618dab21fddb39d80db14
2865.jpg,train,2865.jpg,bddc86c013f160285f8b9dc722400d0c6afe9705209daee4ba2c855afe9cfdd2
2866.jpg,train,2866.jpg,d5c7a5e5297e5d2b5383a4dcfa21af736a9135be9e507c61a7cd9f6d69a16c7e
2867.jpg,train,2867.jpg,2ba87879f4fd3c1b3ec5760c54f7e67edcba73dd29d7aa425d22666cead6992d
2868.jpg,train,2868.jpg,2f1e2f15efb8757263daa6f2152fd3b4860497a7ebca2bbf140a137c6388391a
2869.jpg,train,2869.jpg,82e9e918ec7e2dbb8b77bcb9a6d44617df8631b0e15c2a36a77fe13975978a81
2870.jpg,train,2870.jpg,046886a82d9991353f6f56a3647254d6e51f36dcc44896cd760f04c7730277dd
2871.jpg,train,2871.jpg,3b5c9a55255e24b893bf3c3338d47911b11e2cd2fa1df27948a54560d18e2de7
2872.jpg,train,2872.jpg,b318698b2738167b37105f509f3397219e771db26cb7c6fdde6741d390248f50
2873.jpg,train,2873.jpg,db12a130946812659a956842a030469be7099caf99d9052007fb84181dc985a9
2874.jpg,validation,2874.jpg,5948dcde37b5b67d02f49a2e2a1e7ef97066a8e50db79c0e7a086b2606a8dc90
2875.jpg,train,2875.jpg,d966e0b49a9b817435178cba9b7fde58bd583476f9e2f8c9f217c2d804a4bdcb
2876.jpg,train,2876.jpg,0c33ddf59e916bb9d4f014a90fcb0b9c6b0f1ce4d27d28bb1221b0212660d9d7
2877.jpg,train,2877.jpg,560c2d748e3de862e6d02c977d0b015db1fadd21f580937ea80d968cdc18365c
2878.jpg,train,2878.jpg,b3c8c4b1ec0ecdc7ebc275d5c8a622582c19c71594834ddfe6fafc65c97474a0
2879.jpg,train,2879.jpg,2ec7e845ee30da7f8a072297b2a331db7805bd4e31e706f4b103d3b95c0017b9
2880.jpg,train,2880.jpg,94acb88e55997127a480569a7e26de958d8ed4237cbbaf5a98d0d5d65d8cae4a
2881.jpg,train,2881.jpg,8560fcb5ca34ef453402f1fa40fdc9dc4f028aace4e53ed88e97947e833f887d
2882.jpg,train,2882.jpg,ca4b19a1af186cc641384c30f428b9f1e5cb34058c715cf7e1db0a0259619c39
2883.jpg,train,2883.jpg,9976b49c2813ad9360908a8e005241e6f92099e6868d3e28c475ec62288a0b73
2884.jpg,validation,2884.jpg,3480a8a21f80b5e9ba11040c2215e8c328735839717a15af43528edb3e8409b2
2885.jpg,train,2885.jpg,f833a52b92452c790395eceed6a0abfa3c8b0996f7b19ccdd864386febb66fd8
2886.jpg,train,2886.jpg,6e09fb24997c898b7707d268b457ee00dc697769c855a96500132467c67486f8
2887.jpg,train,2887.jpg,427431a22bc61ca4549510b324d86a673a5074bd6ab4f0cf30e2a013b37775de
2888.jpg,train,2888.jpg,1f06f1dbacd7e31a9a654bad27e9678c3a927d42fd18ecef94b0748f229797ac
2889.jpg,train,2889.jpg,169a17ec14fdb5f39c50078b6c39731cf7aac165c4002f4d1264a412f7f979a4
2890.jpg,train,2890.jpg,2297201ed21874afc16ac6e1101ee67e7c08e246731773f32d6203752a1b0232
2891.jpg,train,2891.jpg,1dc9a86a993ddc22a95dfe63f74710a38e9fb2c49cb933b074cc5d7bbf3e7823
2892.jpg,validation,2892.jpg,3a05a0708648f01c95c97d30594ee9014b7f74b0a48b31fb3278b6e81695f7d4
2893.jpg,train,2893.jpg,12f1c1f3a974e3baddf4e36828e91ae1861603508f582a3562c3f19c25710c1d
2894.jpg,train,2894.jpg,60b2882f178d9c8d72159a44d38efe36bf14906dab2c3f44755879e4c502fd5a
2895.jpg,validation,2895.jpg,d87cf0bbc6ced60aa7955558d3267e500667e127db82f06d4e050586fc2b4889
2896.jpg,train,2896.jpg,183a86027e3424b67246bda7f145576e81f918b1cbb0db5aefc2dbdd6d464e7b
2897.jpg,train,2897.jpg,3176382b197669f4a0de98800066ee0d521caa66e95d657e31d73de38314ed66
2898.jpg,train,2898.jpg,58c03d8ccb5f79b048460046649d03458d2d95bb328b65f80295d41fd5ac60ab
2899.jpg,train,2899.jpg,196953e10dfdd564a7d949769b42ef6807323093dd158fe7eaf96330e924d7d3
2900.jpg,train,2900.jpg,bdfc944743d718c9ec9b68109dada6a21266a4fd6009ff3df5e4f9d069dad3fb
2901.jpg,train,2901.jpg,a1e115ef6a9f237296c34c73d5e7135c968363f8bf44a198d6f49e3c9e7834e7
2902.jpg,train,2902.jpg,ac69f9ac6e560fe4515ce12f503ff1478e3a16290858516d3676278b7bb58f75
2903.jpg,train,2903.jpg,3f7d81c34780eb13b7f9fa1dd35ffcd67c69b74187478602d9818b3daaf358b7
2904.jpg,train,2904.jpg,162fac946a762ca53df3012e28f391577e454129627694a9a2bf2bfc2ea7e418
2905.jpg,train,2905.jpg,a1a5b2201b26f4031892e9972930cef6aadea52099f5f01f7bd2c090a4fb274c
2906.jpg,train,2906.jpg,e1a96f7a5249c85c11f23aa68ff713cdf477842a54a61576c5a411c37b313725
2907.jpg,validation,2907.jpg,fd76d9786c028be481101b7354097bb94834eee1544bb326f6a134981047a1de
2908.jpg,train,2908.jpg,5260ade0cbaedcdc89268ef259f1d4086e82645318ae6177bcb490ce79498ef6
2909.jpg,train,2909.jpg,4e2f98782dcdf0cb75c2e5fcb418d39e8284797809db5298b967cf5744e5db0c
2910.jpg,validation,2910.jpg,789098e24239fbb9457ca4cd496a2d820e5000aaff509b9435741fe30089d800
2911.jpg,train,2911.jpg,b4a167c0b44e8b8a6cd81dfbc9e9ba41fe6aa723caab6061b41741895f490ff6
2912.jpg,train,2912.jpg,0a97eaf90dceb7fb4d2b2934c3c92d379dd13063eb67a5dda53326c589e0567b
2913.jpg,train,2913.jpg,09f1282cb33d7ec7c0d06766278321f4e5da0f39a83c8d1d51dc750f544a08cb
2914.jpg,train,2914.jpg,567d8ab58c6a57e40568589bd087b136006a7b626b9a63124df4e137aabf803a
2915.jpg,train,2915.jpg,efa2e36152fe9b4f8ac0a86e82886be169f78caccc4aface4101b0466e7c4072
2916.jpg,validation,2916.jpg,b7bdfb6fdc70db7b00e0034d4af8a5ef7c82cdc15b07487eeda3e139cb20896f
2917.jpg,train,2917.jpg,0c8bdcf11883f2564ca60f83a301111e83353d9f43517e3dad482601d1a19131
2918.jpg,train,2918.jpg,6926d1ef8e773afc9fe7f309ceaf9365740232481eaa50ea3c9979a3db3b7226
2919.jpg,train,2919.jpg,0c50baefcd1117adf45a9e311ad35a312737389bd66c949c85ea431da68c2900
2920.jpg,train,2920.jpg,7413e700e1b5896cd2dcfb6207d77896e80ae9252040890a3592968fc269b643
2921.jpg,train,2921.jpg,399a088d7639d09ce3343994485ac199be374aa8dc2eb03e64ff54db6c154b27
2922.jpg,train,2922.jpg,9fb0b744cf0d689c56c335bfccf7ac5d36dfb26379d53c3fe24e38bfc3f616eb
2923.jpg,train,2923.jpg,e80bb262c3b6f8c9cb75bef371418a187a3349c05ae3613f7b8fa1235b3b772a
2924.jpg,validation,2924.jpg,a517882c1e931b65ef6af4403a210b65a4dc772efcd1a63ab0044efb15d8676f
2925.jpg,validation,2925.jpg,899c117d286ff3c5dbe6085664115bcd476333f7a15453612656559dfdd27d30
2926.jpg,train,2926.jpg,3c7763a46e399f7accfdb878f0c2148a19b7baa66485a9068a753a323df424f9
2927.jpg,train,2927.jpg,31b75b3c043c657146d76a46742f305fca44cb0f8cca11dc65514ad968d78a65
2928.jpg,train,2928.jpg,765a163717122748355cf28c371c7245cd657a4f4385da2ade210019cb9344e7
2929.jpg,train,2929.jpg,aa490549c3e7359c8f3be6e514b0a1964bdab1cd7340f6371f522000637a9e15
2930.jpg,train,2930.jpg,1498fa5fa1ca0f64815b4887aec3374a446cb67530cd8144694ed1dda19c8f5c
2931.jpg,train,2931.jpg,573ec332bb61b7ea6335728ab19a0bcdcd521ab7977524a5a4a1b0bc7c2c43ea
2932.jpg,train,2932.jpg,9db838507e3ba8cab33bd3005fd52b496f9b19f410a8d121d495b81c4e4e9761
2933.jpg,train,2933.jpg,40e55996a792f76d6ac95bd3cc7d379fb4763d2c3b57962af151e70bd19e2f65
2934.jpg,train,2934.jpg,075ee31312286fe6fdb658b9248f2760ef5f993274cd2c9c675e4030dc98e2d8
2935.jpg,train,2935.jpg,d026092195e78e867d6d6a5964490f23a0499f8f82c3083c92c2bc0d2c09ec59
2936.jpg,train,2936.jpg,4f92c1b02a65bc6ec342b81ed535eb94d25b540a56c198d17a4f2d147c4298da
2937.jpg,train,2937.jpg,87bfd0d9c9289089c39f16ced5bc9c7788deee19d83a5e88b63b7b592fe580d1
2938.jpg,train,2938.jpg,86c118a5d28ee21e045c9df2137ed302470bd1f62beca2235ee7c8b73425fc89
2939.jpg,train,2939.jpg,85a0c50fb9c3db85d3cd753ec076e3b523de67a51c7575d74d051e8bebb56e1d
2940.jpg,validation,2940.jpg,9be26dc1ed7dcc702f96160b9d00aad4220487519c408598d846ab4f3e6fb64d
2941.jpg,train,2941.jpg,05897602428149c9fb0da8b2b15b13137533ba14bfc57fdf1fe58ba31df055e1
2942.jpg,train,2942.jpg,3b0c552768beca3f767b583c3ec7626728af83aa43b3b742ee919fb255de595e
2943.jpg,validation,2943.jpg,d04e26bafa41199ae3e42247241196b41469472496cf9cf6b3d59a3e5e2d1ebb
2944.jpg,train,2944.jpg,ad6f8a4bde6f71b6313dab082e43db18a45c31412fd4b01ed9cf6da459a1b0ba
2945.jpg,validation,2945.jpg,e47279c5d97172e9d0e276b033b3c3291e71dc4a6929c9e4fe2281c078c2ce07
2946.jpg,train,2946.jpg,25a2d5e9e11fd0d4acee94364d9f7acf39ccc1108ecfbf3bd25f5ce08c683a1f
2947.jpg,train,2947.jpg,fbaf08b6bc0e637b8de580aeba5197a239c80ca2ebccf1b5def80038f62cfc03
2948.jpg,train,2948.jpg,72a18eb01978cfa65f3ff270b6c6a9fd63e99a236ae47a251370fa251520bcda
2949.jpg,train,2949.jpg,8c0af3dd72f07a7c56fd2b54d6ab07365e08cba5a99401cd3307e679a44b92ba
2950.jpg,validation,2950.jpg,968c51242a006f3d8cfc73c8166bb17c1ca0f74834b82694f1b4323e63b2b999
2951.jpg,train,2951.jpg,f50a0f47ba50e8b95bb5dc9d1aa1bf503feeed31742faf7b46059766dc696c7a
2952.jpg,train,2952.jpg,579077a3ccbae5ac29bcefb94b024d79ca46daea85d9eb923072499cdfdeb90a
2953.jpg,train,2953.jpg,9ec3e491c74135986e6a31adec51d40cbb0904c66e6b3661d0566e4af52c95c0
2954.jpg,train,2954.jpg,7dc078b57e6fccaca85dd698704258002077da3a5a7f09895ed00f943f207e56
2955.jpg,train,2955.jpg,50faa91dabdc10c815c6e9b1e3911dec309128f91df37cd854821f1844ba5fe8
2956.jpg,train,2956.jpg,057bc3d2eb7f42973dcd5006e2baea0802caa8129bd775b17b32427a01e11056
2957.jpg,train,2957.jpg,f62af2e1b315ed065ce245a2143fe8c9f0ec2b57b4ce1f76e63b21c3bdefeae2
2958.jpg,train,2958.jpg,d7924c3f11e07ab34eebcf4feb14d1d1816af3075ff8091f5096fa4115e4a86d
2959.jpg,train,2959.jpg,3010e4f6197dbcbe3888e45b5ea49d089e256b05b9da1f17f8f897898ea19c45
2960.jpg,train,2960.jpg,de4fe85759def64a8dcfe7781e8e79dee17639f9c6b2dafb48c511604eace924
2961.jpg,train,2961.jpg,7ac8ee3d31a6868ec81fa3536f1e542da506d29b3b1b6c161d13615489dbde1e
2962.jpg,train,2962.jpg,5677c8609be99c1943314ccee184626d00905217f5f3d4dce4cab496467e8a0c
2963.jpg,train,2963.jpg,39ee2e4429a91848bad7e60d7fcf4b1e2cfddd5767659f2fa39765b56960887c
2964.jpg,validation,2964.jpg,975bcc9f0b7a2d5fb8833571d63ce0e64d030940ef6751d3439a5f5c15613516
2965.jpg,train,2965.jpg,0d874bf0d1c0b8f8ca6494e9c45803d7915dcd18c4b6d6b1335252b88c16c515
2966.jpg,train,2966.jpg,59fd4181dc046d6e0f49a2930ee542fc0367bba5bb8c9ab22ea075ac60ec700f
2967.jpg,train,2967.jpg,31f02821d95c3e2d1b47835842a28c74efb7125143baa9ea98e6754c7879dbef
2968.jpg,train,2968.jpg,2cfd837ed8e68cd099f50b66c372898571d8f93601d4841d3a86eda2921659e2
2969.jpg,train,2969.jpg,b6dc9aaf4963ff93ed2b745042d1d4007bed46fe071bef526ea4b07509dbfa0d
2970.jpg,train,2970.jpg,54273519d54bfc9a0464220b9c2c812349ded2ab9b5c28acd6b63a6ff2a66cb2
2971.jpg,validation,2971.jpg,14365d1ba8e42ffb67cf500c611a9572f1bc189f8c8f2ccb02240cf05a2a7b67
2972.jpg,train,2972.jpg,e7951fa7c8f3808aa19ef7dd8d6a2ab3fc948b72e1d04938b37ec88a00419cb7
2973.jpg,train,2973.jpg,1df838981b51ea647c054b6aaf142b9b12f19565ca84c1fb7701e8d21882b00f
2974.jpg,validation,2974.jpg,0aa348a29547aade87535d9f58df552616b3e4fd98aba3c80857d90c1156a228
2975.jpg,train,2975.jpg,8ad8fd6a248a1fe62e85b91efb5ce5dc03e60d4d868062cb1a9446c9d963d024
2976.jpg,train,2976.jpg,fabd836b987ac6d91b20f40cfe260810c6deda0f050b282f62ab9bc8c380a307
2977.jpg,train,2977.jpg,3cce88048d772644c8f15d767a38ef3289cc8ddb3259a8153e79ed0e278b5622
2978.jpg,train,2978.jpg,ab16023859482f4c04b2ba538a705537739384e1be277057b390fefc88a7208b
2979.jpg,train,2979.jpg,626ef8ca758d234553ba95a1aad02a8f6327856e405fc1cd9253fb1113de2d39
2980.jpg,train,2980.jpg,098d97e5e7401bed65db3c7b307efba9aff879b516b54ccb40d5c518e4a38a3f
2981.jpg,validation,2981.jpg,c9025bfba0e3f8135aac97a9b97f4f9b99e37cf4ff1c041f3855695e4be8f3b5
2982.jpg,train,2982.jpg,05b1e5210bdc8642901a4942ec60c98e5944d78e07a689335ba9c345a3cf0016
2983.jpg,train,2983.jpg,ba99cf70f808e98e59f5a67a659f8d6b82cb6d15cd8d34b29e6734d475446abe
2984.jpg,train,2984.jpg,8958f5c68e8f0d2901fc1c89fb77f371f7190ff108cd3fd365e12381bb539ae8
2985.jpg,train,2985.jpg,3c4ff74d413ac4657f42df6eb2efc4c3474d415ccd11ed46b6b6aa00866e2759
2986.jpg,train,2986.jpg,7928a9e8f6cfd6a27348ce6b0e2ae04d8f7e554cd310d9a9514cad5e6188c483
2987.jpg,train,2987.jpg,4038a4508f6d1253930aa005474f7c73aa1e362118303cd70d341619ec6ac7c6
2988.jpg,train,2988.jpg,80af0d9b536c709f10dea1e328956a4c5b0e00700dd1a87accb83301e2e80e8d
2989.jpg,train,2989.jpg,04035632d4cad092c3f754c3b38fff2b5de8c680a8d64a536f6759330f84f3e1
2990.jpg,validation,2990.jpg,f0b7b045cbb7bb1a5e45d7d04dc71a638b8e40432ff05175bcbde3da67fd5161
2991.jpg,train,2991.jpg,3b1676ff9bde1cefb3121fb7a39202f1f70478c4f7f18c00aa7022fab761ea0b
2992.jpg,train,2992.jpg,21186e1b3965f9c847037b0023cb9a8b889be463b9639af8fc87694ef7531447
2993.jpg,train,2993.jpg,079e1b665e4b52a75d6008aa2c03d0f9c7616ea39c19b4ca3d94132a54a076ee
2994.jpg,train,2994.jpg,cffead5e012b6ca8325d9d03f5119f71e9f95c8f6673650d7e24c2618cb02a43
2995.jpg,train,2995.jpg,d1291d09c23f393d457e081eac84315aee6004c5cb03b95c81f609bcf683d4c3
2996.jpg,train,2996.jpg,d3f84b134b77f75d2f4c65600193e45c266c8c5f23823d47024e8159db7f1744
2997.jpg,train,2997.jpg,a0cc49b4dbe3cd27c3846045c1ce0f5f08e3c00042446e7205c284c835d478ee
2998.jpg,train,2998.jpg,1a7663ea0d8a844bb9b75270c98065db61ccb1298a92ef305ecb5718e883520b
2999.jpg,validation,2999.jpg,97d39c3420901b0490fb336ffa178562ecec6a9277b4d168cc6ee53a1ece0332
3000.jpg,train,3000.jpg,83226886c6b9245f129d3a458884cfa9e44c13a68119ad870676ec6a76268d44
3001.jpg,train,3001.jpg,3663a4b51cb7407c9f037f2099a7737c025d5866690e0988d7963f32f38d919d
3002.jpg,validation,3002.jpg,b12298c7527543d7a8c2a38b0623dce9c3b6f0705e4445de05cf31b4768ef9d4
3003.jpg,validation,3003.jpg,bc756d34452c10669f85442195f63ce3de279bafdc14e515d8fa56eccbd17cd4
3004.jpg,train,3004.jpg,2aae67adf77d33de73901faa11ddc4dea848ae15ea5e0aa8b88789e05db2d5cc
3005.jpg,train,3005.jpg,bbec992e8df36a0435756cadc58c064ee931d2190ce9c118d05358464f3b5843
3006.jpg,train,3006.jpg,d11aef4e9ac1e8ded4ad82e6cda2313beb462de1ac55d31f782586c4cdac490d
3007.jpg,train,3007.jpg,3687e61ea9ca5d484e207976eaa417cd882d153869514f38411f50ccf3896224
3008.jpg,validation,3008.jpg,a831269a095dba13db89d0c607fd90c3338e4e79995712cd1dde9b2871753eb2
3009.jpg,train,3009.jpg,8dea7483484aee1e79bc8a520549b5d842c4d103c51fd65d2711b593cb8948e2
3010.jpg,validation,3010.jpg,76600888449a8b8ff672ab6a3de17001cc3a06b97a57b5dc5dc6408c06c6d926
3011.jpg,train,3011.jpg,38e2b32efd488dd313ab4f688372c436f1e9ae2d9d472f7c9d6c30c0e56b0ba3
3012.jpg,train,3012.jpg,57bfef5a2085bc9dbdd64805bacc13d3e7db1d88348a60675db2ee67e897e32e
3013.jpg,validation,3013.jpg,86141d989ba7d34e4f6e8d75b1299b089124aff2a8465b7a2b610b108a9962aa
3014.jpg,train,3014.jpg,ac15bf7f9c5253109b56f1487c0145371515110efb8515c074525f0026465cba
3015.jpg,train,3015.jpg,f4718683268eb2f2852e37d6e66215ed7b5e750c7f6016adf14a9d68b32b4fe1
3016.jpg,validation,3016.jpg,217715c9e203bc44c60f57b941ddce42923e9dd8da96c7266c0cd0dd168e7686
3017.jpg,train,3017.jpg,d7e87a4858bb857ae16843b6543c90d68ef4805ce48b194d4a5573db4dcea0a2
3018.jpg,train,3018.jpg,70030046d442f1ef76e7e0d7c51c29923174c42f70101b093ee30058d46a4ba0
3019.jpg,validation,3019.jpg,cfb1262d26b7bfc6145223325c030ca3408716b5a2e064ac418819ae49f09125
3020.jpg,train,3020.jpg,7f67fb920b84d1cafaea2e00de97d2a5e610c24a17ec9f7ac7207c4700847848
3021.jpg,validation,3021.jpg,810fb8731d6ba1e9ffb26187986f49bbe69a780a60cd324624600ee644a96a49
3022.jpg,train,3022.jpg,f3bbdc70d49c95babe9233e6094a91a3d487bc9c9f71e1e7c083068c8608eed7
3023.jpg,train,3023.jpg,6861b8e81de83312b2557e3d1aae3cc2c850ded0e9f0e7e9196353b0af5d2ab5
3024.jpg,train,3024.jpg,377f656ca31e3363b3c2ae5184dd12072840bba7f85fc92e3d6d83c6bdb00318
3025.jpg,train,3025.jpg,6afae9ed89f93d3e026fb1c5a9aa5b3e09df6a719ecd8175439b4de3d525276a
3026.jpg,validation,3026.jpg,039343fefdc58751a2a48c44c98ce5caec11580189093054364afba20aec3a1e
3027.jpg,train,3027.jpg,12841c0823c897909007e5060feec8cf2b76c48d2e79a725fb815399b8951499
3028.jpg,train,3028.jpg,61caad5f88a65937c8a9326181f834a16ad18f636c32fbe2867947f8abfcd430
3029.jpg,train,3029.jpg,f9df325f21771c978eae4996464342c6dd832b0a62967f3f6187ef2babbee033
3030.jpg,validation,3030.jpg,2866c2e6c63e1f1b7262102ff1faa7ff10ae5e4ed9c37fbff27a223101540c74
3031.jpg,train,3031.jpg,819e9cd55b852817722cd5e2a786ff9d9cd87be12185a42f461684f6a22018cf
3032.jpg,train,3032.jpg,d80eb0a44ac8c7a9427fc8cab02b09ead11d78e5b9ed7839e3b0667599cc158f
3033.jpg,train,3033.jpg,1fa54ec3dfd46fec81eecdf55af07fe6e18e72d7569def951f88ca46f90b73b0
3034.jpg,train,3034.jpg,ae3c7514eb47ca059fb11a2d352163fdac4f5b3fd10dacd153574634b996f176
3035.jpg,train,3035.jpg,d62285748fcb437a56c5d21163d8dd5bc2de788b475d58f00c1a90ab395a764d
3036.jpg,train,3036.jpg,8962b872bf0820b9b2340ce8f88772e0f17a28544da2cec08821c6eef3b4658c
3037.jpg,train,3037.jpg,e1df13fdf297459bc08c79cc06ca2a245276c65abfb42a8da148aa8cb8d3831d
3038.jpg,train,3038.jpg,1a2bff1c32870335b78653f67e5c1dd08526a2b558f9be8a738048fc2d41f064
3039.jpg,train,3039.jpg,5829b8ddb153dd72ba61b07fd8c2facf88ce1593aa11d87b94d4eb03f9b58b13
3040.jpg,train,3040.jpg,38230905c69125cb88f72459e95db569d14dfa574eda5fc360ab02cb5ef4e186
3041.jpg,train,3041.jpg,564272586d1e0044609bcc58ba503fba5792b41ce69c579d2d85dc428163d063
3042.jpg,train,3042.jpg,373ac7b86bbfe508ab46cc27b27f3da190a348caeae013d19a3be80e3ad03228
3043.jpg,train,3043.jpg,b7477fd74266507829a75b18d0d959c7630e662955a3d86b4f34756d39ae600b
3044.jpg,train,3044.jpg,26cf8ab5b8c403e707f19a623e73a3f886f8c54c37c384218eb9fb4c7b118c5e
3045.jpg,train,3045.jpg,3fb4ad3ef8e6349e04b6f421c592a249c62a0ccbdbebcbf63bead7b06168d0e4
3046.jpg,validation,3046.jpg,0fdc24eeb56f875b1cfe1b39aed99daf93cee2d85b977d8dbebeda52f86b366e
3047.jpg,validation,3047.jpg,620fbbebe0679046050204d164a3876dcdba9ab8e34f2764de6544d83e49700b
3048.jpg,train,3048.jpg,f695714daa9d142a48e8a67a75d372f0beb0180072cc9a26c5f32cd9de14a81a
3049.jpg,train,3049.jpg,01a1020d4cd02c820e662c4eccf8480928a5c4872f2145c0684bd621ee52d7f0
3050.jpg,validation,3050.jpg,7ec3d9659110c40347540a60d7c9009d16f8e511d700de088dd53f3ca1326920
3051.jpg,train,3051.jpg,0967799f8bd9a953f7a93eee6e021538b1bd226a92e06304ea64ce5cafdcb4fb
3052.jpg,train,3052.jpg,275a32c6ff9f897571068096656b6530e47b79143c799b419ff351250b82b380
3053.jpg,train,3053.jpg,25559526db3d4da8cfb04a1eece08a552686f9d28028269e7976d686c3449c39
3054.jpg,train,3054.jpg,e7ae25d8654dde7a618bb6f56cc74d9489250ee405c70e580bb4c72cb23d46ad
3055.jpg,train,3055.jpg,0be903153d7d28361893d14367af269fe51efc39f1d0fc58b06d0a4acdfdabaa
3056.jpg,train,3056.jpg,fb2927d6ada8b31dbe1ceac66dcbd3a7f9a43d98dc512d686bd250c8ffe023a2
3057.jpg,train,3057.jpg,2a8cdd2312586086144b130644b147da6959ec12d4b099e590856c278295338a
3058.jpg,train,3058.jpg,ba021ff0e8ccbc44d1500839de87d2c44e264a08d8b99bb5ab2a62dac4de5d36
3059.jpg,validation,3059.jpg,d0dae5166140958d544afc91fb35cc451949d4561cf04727313c694effbf5bdd
3060.jpg,train,3060.jpg,aaa320ddf2465223917820b89557282a1af36f9ef64fa8fbb922ae4c8c83b446
3061.jpg,train,3061.jpg,c8d0607740cae52777439fdd04b704056d06de968f8918b446b4b6f96b5cdcd1
3062.jpg,train,3062.jpg,02eda3d438ef0506f691caab839fd4a0efe6b035cd610d733a086923686b72a6
3063.jpg,train,3063.jpg,2711df86b2a1a2c5bcad7b64bd85b9a0eeeed58b497394f42da7c8a1c015102d
3064.jpg,train,3064.jpg,0850a9b7086b208223215e9d1ea1763aa965c85fd43e22b1704b6cf6cbcdc407
3065.jpg,train,3065.jpg,cb6ee0de1613b5aace97654898ee5b5896fb94f560c3af492bff3f140b8377e0
3066.jpg,train,3066.jpg,f8ac387e6618369dd70e4ade33512d06e16444655a776288cee4e9bc9b2ebd44
3067.jpg,train,3067.jpg,f839247c94f0edda9bd5a7896a743321c790c4075c880fab22d19c84212e9d90
3068.jpg,train,3068.jpg,7df17e84ae295e59e4d4a90e6005337a3589d4d1c8f77032cf0d88be45f8b9c2
3069.jpg,validation,3069.jpg,8a4cf10ca6d1f0c5fadbc22dc693c098a350a76b81f0828c1fb171eea2a70ea6
3070.jpg,train,3070.jpg,96c2e15fe0bd898fdbd56183993e7a5616a46fc4c82163fe9b0cd31f2895555d
3071.jpg,validation,3071.jpg,ad43a5ee448e1d69d77f1d97ffa166e49752ab3138f63317db883a0f6d416b75
3072.jpg,validation,3072.jpg,8310672fbdf428e3889859078b6d60d89ddea2007e3b5e7b6d2f423206a6dacf
3073.jpg,train,3073.jpg,3c206357329a2e12cb9c5044a2693fe8b6bcb52fd04b100f8bb21c7d0a9ecb6d
3074.jpg,train,3074.jpg,9433f1bfce2c3dab6bce1b8ff11e61521284c3edb51ac1d8f2e0e43c1283f7da
3075.jpg,train,3075.jpg,b8d19b5fcebe3188d09cc004850a742cdc250f8acbc98aff905c3f2ae8c87b65
3076.jpg,train,3076.jpg,e67c76e84880589253bc5cbd759094cf3064a531dee9da3d1a1c09e9837530f6
3077.jpg,train,3077.jpg,7c82c0ccb521c5478b1cbd6e43cd233c87920e43fb2503f8e67859b25b6a6fc5
3078.jpg,train,3078.jpg,dd83087105899443f9cd413b3b32d0bee54dab133bbb8436bdb785e1facb7916
3079.jpg,validation,3079.jpg,b5fefd0e719cbba5e727cb008889b68ce01d3c5e6f200f61bebecb79109e3b93
3080.jpg,validation,3080.jpg,96a0faa2cc2b38ac56db0a187e51b12eecdd78df694aac31c43210687ef899c5
3081.jpg,train,3081.jpg,e3beb945e6ab387c907b70e68edf69bf73ff75e60b43865246220ae98d0d6260
3082.jpg,train,3082.jpg,045f9d56ed81d4548b232bef38510132ba271413f0cc6281fdd5aa767d2110fd
3083.jpg,train,3083.jpg,5e0ace007cc5dbb1d4c1ee19bf43d05c5981d249eaee3fae5fadeb32e93907f8
3084.jpg,train,3084.jpg,7ded373e5c2a4508ab8df9fc2ffdd160ddd0750ef169eaf37e417b457a7a85a9
3085.jpg,train,3085.jpg,be1ab6665ba4a03b9150bd9652d567e71256c9ad84ee86fb3e6f52eccc064f06
3086.jpg,validation,3086.jpg,cb604cdfb862c73fd24cd092f8054a2d67997c330bb1657b0e70f9441f65d8f7
3087.jpg,train,3087.jpg,281779a9a3e0ed59a07326d4221657160d9cc426c3c741b7874b3cb47d273169
3088.jpg,train,3088.jpg,ecb8327e0d06225e61441cc90cb3facce2209449f9d3f67a626f9a4a43c75032
3089.jpg,validation,3089.jpg,df2977c373d0359cc3293e3f3607daed50b9bba769fe11b6a2965738598e5fe7
3090.jpg,train,3090.jpg,4fd1c4ab142ea71d734702eefd56e187a28643341f07f403805ab4811a01eafb
3091.jpg,validation,3091.jpg,6b64f563e84fb5c950e4e24ea8228dee3f8d9445abb4e6f93ce1e740b7a638cb
3092.jpg,validation,3092.jpg,e7c74f84c0a72ab4cb932fd446d4b53e64c91526b6bec3baaae5da5e9ad89ef7
3093.jpg,train,3093.jpg,ec4ce037fddf5e6a18972f72c9f5143d6aa628cf805172709d73a5c5b34f4c13
3094.jpg,validation,3094.jpg,b7297236c2b108bc0b8ba1e9df57c3395b6222a85b63cf27dbe5a27f10f48672
3095.jpg,validation,3095.jpg,4c334d8d0d81087ec68d51e153c63ca890877164310a73f7b026768561610ab3
3096.jpg,train,3096.jpg,b6393b4e2600dc504d2d8c3e748c40d963d72bde0a05102772d676da05b63788
3097.jpg,validation,3097.jpg,e0746c501fb90d261cbd8d0f23e3f66dcb8aa8f961b2ef91ed0cca9cf494992d
3098.jpg,train,3098.jpg,e05b70d818223edf7949df15ad8e065e67405d71e5a7a130d0417edf139e2458
3099.jpg,train,3099.jpg,00cfa058d7d794d3aa72133e116d92aa54fa75de43aebee7acd188cf42138437
3100.jpg,train,3100.jpg,fe9d68349c8a7198466916af13044f2ad65b1f44606dc76b18df29b1f10bcda0
3101.jpg,validation,3101.jpg,5b73fce8aebc19e32910913796583c7491e788ae6b2b534891f183699ff44a50
3102.jpg,train,3102.jpg,a8524553e1ce33cfe1141ffae7659b0f056d5cd8802c230a9e71ad344b9abd56
3103.jpg,validation,3103.jpg,ceb7219bb82bd80b5d972a4acd197e5d1464cda6ef5a84d8331354b836da0723
3104.jpg,train,3104.jpg,2e228b32c126d7c019fb209229ec6d158d0605c79e2850e3b123a875cee34189
3105.jpg,validation,3105.jpg,9a82c1002027793e14ddaf96dbaa5734166e6acd7f0d00e1ea39c92a264c2ba4
3106.jpg,validation,3106.jpg,ed858e8ed86916cf54b28e20481611b5be80f2befa12963be4f41444dae99952
3107.jpg,train,3107.jpg,458a93ff1a366e8a350f5d43991c225010fe7d961e5713ebeed8347a91f554a6
3108.jpg,train,3108.jpg,a9349a96a7486bc8bddacf29fb1d319f341a51636579f682c831c1a9897e1a9e
3109.jpg,validation,3109.jpg,8583b0c4adfa9961333c10991397efcd00a32852822b27420dd0ba86ddf02ffb
3110.jpg,train,3110.jpg,50610591003a603a7f8934f0ffea3c17c5e6c0a47d81db0c82f480849a9d3201
3111.jpg,train,3111.jpg,7ad6cc44998874b13fde3e8e92a37f0c1388b506dec6e9d64dcdd17eace5a6a7
3112.jpg,train,3112.jpg,b30d69ac8e458225e14d9a2c53f7e7937aa401d61bdcbcd4bf185d2aa8f522c7
3113.jpg,train,3113.jpg,40a75443f87f186d7fe7eb9c0d59888bf56cdc88f51427774a380497baddc218
3114.jpg,train,3114.jpg,ba34a12c111e9f6d61f927a137bfe43eac854e965d1e04d4b3db634b609a97e1
3115.jpg,validation,3115.jpg,0719c6cfbd8c97f8b67e862d91acdf250cda4ce779fe5921f7f584352ec8ce34
3116.jpg,train,3116.jpg,c6867d5f70dbb13e591286b1ca2967582de059756cd6e10989fdeb0abc2de157
3117.jpg,train,3117.jpg,34a74bdeab578570d004e48023cd4fbf5143156cb675df146b4680bb2d851d53
3118.jpg,train,3118.jpg,f938ad6a8b86fd7b3217e91461830ea598d35727d246c462060285267ba81852
3119.jpg,train,3119.jpg,69ac7f63777b42074ef90b77a276bab9f624addbd9fe345b9f9dad47db8f3de5
3120.jpg,train,3120.jpg,645b4a058e2682271f2960d86695e551d92dcad1032344688249bb979d15e8b4
3121.jpg,train,3121.jpg,bb04ff335a0a72122a2bbd7fa3f1d27621dfa9853acf3d97d061a99ab51a0fcd
3122.jpg,train,3122.jpg,5c9b86ceed51471343ee715f94bcffec03cfd2e71687ac87dca68928174d3f4c
3123.jpg,validation,3123.jpg,4931273d34bb64307f891ade9c822165567f6546c92a607d1a5d0f1c77816e78
3124.jpg,validation,3124.jpg,8523d893b400f2d003df17d5a9999376354699a837c16a197241a6f40657217d
3125.jpg,train,3125.jpg,4adff52cbd4fd2bf19bbe2230136b57d1f8fa729c0d828b746cf22dc87351fc3
3126.jpg,validation,3126.jpg,6a967954eac341fc413f60c32fe4d6e27ada263b7796f4cadebe91b4bb4c086a
3127.jpg,train,3127.jpg,5c990b964cb0e01f5167613daa2bb25318ee3ec904336f363ef6f013d277e1d0
3128.jpg,train,3128.jpg,ca06b3d676280878650eb90fa77a18da89caefb110572d62569d6bc6745b5643
3129.jpg,validation,3129.jpg,9b4b3da24312feac546ee172e9f65d0a4c2ad5b4a7ce509945ea1ef2694ee588
3130.jpg,validation,3130.jpg,7e065ce532b82a91f40c0b0be30cbf76c8f3b568d3ef31bba371c260501e3858
3131.jpg,train,3131.jpg,74b70c63603be68a75e3754b463decec98177dffe8e4e1cec1a009ab2643ca65
3132.jpg,train,3132.jpg,e665103628fc0afdf3f47157d7e7d919c5fc141581134b6d00802ee8dd1cc6f6
3133.jpg,train,3133.jpg,4407fdf117afc66c0309ff5efc953315bcc1a3325fa011a3d90a90aa26490941
3134.jpg,train,3134.jpg,86247d7b124f5c6103e4fa2f2a38ecbb6ceeb1a69c122f2b086f5956ead91871
3135.jpg,train,3135.jpg,f3f4fdbfbb97deff469ed30583f5e4e1c1db755aa7c00fe2ae65bc48e0657e3c
3136.jpg,train,3136.jpg,003b9d45786a82780fe15e0d4a6787a4e1b82408a60d4b768ad5bc2692b47f63
3137.jpg,validation,3137.jpg,bde87f0e24f4b094a5d416ae5e776ca05328d0340f0f1980895a9f0b04cf1b13
3138.jpg,train,3138.jpg,0995500c92f546549dac274ef2aa038316bacc47bb684f5f65f3cd10768c52c2
3139.jpg,validation,3139.jpg,2d8b813cb117ef629e1a172798662dc0eec2280c10dda20c208d8014d74268b9
3140.jpg,validation,3140.jpg,8e0c5d51a0c0b0e69017e3c6ec179e011db9e66b2ec6fc1ddc779483f5d552e7
3141.jpg,train,3141.jpg,3c6b89670f43769eebc78cfb6e4ab3f577d9958130b91eb00e079e906b751048
3142.jpg,train,3142.jpg,a6fdaaea0708456d09d1544514d8f059ec2f3a1e316c0284295f9994e814b22d
3143.jpg,validation,3143.jpg,e4d9f10c5eb19e3dbb42ba053f343c3a73db16223cad9ed6f5e4c2e01c730083
3144.jpg,train,3144.jpg,317fe6f45549b5933bf90ee29bec3df753649541383943dde4e58dbd50d03eb7
3145.jpg,train,3145.jpg,a9a2059740765497e19737efcc5d82b5eb6391330510da82cce5adecf99024f7
3146.jpg,train,3146.jpg,8bb66890b27dda084e4de5eb38f4f50e603f6c6100fcc65f411b9c132183bcc2
3147.jpg,validation,3147.jpg,24781fd1b2707509783b94bbc780be194009090992249b3390687499ef380c81
3148.jpg,train,3148.jpg,b464ca646b430ccbd1fb6fd99c8fb11214b28f847dd9bc514053bb1e3b000020
3149.jpg,train,3149.jpg,a0f8cf8ffff2cf345dabcf31c79a15f6003334d707bf2f9f9410d95b8c18bfa4
3150.jpg,validation,3150.jpg,bd8f7c55a80b5e35912f06525b5b7a910e32762fd99dfc09e13a909270f44891
3151.jpg,train,3151.jpg,e2df86738ee63fe5c4168e00d88ddac423e8248bffcac741301d7f06d013a20f
3152.jpg,validation,3152.jpg,9ce5122e880913935019f35e826396c409799e764563b21dd87718c6cfbea64f
3153.jpg,train,3153.jpg,ba63c0ff6960e99301fe700f5efb3b1795c58fa6c9a14dc3b046a5117964cbb6
3154.jpg,train,3154.jpg,ad6f132ec36b8e636ede85041f79458634f1fedef563f85d8b6a762e12a020f0
3155.jpg,train,3155.jpg,d0d7e43d3c4110519be27546369dc5629d31a1b2f56723a8f82d12e785f0a785
3156.jpg,train,3156.jpg,acb7adf6c96e6ae75d550281b5d40e0cb33cd6c36fd55417b9c0ff43963de067
3157.jpg,train,3157.jpg,32113d19e08224a4ec353393062f6ff0f9db7c349f2087a67cbfa5817d30e928
3158.jpg,train,3158.jpg,2087cba9976e5d54d4265a93bd095a56dd8f4b5a8ab382c3954d714994247bfe
3159.jpg,validation,3159.jpg,fbfc863d1b72561ebac65a6f54fb09ff29969a015eb994d18fd6fd741b1dcf75
3160.jpg,train,3160.jpg,819920325f6f3e584e58e625faabed40d793bd270562e15c3a3e99b69ce13392
3161.jpg,train,3161.jpg,8074243500cc3f863eb3370a27a6d5358eb017e5aec3dffdc5afbfcbf1b8695d
3162.jpg,train,3162.jpg,f9529f29c6b8171a7ffa595f3fd9df9268b6df8fcd76f5f54a90dbc6d3a05111
3163.jpg,train,3163.jpg,4e6ba280c025b41dc487673ffb4683275852ace4fccda3dc789b6c3518b5779b
3164.jpg,validation,3164.jpg,d38f9a6e852327d5f31fb9d9c5631e167425a9f1214dde2e5f8cdc08a79db684
3165.jpg,validation,3165.jpg,724f6a69830ffea4173b7d0f0e9e6537098bbe42811736adf039048543d4d1a2
3166.jpg,train,3166.jpg,fd57b7d6a4a27d9439ae59a098606eb8dc79aef72ae445e41ae273afa6995d51
3167.jpg,train,3167.jpg,601ee114185ae3d75c617502458081359205567aaffa4bb6492a29f1c67d4535
3168.jpg,train,3168.jpg,a0cf11a0eed6f0183bd9145eacea3fd6c3c8d244b144ac6d376fbc4ed02a8301
3169.jpg,train,3169.jpg,5a568b67aeb60e69a95e94181223d64b2179bbce9b6f4d92a0a9ec4d852c7ade
3170.jpg,validation,3170.jpg,c88af35da62c98596cbd9fc60686339032257580a014317ea5b4c9450a7cc25d
3171.jpg,train,3171.jpg,2fca03d43b00f868c3ab8038d3ff9d856da3708b1e96c8348d7b2bb557a8e009
3172.jpg,train,3172.jpg,8db53f7d26e05133b908f2faafe98e10996d572edad85ca5320a585368582a82
3173.jpg,train,3173.jpg,de37daa81e88af88e37c440c25ef66b18e398fb7195742f7bbfa6f18c67ebc94
3174.jpg,train,3174.jpg,55b91e41247e75a688bd4d2980ab4089b72e04a2792cab1102ecc231c135941e
3175.jpg,train,3175.jpg,2b2cbbb6b9b9df5c9b8badce18241ce1ea77e229702f6e5a011fdcabeefead8d
3176.jpg,train,3176.jpg,233c7519c92ee797a134890d6f8c26e866dbcce830e422ccf325d0cf9fa3f7eb
3177.jpg,train,3177.jpg,e2e4578fde3caf39dc5418045605cf96dfb1884e1d66b7f8fc20e4957e388a55
3178.jpg,train,3178.jpg,dce5cfd70187ec23acc7fa788dbdaa3c5497c97010d7a5ba7dba32b66bdce9e5
3179.jpg,train,3179.jpg,4573c7f4c8bd10c9eadf7357db6958fb0e43a5f5776e631c0313931f1e61b7a3
3180.jpg,train,3180.jpg,59e7e75656214e3ea52af618dc9987e6a5b647b81212b19d87c72ca8b0b6bb5a
3181.jpg,train,3181.jpg,9e31c106d4ba01c37b202627fc871cb7a7c92f8a3aabf7932423b53d5b9f148c
3182.jpg,train,3182.jpg,12d49d318f6ca9e6939023dfe6b82f137d2e9e7b3bbd747c54c0a707ed829a41
3183.jpg,train,3183.jpg,a0ea769c9df5161614062fcab938176425f4c574167ee0d58b07de9499c14a8c
3184.jpg,train,3184.jpg,9b977a9f360c9590001dbbab19ec7bab4faafcd9f4205a76e1eef9988941e6d9
3185.jpg,validation,3185.jpg,865377ce13b20d5144600b697126d6e10722633b5a3b36d86d6427c94e88cb75
3186.jpg,train,3186.jpg,8e13cdbad3525a9262b757a48ae9ed8c2b11f3dab79d1092e389315aa09f121a
3187.jpg,validation,3187.jpg,5da13a9d5d0c4cf8342a99c3387ea37677dfcdbda8472dbc7b6fc07244320b66
3188.jpg,train,3188.jpg,079d3f8e3b2607be2bc3f348d72a467517ca2c8bd3ffbddc8de1b10d1a4169a0
3189.jpg,train,3189.jpg,22273a62c4d1e50a76723f198cea5c9d5fac0f512e3c2202f97d3c4f3b01fab8
3190.jpg,train,3190.jpg,c8ecd80a68dfca1189029e4dd90494afcaae5d6e8f9a0ee0cc75f5eae161aba4
3191.jpg,train,3191.jpg,b844c2a02e48a6a7b8174a326d36f83099522ca1616961777394ab7d26b481e4
3192.jpg,train,3192.jpg,b413d486a8d2ca1ce0ebc2146adf72264e3200b9443b9fdbc5b85b07dd88ced0
3193.jpg,validation,3193.jpg,2b7cf2baa7f7eea1965fda594615eca3d5874b78d0dedff515e822478ea700c7
3194.jpg,train,3194.jpg,568c3843377990b9f0e765989a25d2307b525670ed3c990e87104c3dc7aede2a
3195.jpg,train,3195.jpg,33d1160d3d934273957cd870b7aefbf859d016e68e03b697a3a5dbf19255ccca
3196.jpg,train,3196.jpg,9e813053a6b0241f0d2de18066a3eeba3da0e320c5858a9ee3d4b0eb4097be26
3197.jpg,train,3197.jpg,be606ccf34e7812d8312f716cb903e7ad22692d8acb55012cb67b8e1ffd16e8b
3198.jpg,validation,3198.jpg,451046f53625abd1f1bbab5725e2a223df42187fe6b7d9f4dec4a0593d014e14
3199.jpg,train,3199.jpg,cb0400f4503785b40df192c024ff0e4f8bf19aaa4cf4b0682ea25cd3bf8647f5
3200.jpg,train,3200.jpg,7f2bc7e809128c20203c7a8522591cc2b056e63152a62e90f36444403c6cef95
3201.jpg,train,3201.jpg,f8938fe43d37fbe818189f9b9da0c8b5fa9e04710982ce4d7caebdb70427aa28
3202.jpg,train,3202.jpg,818d0fb577caa352229a745cba173123f67cb17e1135b2a0e16246b85e6cfcd8
3203.jpg,train,3203.jpg,4e6cb5b0902b82e2eceb4640bf63999afef26af0783099ad46eae993b7060340
3204.jpg,train,3204.jpg,8a506ca560dc3d2b02c103be4e4e884b5e7a56f85e06cee6ac1b02078bade5c4
3205.jpg,train,3205.jpg,c93577f9abb27cde74491b7283e06ef7cdc77e196d4caf99f43e5a2bc4e4b14a
3206.jpg,train,3206.jpg,be256e9ae27712e418e2041f8c9fa21dda9f8b27c39a34784d9f7d06d10fece7
3207.jpg,train,3207.jpg,aab8cb17a67c2991bac06015c6f298dce2311f7db71061aa412161ca791a5ccb
3208.jpg,validation,3208.jpg,0fe66d1e241c2246fd8876b346a7915ea906037c1beeaf2557567449f1977da7
3209.jpg,train,3209.jpg,61b7aa94a619862cf059e348fb4a8c85f1b899db798c02ddabe5dd361300b68c
3210.jpg,train,3210.jpg,dda69b9de2a8fa2d06fded798d0a96b1b6908bea869768be674ecc11a3738302
3211.jpg,train,3211.jpg,e4f1c5cc2221d32d736001de67beac6cde883e78be68815ba38b58b4f6bb288d
3212.jpg,validation,3212.jpg,147d267e4765fd92269009073263de20c07102d7e7ba25972ade987b348437a8
3213.jpg,train,3213.jpg,827a6189e5c64313f4bb5ca0ff29a883da296ee44218810d7719e86ca836b971
3214.jpg,train,3214.jpg,1e1c74166f8d8623c7988d81718af6a6b91bdbc42369f72694f5dfe58b01bbde
3215.jpg,validation,3215.jpg,5a48cf71429b1363af580a45dfc1c71613bdea6b04dba7de6f650e0813692fb3
3216.jpg,validation,3216.jpg,ae5ca12b7c5598efae0a7af75fa097be14b540e6d18139cce8efdfb5447cf818
3217.jpg,train,3217.jpg,0f44ba7d77508f2165d04c01f520e638d41daa3c5523525b5fe60fe0c08731d3
3218.jpg,train,3218.jpg,b0aedafa342cf5307b4ef59e58a19fe09c106bd81df83304036d066e052942fb
3219.jpg,train,3219.jpg,16513c050376fb5d5fbba2bb51b9ece33b7b03d4b50435a4a6ec0ed23dc8c953
3220.jpg,train,3220.jpg,ace6df5d1e1717df443c4665afa0635f0962cd5ba0e70b5fc28e65733b4c85b5
3221.jpg,train,3221.jpg,d1a989bbee8565dfee150ddc6064372d11543e77aff12b306cc60d9f01a96255
3222.jpg,train,3222.jpg,56821bbd7fa03d4280cca45928f84b35a439d518f3b70399468dc50daf29ec15
3223.jpg,train,3223.jpg,8760d18bd4b2e16b83cdbc83c396188b1365c3b33cdfbb8dd95a8a6d648bd6fd
3224.jpg,train,3224.jpg,38f7e5621f5d57609656a5a30cd14499c345e64d872028054fb68c3a9a76b0fa
3225.jpg,train,3225.jpg,9cc300f4436441418bdf3b0de18036491677807c8e4311cd245c8308647fa037
3226.jpg,train,3226.jpg,931adfa817e7fd58ecab11dce98f3045887fc35d7c8e724dbcf1c3238cd9dcb9
3227.jpg,train,3227.jpg,a0109080dd47eea8d7fffd0be47d0bf1c6a559a223593defdafaa4c955ecda99
3228.jpg,train,3228.jpg,9882ef6b234117a469b4f0dd43ba7fbd4b420d84863629ca53f0a44651b7b8d2
3229.jpg,train,3229.jpg,19cdd1f0ef607afe060fd71314377f23bec23b1eafa724cdc0ed44198c3d419a
3230.jpg,train,3230.jpg,2b723ec65be6a03c9b2162b479b34c3369b2691c4a8991154598069c63ed6493
3231.jpg,train,3231.jpg,2df770277ef56c71cac854a8d51eeab2551626b49cf8efddd9fcd4c9440f0a21
3232.jpg,train,3232.jpg,557ef40a1c91586c354ab6e77bfcc3f74c231d172a03ea8c0897ee70d08226f6
3233.jpg,train,3233.jpg,339454cbfed920b27fd54ecbe9ff7ae2d8f465d924be39f6213976d24d90fcbd
3234.jpg,train,3234.jpg,abb4b2f4d2f2fecf114fc823b9a8b0df23106be8045144473fea8d157e70f1a9
3235.jpg,validation,3235.jpg,df59dbdd038d1e77f1448d259d70e15841811b9c8c1b3ef208592697bde325d8
3236.jpg,train,3236.jpg,f3f6800fd2842c81ac18f0ce50d690f236cd4ae8c091fd77533cb9844be0ca89
3237.jpg,train,3237.jpg,18dce41b0d85285234e546babe6b0f8bacb4d3cb1cd2162139ada98c1d8912ee
3238.jpg,train,3238.jpg,286fe4612faddf6df0cd5a18733f1e7f44f6cdb1af7b2109800a5853bc11ab6f
3239.jpg,train,3239.jpg,41977f25ff1a650fa8b6234de017e4163515e414973b6fd559f958f99cb2e290
3240.jpg,train,3240.jpg,e9da4b80b0174c9244f265980500ab35cec3f52593d71c59189a1c4ab49b18fd
3241.jpg,train,3241.jpg,45b19411c47d656d8202a2426f9f49441ff0dde8e971d91468cde7b2c41f17d2
3242.jpg,train,3242.jpg,840a02d33540ff3bf177a25bd6fd561977074b5a6f8af862355981b80f53bbdf
3243.jpg,train,3243.jpg,5b1b24792a4199860e60d1db376f09bcb86b1146cd28659d63afba499e1568ed
3244.jpg,train,3244.jpg,b4312baaf4ce1b234ba2dedd6032fdd810dc6be5d2c532b32b8b97d4ab5a14c0
3245.jpg,train,3245.jpg,11a12ab1b1f45c785b321f1fe575fcc5dec6c2cc2be47598ddbeed9c409ac4a2
3246.jpg,train,3246.jpg,819659fda7ac2d9fdd3f2cef3118f9d5f636e807959a5d8f491c2b3f3b425061
3247.jpg,train,3247.jpg,4da3f175b9d4fc00371f0cb843199bbc024ed3cacd8d84410f370382db6cbeb2
3248.jpg,train,3248.jpg,071ca82565bf115906d4c49fb9d27f4e2f571570a366ecded4363a8a7f160c0f
3249.jpg,train,3249.jpg,949d393c4928c17bbb25ab23c3921ce08c9f4156ea13b232184f0ff54c179fdb
3250.jpg,validation,3250.jpg,c09d3408ee90f60d65ae76f91985185006241ea4158981b5fd31c868aa615f61
3251.jpg,train,3251.jpg,f0461ae703affba09cb49b2cba1f3260e1fe567d834c5d140a98f1a9450a6c67
3252.jpg,train,3252.jpg,89a6b41d646dd0e9e58467ce3392035182fa63a0c33fa69bd697d7c326f75ef4
3253.jpg,train,3253.jpg,b7d112b5ee576d893f0800387ff1683b4598706b9471e6d2d972eeb3bfe049db
3254.jpg,train,3254.jpg,c0f2601b77cdb9a4a48a414d466d4b02755afd77dbb9f9eb7d5a7a20ee6929fb
3255.jpg,train,3255.jpg,858904e0a18b66024c53d2a52568e11c86aa0abb0ff8e930d1107553ebe9012b
3256.jpg,train,3256.jpg,1c316b5ad176f3c517e68ddcce6651671c6a715b015b42cb94530a585a517dae
3257.jpg,train,3257.jpg,aa26e2748adf95f20b35743740f57bc4cd42e35c5703c40f77c5381d0763ef84
3258.jpg,train,3258.jpg,fcd6a1a4d686a3f6dd3aec304cea6564e8a26898f86b0e6cf72e733def0f6e1c
3259.jpg,train,3259.jpg,6768d431262552b0fa279d253af31f38c071a27b3b06c4458f68c18260c6b69f
3260.jpg,train,3260.jpg,2b4fa42d4d62f980246ee621975d401cc3d314e114aa33b71e4468947e82e750
3261.jpg,train,3261.jpg,3c9d0847984494e6af8bf70157489907d671fe675b45261e0b0b9ee325fba548
3262.jpg,train,3262.jpg,c11dafb7fe212266bbec126c9c1432f28da1593d04a8748318bc7528579a835e
3263.jpg,train,3263.jpg,376a0de91170a203871ccccdaff2f1341e69c7100cfec0df7aa6e1f3fa1d4948
3264.jpg,validation,3264.jpg,037eda4f360cb155a277d572c45886c36f7912d6c41b02e44bffe55780f7e134
3265.jpg,validation,3265.jpg,4548ee25650e3b8d614c93756e4c02bb7ca3c9d174b9e67fe1a36bcff27ebc50
3266.jpg,train,3266.jpg,d2fc8b3d7c482b943558ab700e9cbc9ea1ea2785c9990c5af9d7ccbe7fb00e9d
3267.jpg,train,3267.jpg,5f9bdd515ddd43a53163f471560749105b1e30afb35c58c25468635ec10de23f
3268.jpg,train,3268.jpg,184b8801c94521b570539f3c44996df3c531568ffbe25d41c8ff366221ace3a3
3269.jpg,validation,3269.jpg,f9f6c0218149c59433ff7e25463f10d556c219af3cf2d5bfcb1f3975f52af147
3270.jpg,train,3270.jpg,d55bf86552848b95f8237aedd56f49c009517640a080c4df1ca88ce420feb951
3271.jpg,train,3271.jpg,3063cc9ec377100f77e9fc7f5d6093a8d106f45e216072306aefc8cc40eff577
3272.jpg,train,3272.jpg,b59c476797cc697c8e8fe72b6c187c67d1a1d24c42f565d6c8daabdf7608bd24
3273.jpg,train,3273.jpg,cfd0a362830ec43795272db2603a2699afe568994de5745994b2c5cb99f55c23
3274.jpg,train,3274.jpg,2ca002567ea5f5fbd60a29b3d7ff05819c1c73fd8d8b04e7e6130b1f52e382df
3275.jpg,train,3275.jpg,712d3b45984eb2f73a87af293a1bffa7c1eae349b82354166316709e28feee61
3276.jpg,train,3276.jpg,409d61b256b89472509efe73ed8e6889e5b9255f5ab3651c0e20e329a0e79aba
3277.jpg,train,3277.jpg,527fbc8b8ef38bfe057be5749e480b8ca7cb290a611ba5c3ddb0014585057755
3278.jpg,validation,3278.jpg,7ae84c479ea7671493d9d0d1c4a22449474b649cd890a6c57b4336fda6abc9de
3279.jpg,train,3279.jpg,b1c2de90e0a846491ec842f3692786d7f86dd916206dabf8588ed05ee00aa755
3280.jpg,train,3280.jpg,3641dd28d12206b5e6257ad4364275f23fd1129732aa03cf5120fbb24ed63593
3281.jpg,train,3281.jpg,7f95d3eca60c7c7e9d6dc3cc4404fd033435e14a4ccd98718d2368811ca72f82
3282.jpg,train,3282.jpg,7f60c1d5e5a1bf780e400c79fee051ca27d5e4be77e4811d8c7e55d9614e94e6
3283.jpg,train,3283.jpg,6932be7da78dfaae7b3334c1cd9d3d4588e03f96b2eb8ba0bff52c491dcf0e1d
3284.jpg,train,3284.jpg,433cc808d89623a3e1534e80092acd355a367ab849b8a8e02b4ec6bc13e85d9a
3285.jpg,validation,3285.jpg,bb0ca83318673c0c82e5eef221744e80085633510119bc9603e56fc7ca84354c
3286.jpg,train,3286.jpg,de1d309540d929b58c7e33d36178ee51896f11b01042da13be2a314a51c96eb1
3287.jpg,train,3287.jpg,3b33061dbcc835af6b43787fd0d517efd14dda03f1791a2ab4f880863ca11266
3288.jpg,validation,3288.jpg,bc3902032c98dee76480e23f62f1f8717d750cb2edb71aeb38eddd2a6094a889
3289.jpg,train,3289.jpg,a41470acc2e553afaf5fd54b4da48915f9dccd584a5c288b9d9318cf9c981e3f
3290.jpg,train,3290.jpg,74165bee1fd6b6dc4f3d66c1faa97c79ca0246ae44505a9f562c4ec9defeb6d0
3291.jpg,train,3291.jpg,12b89574cf3823877580c10df68c386dadb02e6f1baccc20ba622544af3adf4b
3292.jpg,train,3292.jpg,72ce4e0a8b496182037febd09c601a0f1cb8a5e6f6e8a1918a811b3279a1659b
3293.jpg,train,3293.jpg,08064bbe47d36f1b2974247ce69a506c59a20a4271d61b372ee99b54bc01dcfd
3294.jpg,train,3294.jpg,41d000a6ca9f23282cae8c0b56ee2e2adc39ba1dc88e7dfe8a0f1f8a14aa0318
3295.jpg,train,3295.jpg,b0b5bdaca41a872eb2bbaa0c984f114a84d1695675827d1e8c9dd0a47175d771
3296.jpg,validation,3296.jpg,74009072847cc3945008c597964170d15763c138fc5fb72e6ae8738e38eda09d
3297.jpg,validation,3297.jpg,c84dae585eadfd4fe27cc52827306fda20afe53977bd5c159e14417a58d21ed6
3298.jpg,validation,3298.jpg,8e8fc4cd506b6fbd64fc940ce1396a43685be636e3d5095d499febb7719a28aa
3299.jpg,validation,3299.jpg,6341d0fbd172000f4f5b23287c47a6b99dfda48c4de34274508c7d0f75857e68
3300.jpg,train,3300.jpg,b0488680e8362f17657f336260ac519a8c908fcefecef47bcc6941c14fcb1261
3301.jpg,train,3301.jpg,a92ac5690342d72bc676bf27f1fa9b11ba799f133a6bb3172c7c22e3ff9dfcba
3302.jpg,train,3302.jpg,8a09d8913a88483cf9ac9f56b29fba4874d6cae0d9b186fdba32fb2b2600d573
3303.jpg,train,3303.jpg,f3de1cb33f49160b759fcc9de3626d8d62e55c990d9631da11ec1a4f466b987d
3304.jpg,train,3304.jpg,19834f7bf283e44f330ba8bbe5c7352b4c1c4a44310b1f16006f0630b84486e3
3305.jpg,train,3305.jpg,2432306331300f9d23f14fbd606ef15815d46f83c81a132ccaa374591108e975
3306.jpg,train,3306.jpg,ae7f34772ed7ba308310b93dcb4722ce7adb2b7787aee3b658af71e5a0f9790b
3307.jpg,train,3307.jpg,52147279522e7d05c2d36e3591ea94881a2790c7ffb5b7dc8c748c2be10b410c
3308.jpg,train,3308.jpg,19c14483b853fcbb62901829e1e8ad0cc6a319866c2b48f8d480621048f1a185
3309.jpg,train,3309.jpg,7af5e04afb04f76db9ff63e5941fc338807f5536f256f88c71d8b1207a9cb344
3310.jpg,validation,3310.jpg,6fc07e3c28e04e931834523bc732868a95f707cb18b64a58051f8395bf5d5d4a
3311.jpg,validation,3311.jpg,37c740c2623679c47c90d1e796914fc5f754003fee3bbf885102e1f27ccd635d
3312.jpg,train,3312.jpg,6fc6c19cde7ccaa563b575b0c71e0bb15085dc1719e90f3deae29019dbb59d35
3313.jpg,validation,3313.jpg,6acd222be067df3aaf9f672e3eb9e4de1f1803446e3a4dd37cea0b6219794a7e
3314.jpg,train,3314.jpg,961adf3633e16ed22eb6659f7c3349e4e8ca785b169e2fce70e7b9e14c0241ad
3315.jpg,train,3315.jpg,4115b26a0286e928f7dec497ed6437ff85dd40a6a5d8fdfaea14f2f51f8f07a0
3316.jpg,train,3316.jpg,8b53232e48687fac993f3cd1e63aa1f0a6c9dfd3a2a8891729984e274e012cde
3317.jpg,validation,3317.jpg,22646eb844910396ec80e843924edf28a4c0b2f1e6f11fcc1d90026fdcdd064a
3318.jpg,train,3318.jpg,d5083d1caf3fdd0b44df404e083e0dfd689f8d6fc5dff660bfbb9ce03c973023
3319.jpg,train,3319.jpg,0490f10e57a16655d8202023d7c4ea3c84054d2adcfb67f45e3a74732e867052
3320.jpg,train,3320.jpg,ca332270eb36415c4a8ccac785b591fbf98eccbadd902f687207ce67797c640d
3321.jpg,train,3321.jpg,ac3cca2fd014e906cc1feb1c09a18e07187815f892cfd41fbffea76cfd485351
3322.jpg,train,3322.jpg,da1b2ebeb6a8da27051b7fe1d34cc344ae24f7940f7ce631e0482473d9c8a7c3
3323.jpg,train,3323.jpg,d35aea45b20bf353b25a0174d66c2076b7e3d5e945d57ab48c2b52d573f6297b
3324.jpg,train,3324.jpg,18b127d014ca813fac2a70182f1803aba90a9eb2d1849855a388da46ba8ab88b
3325.jpg,validation,3325.jpg,f87aaf5b0c0049a3acaf0af1e7c825bc0789055fedae599240cbdad0447e3b51
3326.jpg,train,3326.jpg,7db3585232e93a87297fd6b06172465a7fc2744b4c9b37f43ee119a9c37c757a
3327.jpg,train,3327.jpg,a353308f40ccf7947ade7db07cc2898bea23ab85f981bb84d1eeb38d609bed8b
3328.jpg,train,3328.jpg,a74110ed1bca8a35dc509cd7ae8ccd9accb178e937bb3d98397df386dcb182aa
3329.jpg,validation,3329.jpg,b1b8301ac3a7f45059edfb61235f04fd7a132a0ef35bf75075b2eed69ea8c0fd
3330.jpg,train,3330.jpg,9052c32fd60a2479b804af6dae81e2988afe0a7a0322d1dab0e8236e58a60171
3331.jpg,train,3331.jpg,68654aed1d4fd4dda6137fd2df5567f2cb8896e90d68473b0d56c276f2340857
3332.jpg,train,3332.jpg,fa420e6776757f9fe8b97577ce39543107b14c64e9d15059945dc023ad07d935
3333.jpg,train,3333.jpg,ff085dcfc49c41899a68f867d0427e07cdf1c073d04f7a7dc62b27c428388f82
3334.jpg,train,3334.jpg,37a520a2057c7f0df692daeb179ce4bd4b5d9522952f4ee1cbe50f710be20e46
3335.jpg,train,3335.jpg,788c6c788bafa844341f3680872d4435f0b155d5ac99e33b51999db3d1534c6b
3336.jpg,train,3336.jpg,74d9a026bd892c83e7b56a0eb60ae621a92418ce7e742b1e2b4bf9cc54dd469a
3337.jpg,train,3337.jpg,076386ec62bd0c92e2f783717a48d4abf2fb7d60973bb96e9bbafd4b7f4dba30
3338.jpg,validation,3338.jpg,11aae74503da25e56b9a57cd211bfb9f37833fc0051134dd825ef34dcb0ca230
3339.jpg,train,3339.jpg,65e470324a6c73d47448cb581ee4e2589ff111b6eab7fa3aa5851749a270eec3
3340.jpg,train,3340.jpg,cdef1f275d31006c03380a928a4cbb3c12b898e515fd2f614cae2cf8aba3d58e
3341.jpg,validation,3341.jpg,0ae60d31bf46ba4841a228d5fdb9b84225eace99d8f4b703b4ffb299a376510c
3342.jpg,train,3342.jpg,5be0a9289f2f8a8bcfe0aeacfd1527a8ac3dc836918c89468938f372b42ca299
3343.jpg,train,3343.jpg,b62e47043478183a14b0293d2b3c345f25120d7e4e7f06f04f4d8dca54d9bf02
3344.jpg,train,3344.jpg,1c970425eaa55677fe65ccee6fbf9a4e63423372e787f8843913ad7a478f1acf
3345.jpg,train,3345.jpg,4aab8c0bf28487554902e9214346028fcf9dfc517a1fa2cf2264e9d1a80a4950
3346.jpg,validation,3346.jpg,a67aa1639f1935ee98e725ce30b00dd4bb1f1cc279ecf166ed706f88558b4b10
3347.jpg,train,3347.jpg,2f49a32e048e1282156b4cd2df5248e68bf731be9b54ecb94adbe6b91a6905b6
3348.jpg,train,3348.jpg,69c8d7758a48ced6963eaef5ab4e22972597ae36af851a41d087e513fb3642a6
3349.jpg,train,3349.jpg,91e76d2c32386b64279b25d5ba3bf921d98c2a55808d4269f5e0ea2892d0879c
3350.jpg,train,3350.jpg,f1b0ac831812c934409945ba5434c8db6b0f18843a7d4376323235b1d7a3c8cd
3351.jpg,train,3351.jpg,0bd5d0b403b50e390fb457ce9ff33b17b43b46c3204693fe89a3b5d2707860c4
3352.jpg,train,3352.jpg,46e06058d70ef93e3ae19a724a01efd9a229434c9290020b07bfbfa788410ce3
3353.jpg,train,3353.jpg,26cc0aa7fca85eed4acddcc480228b9f16a23be7913d99d51533441598ab0f1a
3354.jpg,train,3354.jpg,d671bc203b0a1387b9eee30fb34859419bc632c3772e9cba270ccfdaecea5f30
3355.jpg,train,3355.jpg,2284b63f6add9875c1ee1a69d28eca7764319d6e4a692956c83fe36acc10d5dc
3356.jpg,train,3356.jpg,a5426a8d730a56abcdf03558013969de621a6d563c5103fb579dbb234bdf929a
3357.jpg,train,3357.jpg,dddf873f51472cf87a32b2b161ca0a22c3484f3f801ace1acef46ba3de696a45
3358.jpg,validation,3358.jpg,51c62112f51952362c673134d613fd4575606cea29d0d536c4e9be18355ed8bd
3359.jpg,train,3359.jpg,e0e1b169b7d2599d7a89c797f6809fac5322b69d89446c23a33ad3bb5b8a02bf
3360.jpg,train,3360.jpg,07971ea17a52b078dc7b75675a60b67a6053bf4f9fc6cab6eb18849559aacda4
3361.jpg,train,3361.jpg,f456ff912f7bda0aa4a26dcdc9979db6bece6aa05e3c434fb2893bc8c9661399
3362.jpg,train,3362.jpg,3d930e3fbb6d54eba068a61be8dc352124604f5d51ed102885c69a1d6ffba392
3363.jpg,train,3363.jpg,bf1911ae71167702f6a1ee978c9926473b9dc555a6f6d765eb5acfd7805d569d
3364.jpg,validation,3364.jpg,06388efe60931d69a77cdedcc9af657e885ab0b6eee702af1846d779dcbdfe0e
3365.jpg,train,3365.jpg,577f18cdd107a2a768ab381545696ddcdb56c6b40ffc21c42b6c22cd6b2dd7e4
3366.jpg,train,3366.jpg,f00648ed79afe4f1842863b881cf3737646e0bc4ef9008d1ce517a2530543ed4
3367.jpg,validation,3367.jpg,00330380decb1719ecc37bfd60974ab8df608ea8051fe15f2b59ad5361d12b83
3368.jpg,train,3368.jpg,1fe54662f7455d1767d89ad2e1a96c8caf849c7575d699f3b219d8c5ae2ef74d
3369.jpg,train,3369.jpg,005880407d2367b317c6444c6d96fcb4ac19b71899de6043683cbd98244acbba
3370.jpg,train,3370.jpg,e83154349063e2d12b5afb2c6427e1b597a79a67b84efe5404138b5ccea58da4
3371.jpg,validation,3371.jpg,75d457fb174cec9f0bdc8dc66b28287c65029d151bc27d0dcff2eca764e85b1b
3372.jpg,validation,3372.jpg,a5780b1198f1c9108a2010cde9ddef7205cde28be55e4cab3b26ae1f6f907cee
3373.jpg,train,3373.jpg,aab2a21bae618e41be8b787993a1eaa0bb88fecabbd1987394258bfcd5b23c41
3374.jpg,train,3374.jpg,58c4fe07fdf4d58a9eadca24581501aba57a8e14b71613ffe4f6f6bfa94439c2
3375.jpg,train,3375.jpg,7e047e3b1f3e566270ad85720c73f4594511740d42fc8dc237387d9526242d32
3376.jpg,validation,3376.jpg,8b00bd7fa9c2c6f6905d10ea9c146daef256d8da7b7cce1ee6633d571192d9ea
3377.jpg,train,3377.jpg,e34b5e3d0dc95f0c2501c52dadf0c62ce707e58973d1359a3103577e669ebc42
3378.jpg,train,3378.jpg,6270dedf797653871cc9a68249f23ed5260b4c35f4385c6701ea464503cc1d51
3379.jpg,validation,3379.jpg,a3b4a74290b54474d30396c53ab0c3f398b067b6d3171ff708921f37db32bb5d
3380.jpg,train,3380.jpg,7555e6977dee3548800af65fe3c361586279b2cc400dd028ff56c32540d28588
3381.jpg,train,3381.jpg,2c4db9e7edb563ad1f00c9e4b017c9582a1a372d30602cc1a60fdb5f04660888
3382.jpg,validation,3382.jpg,f13ee9a2f1fad4d9eb7610c17723a09e99d116596a000a83e8c2410306916db2
3383.jpg,train,3383.jpg,c1ece704929ebbdbf6b55541ed351d5ed4e87e5684f505b299a2d7519d0136d0
3384.jpg,validation,3384.jpg,ddf81594d4678bb760d2fdf8e254bced4268d5964d42fe76908fa59015e106e1
3385.jpg,train,3385.jpg,4485c9e043fcdf9de1d2089b6de2027e2e1621e8b3af79a5d8b1b93b860e7572
3386.jpg,train,3386.jpg,b165e832461b07713858bb3c39b9b7be3de5a7b46358c08ea7bc1804197b7dfe
3387.jpg,train,3387.jpg,f3c7b6af4c7138f07db1215ebd7ad7c607ee88ad4d18f2fd07690b0e43746c63
3388.jpg,validation,3388.jpg,59c7e20f09d069ca627f180adf185848c7ba76b68975310742388825649065f8
3389.jpg,train,3389.jpg,50a8e559e558cc0db6c1eb323529264e4c6b92ff418cd80b0d3910dd3a3b1c63
3390.jpg,train,3390.jpg,5fe39ea312edf9d2aa0cb21d1b353a376f4571e1a7dea62564300a81579dd907
3391.jpg,validation,3391.jpg,d309d3868575bec9875de68fa25de976cfd56a44beadd843aeec0e03a53b0bb7
3392.jpg,train,3392.jpg,a4c7479af1c0f684ef7c6ebd104a9217036587c2c1bed1042bc8844287d5af71
3393.jpg,train,3393.jpg,4deda7e58e31fd5cecaa1f58deebc89dedae39fc10b2173fea1a324bf68e07d4
3394.jpg,train,3394.jpg,0f080fabd4f8a5c602ebb92831032c60756808fbcf907358c45829272b90c78f
3395.jpg,train,3395.jpg,c663a74750fcf4aa7e0834194325e5b77f5d890a092d2de3754e2fd570033c92
3396.jpg,validation,3396.jpg,d48b55fa15af3e46e94d5d8d3d6eb271501c0adf4c59405f22f6abeb8b396568
3397.jpg,train,3397.jpg,53ec4f22d623fbe41bdec1f41c03ac809f939de96d738f1fe270a78ee6157df3
3398.jpg,train,3398.jpg,88e60341469cf8e414d024b02ddd46756ee3e3d1b0764d3a1020f7dc73979efa
3399.jpg,train,3399.jpg,a992134e5843e849f990020a2ebbcfb851ebd534093a7e9818076e4d6bb0a5d8
3400.jpg,train,3400.jpg,327d28d0fed8edab2b3f3eae6f4dd703897d1774889d3e3c0683233df914d045
3401.jpg,train,3401.jpg,7064e65357b15be0e187e53a91ecebe9fd9c8f468c69e0cf4269cd7a75a0702f
3402.jpg,train,3402.jpg,251e84b567f16dcf1de055300d709177f3ae9549f96b75a67fb44db387a18b31
3403.jpg,train,3403.jpg,ff97edfda7691660f1ce26dfd612c448d8e1a2d52996c473679c31cab1249ba8
3404.jpg,train,3404.jpg,a137e40bb67d839729f4bfc85f3963aca676ab7ab86d0dea25a94f83f6268bf1
3405.jpg,train,3405.jpg,7ba96a5167d63deb89ca455f7001924ca252838cd6e06831aa64bfb7abb008f9
3406.jpg,train,3406.jpg,0bbdd867e6f19814dfd4e6575c14bfa15fd1306f4a42f601a137802e641380c9
3407.jpg,train,3407.jpg,4ce790bf8dc696cfa6ed5f0cf116bcad68ef5faf7314fb8b6e54e1aaca5f56c0
3408.jpg,train,3408.jpg,e4cd342cfd59fa9ec027d4ee1be36ce0e8509ed49b7b4f37939bf4993731e27f
3409.jpg,train,3409.jpg,4b15828a56bec253931773453beac9b32403cadce05da5e4046cb40143da3aae
3410.jpg,train,3410.jpg,78ac177b44d0de5c8612094f4e0917ce8adfb570ac07abdf2a13b966dc1c3d21
3411.jpg,train,3411.jpg,6f35b309ee2aa8e306cce74e2d26f44b37a994613c68f2b94ab2186e1f70080c
3412.jpg,train,3412.jpg,3e5e6c7ac3f2825d14ee590c11e59e0c546baffc0d5f8e86775a489a9813d031
3413.jpg,train,3413.jpg,e09f65d91c60f2ea5227b6dcb3a1ead45b280cfd4dcc856f6a444db228ba6cff
3414.jpg,train,3414.jpg,11781974693ddddbe0c1af58179b7ad185f81f914fcf94f35fe4701d58185081
3415.jpg,train,3415.jpg,d8c4b204d2df6393bc15ccc061d60edd513b96e6868d7ba467fc48ea4b99f120
3416.jpg,train,3416.jpg,b9a73bd4137b43a3f776a6891d1e43c716b9c2f43842d12942ade50a8e13e1f7
3417.jpg,train,3417.jpg,911c443c7c64827c3bed2e3b929498602c2dc93f93990155bb783e1efa48ef9c
3418.jpg,train,3418.jpg,6e0a3d83a44c6e5f0f26ab2c3060aa23b8f0f17e8b26534182dc9f42be2659e1
3419.jpg,train,3419.jpg,49bfc602446522a98ae09651b1a325186c73089c775f1af9537d183a244abc1a
3420.jpg,train,3420.jpg,3ff048f7478d5e12d87faf3b30178629e82faa2c6d97ffa8b69394158d0c707b
3421.jpg,train,3421.jpg,5e812d963ad5b00a94fd5e22d785d3bfd80581605e2b3bf574be7a813da8af8b
3422.jpg,train,3422.jpg,fc017320166c8d588184d583b2b750a6b350f126410cdcf411b892ceba3df20a
3423.jpg,train,3423.jpg,cdd05840db068d9a5d0c737a52eb0fe3a0a6526157078cd747127b727f00f7a8
3424.jpg,train,3424.jpg,fd038bec1364fb947556a83f48c4ad0d297194a16e062e87b0ce08696bf05f85
3425.jpg,train,3425.jpg,493383c31eaa346b4ec1769d4bfaa56653d81d5d51cbc8c6785eccf202c703b0
3426.jpg,train,3426.jpg,ba5fbd62daa5e5ddeab37b0f30d724dd281e4bfc861bedf5ee06f36ea0d18ed7
3427.jpg,train,3427.jpg,e1596306bb4c5691d0ebd83eb81b0b26fd944235da9dcc601ac878dc4360e3be
3428.jpg,train,3428.jpg,ba4e5a7a9fe38418d13753f30d22702d3230db29e3a449e6c7294e7afb8d0897
3429.jpg,train,3429.jpg,8a2debcfc5750d0affed8bcc0304a3ee250a1bcd9eceb031657049506fc6dd1c
3430.jpg,train,3430.jpg,dcc5aa8732766e68fa5c964d32fd062af4b4e287567c13710cb1168b04e3daeb
3431.jpg,train,3431.jpg,c3be97ca623790f9a64d4b21ab0ab24ff2742c2f4f6104a22522aa4f330ce8b8
3432.jpg,validation,3432.jpg,d55bb9a048042f82fd2ac1e971b228f79e40b82981fe4f993cfaf004c99950c3
3433.jpg,train,3433.jpg,a06211be1f345c48b43e1c69e6d382b3c70305c89a27bbeeafc9574eac79538b
3434.jpg,train,3434.jpg,fda7a3e60d0f8c99a60556d3793c732bf42ab9fd0b40e11a45c4cd03897ab02f
3435.jpg,train,3435.jpg,703f1038815efe2a4ff397f3685e3e675f800817ea3050f057c45df062c7533e
3436.jpg,train,3436.jpg,1fbabf7e4e0e1218deebd8fed498f1df4185f6c292d8c08ff898bb8ca618bb70
3437.jpg,train,3437.jpg,232a4df5e8e5f365bea5d020257628acea66a16afa6f6cb7cc3a5b2de402e58f
3438.jpg,train,3438.jpg,e8d835e17abd670f42f0e459bb307598a1623f76fed23da8199bea82b3aac198
3439.jpg,train,3439.jpg,519a38e36f9c8a6ab30eb7b75e4707586db5831343c1672fe5a0c0ba52c71275
3440.jpg,validation,3440.jpg,a2009c346598235a412ab90b003e062acb66530607ce6d9b85d7b1f1cdf185b7
3441.jpg,validation,3441.jpg,f0d871ce0956e72ac18cf839916444bbe5878c01c7ce58df62729fac96b53bb6
3442.jpg,train,3442.jpg,859d9965b6223c5858b383f306a89c14c1b9b6eb9eff70514b100a10498cb1ce
3443.jpg,train,3443.jpg,ec7f9de753dea293357c7c9282a79fca041cacd2f16506b621373fd24407ca68
3444.jpg,validation,3444.jpg,0a82fd85727e370d171ab1d75bb1a29a7bfdfdab7b8c9fcf2841c69494270aea
3445.jpg,train,3445.jpg,aab9d7515f5cbfdf5393cefdf97b1b4b2422890b1b3bcf75a13315be02583595
3446.jpg,train,3446.jpg,82d3c20de5347419acc1a35807722ccfc5c12599dec6436e5e11a59d7154bd9c
3447.jpg,train,3447.jpg,82de20b32203514a8c9460b783bdf89bc5ae533e774ed554ec2d33a393517e5d
3448.jpg,train,3448.jpg,c27b5f0df982143498575991f6bf9f10f23cb6ea31789f9d20c91d0f907c5efd
3449.jpg,train,3449.jpg,3653af340bccddfd642899c732ef5be195a4f37dfcf90df0ef11a4c96ccf854b
3450.jpg,train,3450.jpg,c8195c3a86b755f12a81e925417ce98432d5387e0728a8b70cd028836fdf030a
3451.jpg,train,3451.jpg,0353b8200c1f55bdfceb5d94dc0a64c731c11837e3da6794ff08b0d2ddc75232
3452.jpg,train,3452.jpg,82072b97fea85d7ec4c90fdc3d7883d8a2e648024c825b18138c512f7e8abcb8
3453.jpg,validation,3453.jpg,638d959f9f88dad23c230808f63fe39c36cfedca8d78f09cc425b57006c5f586
3454.jpg,train,3454.jpg,f7a0b4fae805aa102d8a531a17c52ce68c2008dc1b08ab2eeb239bbff1863237
3455.jpg,train,3455.jpg,d9b6735e7e3e0b113d1b2e7f207ba408f31e6a83139dc256d516e201024adf29
3456.jpg,train,3456.jpg,666f8815f23d20d25b03112afe303635130596c454f13ef8e3f48f5d4d0b5f1d
3457.jpg,validation,3457.jpg,2de03605397ab2ca701f78e5adb2faad2caf68089473b5c2e37db20878e00a49
3458.jpg,train,3458.jpg,1e3ba790f86ab6ec033017e271d0456ed81f7664e82c273d81e194e856ce193c
3459.jpg,train,3459.jpg,ed26db31d5c99b295f2d59e405b786cff3108325121f0f5ed6e3a067fb37d0ee
3460.jpg,train,3460.jpg,de1dfa4c1c7ca05442eecee652f96ce9ca1f0c6527c0898841e55036933fcfac
3461.jpg,train,3461.jpg,db84b45805cbae12a63a749e4176cc3e06efb1399a4a5d97dcbf74a93d54e74b
3462.jpg,train,3462.jpg,4312e60c731842f89412880be528de1c1a1336fdd0de15fc0820d7373f41c992
3463.jpg,train,3463.jpg,fc63bf46749cb866b5726a3683af4b451b8dc8da21165b8ac019fba4c59fa0e6
3464.jpg,train,3464.jpg,b9f2a5bafe92a45ed2e5a6a5cbc9d1acd6fde9ac1fcdabf149c8599f93fd2c6a
3465.jpg,train,3465.jpg,051505778cf1303b07986922c18a320019a9e1d099053f3e092991a108973657
3466.jpg,train,3466.jpg,03965ea5c47dd3d062576a0e64cc9227c533fa3f0d61cbd45e6263fdb9070833
3467.jpg,train,3467.jpg,ffb5ed3d1e0c35737bb584d70f9bdaadf96eea6f4984981a2dbfcb0b394dc13a
3468.jpg,train,3468.jpg,c5a559721d657d18c3bf6caba25f7c5148e90249d03d62103e5061fafe53dabc
3469.jpg,train,3469.jpg,0607f89518a78f0d40f3d1b82a521f5a7fc6e1e0c134ed32935b13a42ba788ae
3470.jpg,train,3470.jpg,2b4c542104bb7a4cc69f3bee10f3780ee383f470494dfa26d86bd7cbffcf3eb4
3471.jpg,validation,3471.jpg,60cf832a2f4240487d3879fccc575b6abbdd82733b4818b337071fd737610c7f
3472.jpg,validation,3472.jpg,891c979ca91571403a64c3da299b1d7914753335b4c130d4ce1ebc36c30b5a51
3473.jpg,train,3473.jpg,e2c23dc82a7a2236e3afbde6a21fc44f448691ee6eac92fdb436571da7d9ecb5
3474.jpg,train,3474.jpg,9fc1f161af0f6df1b7ae4f975d9f7363880dde65abb789f516d052b127049dc9
3475.jpg,train,3475.jpg,3259e6a21ac5cbc72c10ea9096bb468ec31c73553dce1ff646157de0ea78abfb
3476.jpg,train,3476.jpg,ee56cccaa337bff8405dbba2eb2f5027570165f3f7545b3f262849f85ce6d6d8
3477.jpg,train,3477.jpg,2425653330c95774b7f4800c4471e88a45f2eee802ae70a127cbc976c77e364a
3478.jpg,train,3478.jpg,c936fbaabac7cf97e887102671106419f617bf6ca97ba72a43a1d387989c6a0e
3479.jpg,train,3479.jpg,0a2fe05e513b7b162d6577068573c42b375d1f03d3a0737f9470479658ad7ff3
3480.jpg,train,3480.jpg,178260cfd5cdc7f73c9c90586f09d43589e3e4ac2d22e107c1072fb9b4586a07
3481.jpg,validation,3481.jpg,5ae981feca752e2793335fc27b4acbdbc387ea7b5529bc031d350e2f85058af1
3482.jpg,validation,3482.jpg,46207941298e03fce1866412c7ebb59e1a0494d1f96cc1feac9b7d174c86cf3d
3483.jpg,train,3483.jpg,63172c7cc89801793fda18da621ba62534aa7ef893494b2015527dae5af72cb2
3484.jpg,validation,3484.jpg,f29e095e7c8c0b3bf4da9ff71e2b458df591a7b17bbb36e20f886eef151afb63
3485.jpg,train,3485.jpg,568ce3dbaf18e621690beb4f43edf6bf91a81d20d01ba7557f6d95e4507068b7
3486.jpg,train,3486.jpg,9d253c21f7f1f62bf2df5647d3a8fa3065a5ac75843fb1e10ac3f0885add24a0
3487.jpg,train,3487.jpg,fde75f0887bb28ea40e528b469f966752dfeaa7f30c51323060db2a210db78f8
3488.jpg,validation,3488.jpg,32591e36ec59190ffc3b7cf3d9d3ab10139c18538e48239aca68870497541d46
3489.jpg,train,3489.jpg,db44543b892e981200c246c771ffce0609a46689faa73235f2c3c22f4c22c575
3490.jpg,train,3490.jpg,e1f686a6d5800899bd4cb0366ac4deef23763936e493b2611f4a7b13b227b277
3491.jpg,train,3491.jpg,a6b2fce428913d0c2e27132a472ebcb2068667488d6e9e68902f45ee8523bfd4
3492.jpg,train,3492.jpg,5ccba2ea79627aeb990600e3d3431b2042b58a7a14364284425e3a11989a97a4
3493.jpg,train,3493.jpg,d53bd52c48bcd57011ae83ae7f82da2d472f4a9f0748c5423595d8649e7e3cd5
3494.jpg,validation,3494.jpg,0ff6c1cd4e8517be5d6624b962209e0c662c6f8880faf90406bf70b7a2b3596d
3495.jpg,train,3495.jpg,3403aa9531f9936bdab1b935bf84285b6f666d68f8257eb7f666125e02b0448e
3496.jpg,train,3496.jpg,e5aadfab4677c9fa84896ca63aac343f8e486d99ab96b34ebdb0d3cdb13dd221
3497.jpg,train,3497.jpg,75c39eb5cb313fe940126e7ccc4ca85847a57722f805a2e3057f8abbdc651270
3498.jpg,train,3498.jpg,a790a67c9b6084cfde96ded967226673db0710e3900865ab2cb3b8e1e4ad2517
3499.jpg,train,3499.jpg,7384c1a73da1a1c34c77b9341e5ef83df401340599722e2af91b449fe9f23700
3500.jpg,train,3500.jpg,90e1258743963bebca6ee1c2f8979d860ec5f62607f7d85d6690d084a05bd3a4
3501.jpg,train,3501.jpg,c07c49a53b5513522393378ed73c689abbf65981e5d7e1cc1c0f85ecf344d79e
3502.jpg,train,3502.jpg,8322fa8b909b3f7192fa01a7aa0429badb4c135aed91aad26f102bff300bc810
3503.jpg,validation,3503.jpg,16767da53c50f2a5e2a2e7f9a842fd1008736f06c0c008ca149204d23c21ffd2
3504.jpg,train,3504.jpg,4b19265eea96c55fa113d7985ab832cb2d4ed89e1b5b66b28ac80aa4b6a86b59
3505.jpg,validation,3505.jpg,6fd3a8fb879007f29adcb7550aba32738be3f372ab369bba68206c63425776ca
3506.jpg,train,3506.jpg,02456f65048ac438eb893023d6e9704b7c8f1d31d3c5065c7266b63807f67a3b
3507.jpg,train,3507.jpg,f67b34f0e1da54dc67c1bac89813de7927729a58d8fecbf7ded78acba719d549
3508.jpg,train,3508.jpg,a5fa33681b803818947b73abc8f15be282b320f4d22d6cc10f0ae7e2536784a1
3509.jpg,train,3509.jpg,fcadf5ec0584cec75b82a5583223734755193471f368b96a3fcbe478c9e0d638
3510.jpg,train,3510.jpg,9968694ead3fe27eb25fbf8bed92ec33a8aedfbda1147796a2dc991f15976b1c
3511.jpg,train,3511.jpg,a50c32b1bea90766fa672d9d4d9201a25d17c55f4e3dcc62b908e5eeec351ce1
3512.jpg,train,3512.jpg,fb259d5b6cd535f78ebb327cf3b4f1d70aa1fab093b1c1c104f5fe3e5db1c261
3513.jpg,train,3513.jpg,13a3da2511a27e3d98fc87685a5f856774c947bc85210cbafdfae8888416267c
3514.jpg,train,3514.jpg,5a93127b90a4c9ef2b254130cfe09a1e8004e9b0953ad5bce8b6adb4d1ec7b72
3515.jpg,train,3515.jpg,98fc5aeeab7c6944e61d30ec45b7b1c1dbc4d3876663d11f350fc0b8cc21e360
3516.jpg,train,3516.jpg,1af4e04acf46e524649eeab3b8260d2aa108d63439a21b0ef83f98b5c1912f60
3517.jpg,train,3517.jpg,7d81e0e02d2e06c1a51aec19011c7f6da581afbd48346331d28c1870d8e9b54b
3518.jpg,train,3518.jpg,bd37a23d2795b39f8dabceeb03549eb676def55bdff6bad8f600172fe6586bde
3519.jpg,train,3519.jpg,9405a1944cbad2ae1f85cfdd72afcb322f087c66f2ee735d4f42ae5e1fd6fb52
3520.jpg,validation,3520.jpg,70cf416162fada7552f54d888cb4e3cfaa9bb1e9161bf0e6369a615b4e2374cb
3521.jpg,validation,3521.jpg,7e20018a04a8c84745a9196c781237b4bb463cf5c5dc79768ce633f20f46d179
3522.jpg,train,3522.jpg,bffaab596b94a615024010ede73fabb47e3da91a2d2225cd0f1ed967901d40ac
3523.jpg,validation,3523.jpg,a77cb3016c2aef8706e5ed55ca69bdf6a6c1334240a1e37c24710cdc5b640a5c
3524.jpg,train,3524.jpg,499338fbfa10cb95daf4f33c9cf76f2c70e5ca14bd533cb5b9fb852822f9b63e
3525.jpg,train,3525.jpg,2e256b75a78916843e535bd6aeb70b1a210dd12fe59fefa49a8d799d9bd8e9e1
3526.jpg,train,3526.jpg,a17f0fa4fa101a297f5baba5312522c0d3a4b4fb1821035d2996095f0ad9cf65
3527.jpg,train,3527.jpg,92e6aad8f744c45bf71f7c27dcaa0e51fd57c3a2172ac575047f0dc904bb54c6
3528.jpg,train,3528.jpg,2fa5de18f23f67c528cff628241e560a278fb14eb063b3765d4646d696c22792
3529.jpg,train,3529.jpg,10107f29cffd8e56bf6429a0b641fadd458bf71576c0ea8cd17f43d815bf143d
3530.jpg,validation,3530.jpg,6b61475ae8ac88e24966d62ad0cfdd0081bd30ddbd2bd8ddbbe10c1a5ec52df1
3531.jpg,train,3531.jpg,462864cc0687dcd0cec42613be338780dc4a5fa1616fa207ae1fdde24b532069
3532.jpg,train,3532.jpg,1f13d7aeea6fad06143b3ca41a9e526d1693564865f921da2738324e2ee1aeeb
3533.jpg,train,3533.jpg,3010f0e23dbaccdd170bbc051e307801d9ab40ef4f5e9012e9e93cea0d4d8d4a
3534.jpg,train,3534.jpg,30aa02f38148c85f001194c9f75d7c86cfc4bfec57e90f6155e06eb75ecfb451
3535.jpg,validation,3535.jpg,8423db9bd7f153c11c315ec7c66fcfd7313c7c97b1e6349e3e6cf3a471a8ec0e
3536.jpg,train,3536.jpg,1da7f878a29afb65774594498f4ab1544ba7a9c89e3579e2007baefb63d35372
3537.jpg,train,3537.jpg,b571fa309374e7c6bd918c81f033cf2c4ec4c71f3c98d2d56a6c77f283db5c21
3538.jpg,train,3538.jpg,ff772d46d2493db94cbb40a07d1c9b8c6f48162cfe7889cd060fc5d6567d057e
3539.jpg,train,3539.jpg,aedc4fcb7969a2c9ee82ecb17de0285c1e51cbc397f4ff0394e2d399502cda86
3540.jpg,train,3540.jpg,51cce0e1f36cfe687b3234deadd2aa7f5a0f9657897a40c6b44c7cc8ab63c399
3541.jpg,train,3541.jpg,f5582572b819beedddb41045efc2ed56a99a0bdee7d2b914c2d0fdb781b21230
3542.jpg,train,3542.jpg,329ddaaffaf7f1aef1be5e2a3a2074d94725f5a91c71372f71045ef2847ec2b1
3543.jpg,validation,3543.jpg,2492fb418a78344648a7c7e6728a44dd90381ce9c99fb2dd8bd87e4996b062a8
3544.jpg,train,3544.jpg,1330f071aa4f59629feae1c015f8a61d8b7b0b1ba095e3773e445f434c7cde96
3545.jpg,validation,3545.jpg,6da9ef1e5941f124a92034b5a4ce1f08f817686be419659322ddbe78578986b2
3546.jpg,validation,3546.jpg,e7af8153dba39699f8f8055d4fe4b925c3f305256dc629104d188b743c136ac9
3547.jpg,validation,3547.jpg,06b2c910a65752b198b53c8a6fc3c28c4029c4f054abb4d91732050090c481b2
3548.jpg,train,3548.jpg,945ad61b6d0a6bed7298b7d63c85a052f3990b4973bbeae0adf0aa0f31e7cb4e
3549.jpg,train,3549.jpg,ae48ca89bca6d34234eedafe24ec612191f7065740b28338e4cc55ddc635a5bc
3550.jpg,train,3550.jpg,d9a483745b82567f70ae99bcb2e472d712260e04891107359d4dcb83a4188ccc
3551.jpg,train,3551.jpg,7f096cc789f18785a45ed8a41999f89392881e4515e35cc9b278abdf7c811077
3552.jpg,train,3552.jpg,feae8372f31b5665143731b345e3e613e43ced11140caff8051f393337324093
3553.jpg,train,3553.jpg,f8478bdb85ba7dafcd0020899f2625cc15560d12a17042abe71e1e16d5d10678
3554.jpg,validation,3554.jpg,e3c22e35d690416904be66edf62186145ff63c7db67ce00dd9e07e098226f6fa
3555.jpg,train,3555.jpg,b7e11af76643c08d925869d174feabbb78e1b7c83ae5d85ccca7e5899f000298
3556.jpg,train,3556.jpg,b6fb6b66a2326154ffadde3c15f133e68471a78cbd7a445536bb20f7c368263a
3557.jpg,train,3557.jpg,ec117b40c4c5d368cd4138b190a8c4fd3217de7ab0f2a0a1df74ebf972f48e77
3558.jpg,train,3558.jpg,cb45f82217ccef81b57a8186621f0c5fd4bd1bfd1a73558af7d1389e1bd71475
3559.jpg,train,3559.jpg,e44fdd8c638e247639bf11d5d8235a7dc5a278db47cba7605bfa577cdd541678
3560.jpg,train,3560.jpg,5c43e5ce1966962bfe05a7d7ba322dedfe8f4dfef0fbbbef192dc9249b4e757a
3561.jpg,train,3561.jpg,3f03a2729faa4065e4852a93d60d61932b0ac9559a6a920aa8f9911831331321
3562.jpg,train,3562.jpg,c68c44ec5d1da6d6243911ac74dd9214e70027f3aeda3b2b5e1e8e7c6dd1692f
3563.jpg,train,3563.jpg,fdf92e25411ec7ed55dcb503e99e9d6cf9dfffd5ff6eb4a76715ec0fa3bf16e2
3564.jpg,train,3564.jpg,1213eb011c0f342353d8ded090dbb87c35dd7112582a99b6848cbb1caaa4fea7
3565.jpg,train,3565.jpg,b780df67ed05bda7195b4790f6385166a0a68f7fada5c5f690843280d12a5d33
3566.jpg,validation,3566.jpg,2778d949e835e968fe9a5e6fe89c18a94ea9642c042335e0ae6b1422c3cdee87
3567.jpg,train,3567.jpg,84d637dfd9fb39771a3194d0a8d7d26b6224f5079284e61fd9a91cac8d1bc180
3568.jpg,train,1078.jpg,6c23885152de786246dbe49dcfe9ef5a09cbe40f56badbdd1813c09aae9b5a18
3569.jpg,train,3569.jpg,3a048bcc7aa07423d99dc58c494b411ace171ca5bd074bc0fb8fb5c3d8e5d32e
3570.jpg,validation,3570.jpg,eb982717c58ccae140a88efc57f2ad65e345ec029070e9735d6d4e267f30358d
3571.jpg,train,3571.jpg,dc5543c64ecb4e4226ee143ef6a46dda26e59bed95df5b49f517e50a62d8e1ff
3572.jpg,train,3572.jpg,fbc1ab24c68e6aa1bbd8b156e723391c1339204ea712c0e7d8d5cf57ad080e6f
3573.jpg,train,3573.jpg,6f3ef0bb872e39ae9390e9630d7bbc97cafe3c040ce5738f7adc8e6f00f2d5b4
3574.jpg,train,3574.jpg,180c245f4249a8667b98f5012e30c102b153c8835f38a43f59bd50de9583b18d
3575.jpg,train,3575.jpg,3ea7686f39483f3d2bbce5ab2404a81fb723163fe9ac08f78f1dc3f82ec535c2
3576.jpg,train,3576.jpg,df0fef4ca8ba11c4ea3a88097ddd7fe4bba6dbb66a4d4938f1fa2c6987981fa8
3577.jpg,train,3577.jpg,ac4f79e8167b498e4019356066cc617b215bc136550f2d38730a455d6cf9bdce
3578.jpg,train,3578.jpg,648ba81878db9c5ebfd0da4ed4f227f48dbbefdb2f4cefd4815d0df714712056
3579.jpg,validation,3579.jpg,1d6f30141110179c955c4346c21fbb7b357a9cdaa558b00e65319ca533ce15b8
3580.jpg,train,3580.jpg,90f483ab571c0f772f7ef9687fa419e9abdec456495335268d0699dbb733a60c
3581.jpg,train,3581.jpg,5dc04fe8f4bfedf1242114db00db539daed16c52a42093ada0597f86b79bb1c1
3582.jpg,train,3582.jpg,c39c4c9a1efb975a74ee7fb60c8fc7dd9d42b52285c23b511ca3be5afb7f96ab
3583.jpg,validation,3583.jpg,15ef019ce55ed1baed848fe1743b067309b6e842261de2cb6864296e5ab8f10b
3584.jpg,train,3584.jpg,055724a26a2ee65958cf858f32ddb30808042a3a125000ae8eeb124df399bb3d
3585.jpg,train,3585.jpg,505915509d20c53913d94c4054e265bb1bb99d9571c660987294425d3b2bc6e8
3586.jpg,train,3586.jpg,b431cd12df7e19fafd8ce8d2a5c3a8d8fefc88e6d77a3ea7f648176e01e9033d
3587.jpg,train,3587.jpg,ae26716d8ebfac9133f0c9cc809d71ceb6d59756cef5e51f9222d1f6d9626c7e
3588.jpg,train,3588.jpg,896c66048bd252da9db6b291a1d5fc17f37a6eb9a67752e07564f8271a38e56b
3589.jpg,train,3589.jpg,630ffeaae0cc7885c5d0e4a9947cc1141ea71ff6dc97416436f6c5d8807e92be
3590.jpg,train,3590.jpg,047349c30c6283b1e8c397dcbf69e381ee679fe143b0961f3ef274d3428c9842
3591.jpg,train,3591.jpg,b6fdf5e2e95d5253d7e1952cc42a8c52f4bcca1991f8add747b6dd0ff86bd6d1
3592.jpg,validation,3592.jpg,e2bd68847f21e71e468bece21fb0533bd7259c650bdd038f068160d3c883e6df
3593.jpg,train,3593.jpg,5de62b31dee40e3de4b397643baad6989310566abb32a1eface07df8b9d0fd10
3594.jpg,train,3594.jpg,6a6c2f4f33f994fd037e079966ae6edf0c7dc850830746c057f63d766251dc9e
3595.jpg,train,3595.jpg,34e29d657cceb1830a999a11bae20f4c9c35afb671969ef83797cde05c188f9b
3596.jpg,train,3596.jpg,c3d6a0fef3bbd025f29878a210ff398b1ae08ac08ed3bf4e57291032dd1a6255
3597.jpg,train,3597.jpg,770fe0cc3a02578367c935ddde4f0fb6a638c603091ca9ac328f2595748afe11
3598.jpg,validation,3598.jpg,2e27f535e046032c661bf2a7e255fff4f0808dbb03465f3f1ebc3998d53d63d0
3599.jpg,train,3599.jpg,7fd65f8e159b4f5d6a1ea13ada4fea4ecc9e9113644b6454373c451487045b0e
3600.jpg,train,3600.jpg,fb67cdcc712fe460333244fab7e4d7e732a23f2f1f223b931c554d2ff7923183
3601.jpg,validation,3601.jpg,ff8012ca8c81de7cf504cb53a88b9969d32a23c5c3ab0acf758a510600e6cf37
3602.jpg,validation,3602.jpg,1d2e57472656f9da1cffc135ae79a228ca510bee1eec16371cf3da09712091bb
3603.jpg,train,3603.jpg,2f6b32e196f6efeb801066afd3af9e22c0d087811ca863a9d5d5f5d276f83656
3604.jpg,train,3604.jpg,4006a1745c57a0b310bee920abc86ce06e1ee8d7bd17e204f34bd90cde41c866
3605.jpg,train,3605.jpg,0505cc1a18d9a62be333a20329fb200655d7e49f5a07d7d02cffb7cdf64e2410
3606.jpg,train,3606.jpg,e661b9c4505345e02377e1176e44e0749d3701a6f6ba4fa934105ed2c24b6da0
3607.jpg,validation,3607.jpg,c4ce961a73d5ca53a76dbea14f6fd43fdfd9acb4f69613054992a732ac337aea
3608.jpg,train,3608.jpg,47d3e521f51b84f7b1e1aded51bd6264dd0bbddc7aa12623b3c805f789cc5323
3609.jpg,train,3609.jpg,1e1927b44ffdb22bcfa4f0907411bd80d50c915178d5e3f63ff8cf2e39a8d69c
3610.jpg,train,3610.jpg,a2aab959efd3610a430cd96928ae35bbff2a2caa95fc3e8ca9a80234fdd2c926
3611.jpg,train,3611.jpg,8fcbb83e02ef89f037e91150bdb76f0efbcfddcf78e347131f4db46a8b3896ab
3612.jpg,train,3612.jpg,40098f814dc24a668ef9dde0c03be9f6d1fed165dcbc4fb84b7ccb5e37211f69
3613.jpg,train,3613.jpg,5a8c877d467873ba930e068e50966a7f6f06a63fc66de1823a05a52b14046592
3614.jpg,train,3614.jpg,3166bc2f6fe44dd72284dd1541eb1cf0046ccb83ff44ed9bc7e7d40a2dbc69c1
3615.jpg,validation,3615.jpg,722e1ef975ce3164e3dfff252cbc5170108e2503d80052b73a4083ee88c6b7fd
3616.jpg,train,3616.jpg,5ba075ffcb7bdb40a7de00c687af3ee0cb475b02ec1963e3d8b7cf138e3f2d22
3617.jpg,train,3617.jpg,092e9bdcfa6a57b7739ee89061ce94fba684496e5e155817dfeb49717a777856
3618.jpg,train,3618.jpg,4bc70f7668d04071d4122fca5cb6633af832c3d567b4dce1194fccca1955312c
3619.jpg,train,3619.jpg,0bf321b8014e1e0ba1b8ba37d4fc20b4f7360995a1db12fc3eeb41a6b98f9bbf
3620.jpg,train,3620.jpg,fd654fd4e4d18ca1426af063edf86b4b96a1021282ac587edc9859b559e99baa
3621.jpg,train,3621.jpg,c5b29c94fa5138fb37c98633d00173c36ff47ca6ba63d0f4dfdc58bb15d4eef7
3622.jpg,train,3622.jpg,f2f677035b6fe4732d9c2862eadd5f1c6af2ef4ddf92958a18df32c73a555297
3623.jpg,validation,3623.jpg,c41eb41295314f788cc60fd2c53c44de6d704bd45dad6f5a048acc60d6b2ca3f
3624.jpg,train,3624.jpg,6a7d27be22bd089d91b838bbbb622684c122a43d1b54c233e3c1425a6ac24f0f
3625.jpg,train,3625.jpg,2c98b851c9b21e38bc2850466b8ab5e9ed4757f42e78feb99ab0686e1745b0c7
3626.jpg,train,3626.jpg,806419faf928cd2a0820e96596c0a01d4699ed7c4171014f96faed719251c9e4
3627.jpg,train,3627.jpg,da57ccf9a2a8873094e3562789343eab2838e40f0968d92c2a0197a7ab533864
3628.jpg,train,3628.jpg,0525f9b1d7b2f0e17b81f410c782bdffa820c6f06e94c407e4c86b304a302d25
3629.jpg,train,3629.jpg,9cd000fc0fc940fcbf08707b8ed2a307b96b252200cbf2212eb9330e8100cd2f
3630.jpg,train,3630.jpg,8743f84d6b52aa07318f90dd98884474406d4f9c6fcc0300ebe18cac2aef3335
3631.jpg,train,3631.jpg,05fa1b1514b5f6e08c08a53b5bfee8d126b83a44a2653a1508f9f6a6bc3c2814
3632.jpg,train,3632.jpg,64bdb618d5ea504b98025293136cae59ad9a5a6fa2a9b3d053c512cc9615305e
3633.jpg,validation,3633.jpg,a52267fab4d50480ff401d30224a47a24a378e431f994051b6d6ed20b5c741fc
3634.jpg,train,3634.jpg,92aaa61b37358f923763a774904ac89cd25695a7aec13ea6d8b7423925ede485
3635.jpg,train,3635.jpg,778dc7d69d39d5d14c8913d5710b01ac8a3b0eb2909da74af511cc1f8bc32289
3636.jpg,train,3636.jpg,42a1794c6ddc1e961c60b5184d42af1a1e017a708dfdae38b0ebee58ed8f6baf
3637.jpg,train,3637.jpg,3328e03b56ea8294ad4b394cc4fbd1ec2ec0a35445e4de83d6a829451e3b43b9
3638.jpg,train,3638.jpg,59c95fdd020a33b0f13ba294c67ea69576d80028e3f2f175f5caa6e66d362219
3639.jpg,train,3639.jpg,820059230a9b530a39e3bed503d9cb2e0be62520e7f153215ad219ac5d3ae1ab
3640.jpg,train,3640.jpg,c7aeefe973de98619f7146a099364863e844c6f2d3c8da0c6972a4535468dc84
3641.jpg,validation,3641.jpg,64f822589cfbc2eba88acc7e1f19519d3cdc7429e7a136970779fe6fb7c3c666
3642.jpg,train,3642.jpg,bb0163a2583ba864481dde68966a1c88ee52ab4a235427d3e6dc134e4d30c137
3643.jpg,train,3643.jpg,77093f7bc3c320d4a98171f44b37a5b57ec1738ad936ca26adcf9a873d83a165
3644.jpg,train,3644.jpg,8694d1e08b39c6be852afdb596ef15a4c7d8f1b79299ac4e98230b6d3b7ffb19
3645.jpg,train,3645.jpg,d22b55d24e75513de076379a17ec0753395ad563ed6bca3fce22e7336409201a
3646.jpg,train,3646.jpg,74a6ecd9cb794d0240d0cd2c1766d1e51c41688725503a3e54e838589c8ba3bd
3647.jpg,train,3647.jpg,d03b2197324fc40d857a33765b17bb84adfc2d6008fa20018d6725d09d64309f
3648.jpg,validation,3648.jpg,6d1fa139e2bb0eae03ea7729c691da0c4ec8b9a4f59f2c0387460c0081ee8d04
3649.jpg,train,3649.jpg,5a96a34460ffd8b64250d69b1b05152da3861210a3161408aee9e3bb46aeafda
3650.jpg,train,3650.jpg,99ce51d6f3bbf956f0638c8d712f7bbe7b2a8bef30a0de4310567b0fb0d7d3fc
3651.jpg,validation,3651.jpg,8bdb3601d9c30f0ea49efd9d167f8b1676a7f18a8e50321dfe6cef630335632f
3652.jpg,train,3652.jpg,2d7337ad892c950d9802dfeb95ac8f5bd4e52cca699e35fbe517c808635f1bf5
3653.jpg,train,3653.jpg,9ef79cb23fbda8264bede9e857c6e522b0ee73d001c9766ce9e4d1a5023e9254
3654.jpg,train,3654.jpg,c9bed296c8c8b4dd998db66ba3c1e936bcf8f250d85b5aef289ebdc0308f52b6
3655.jpg,train,3655.jpg,89ec9950deabc4c50ccef19fe178341935f845ec3b0b9245312ce10993bc77dd
3656.jpg,validation,3656.jpg,ca81bc8ecac9b50b07ad512c38c9750d30649fd5d7bcf8ae00cc333ab45a82c3
3657.jpg,validation,3657.jpg,f44706f80072fa0d2dfd3b19862f4cfeeac32dd8c081ab9c58a8da914e5caab5
3658.jpg,train,3658.jpg,0dc8b06f943bf3158f01a60b1c7c828392d8428027a63403fb46d460053eee17
3659.jpg,train,3659.jpg,886f7fe6586a3981226afd492a5afd407648c230895e39a1480788e632deb24c
3660.jpg,train,3660.jpg,6d4f55c7f4068d504a4c8aa250a7ff8601451dd90f9ccf294017bf491126bfb3
3661.jpg,validation,3661.jpg,5685f8ead10d70f059569071db480ae69b31e5da6f5c4ad3bfb3b73552caeb3b
3662.jpg,validation,3662.jpg,995b7ec3930aa42881da90911ec361c6110d628a38d52bf25fe2fcb54c6e86e5
3663.jpg,train,3663.jpg,6f15b720912810ae1ee008169b26b9a763f965223b8e5f56d293d5195b975735
3664.jpg,train,3664.jpg,f89a14d6565d01afc035a0806f1e37c09cac37c7f93112c446f88ef89242fa39
3665.jpg,train,3665.jpg,960f6752b2a66a62d5e3921bf4e94a8822d75d2bb53a2dfe8760e4a224d6a336
3666.jpg,validation,3666.jpg,2db464b64152dd7927aeea63c4c6d75cf68457634b8e5a43540a88f9bdcb4e1a
3667.jpg,validation,3667.jpg,fb26cc11ea543723b0c05b039a6ea081e25534f1edcc3884d256ff5fdfde37a7
3668.jpg,train,3668.jpg,c2028fffbd4da880c78009b2e544e6fbca8221d282bd458dcc9f8b6f3c5b5af7
3669.jpg,train,3669.jpg,4ba3b8623166f770297899491b2069d792473dc319f7921779398b1cca9e445f
3670.jpg,validation,3670.jpg,d936da77bd62fd87b84688d7b22ecd2019c5921c980ddcc880ea25538585f00f
3671.jpg,train,3671.jpg,daa0bbc92dda9237cf0efd436cc6bd7172932cd9da58d6be166a9dc9937ec4a6
3672.jpg,validation,3672.jpg,911e03dbbb7ce5839f8fa03cbe0f5f905dc9dd464f340c5ae3a20412fd1053f6
3673.jpg,train,3673.jpg,78cdf41e4863b095a23bac2e956e5a3e6cc64487a293d4a70fe20287fac8d911
3674.jpg,train,3674.jpg,a566eea0764de0710ba2a52578b30759cbff4622720f14184b4275ea9b6c1ff4
3675.jpg,train,3675.jpg,3b930de748635a7803ef8525d986cf0b3eb7afcc793ea26713270c50128987d1
3676.jpg,train,3676.jpg,87f7a5afdc69f9bd14b34384bb5a981cb254c66e9d456cdf2ea84def99214ac3
3677.jpg,validation,3677.jpg,d3bff61d5f80912ca57c454d390ea5a3eca52056fa2a11907ffcee9f792a2c67
3678.jpg,validation,3678.jpg,a1667c9c68e6c290e1eef5a7f38c9e2acc92ac69c1f6606c082b184dbff383d9
3679.jpg,train,3679.jpg,7df30b31c92eae9cff03c1c7044f4cf8c5a2cadd6f4a47ab41d31b02b16fc769
3680.jpg,train,3680.jpg,9bb8fda37c0f4df18614830dfa4f6089e83df7f68809d359a5be408f3bb4ccb2
3681.jpg,train,3681.jpg,25af1214568145bb5cafdf3ce27df5d6f5d6f5ec25d364f2014a8627d0bbc5aa
3682.jpg,train,3682.jpg,91a69eb9ddac6b0b50c2de8503345484b9fa402d204a889d2e6b3431a3a10c36
3683.jpg,train,3683.jpg,1e01564bb5bef2b8f13922754b66acfc842c770dc7d926d752901d9126217590
3684.jpg,train,3684.jpg,9aff7d1396692286b364f1e8ea04904b3f875a6cf1530af062af192830a93153
3685.jpg,train,3685.jpg,bc51e0075768131c95b45845188cf5254ce307a50f1c8effd3d081ce9c1c1713
3686.jpg,train,3686.jpg,48e611f07b79a510fefc119eb97f46173acacfdf85400b9eb7e72f21eaa073ea
3687.jpg,validation,3687.jpg,57d774f6c3c9bc5948b7a085099589e6c31b98a7bdd901559cd2589dc9fca9ad
3688.jpg,train,3688.jpg,b6ea3020e2488264214256fbfbae53a2428560d895809f7de343a328c11081ba
3689.jpg,validation,3689.jpg,ddfda595dfc568a316490cacef9cfce48cdbf070d9c673404d2b4899d3f64f77
3690.jpg,train,3690.jpg,b7a2ffd8e30c98ed468de28bb1d754bd39f8600b4d0a6d499372403f20f01f18
3691.jpg,train,3691.jpg,d5fea4651602285fcebecd3639acf78998dfde23a07402a53733827d3c7e622d
3692.jpg,train,3692.jpg,eff9cb90bf78656a8de7401e9e3b703df3723afd0e2292a8584a6a8737b1c947
3693.jpg,train,3693.jpg,08bb542899d0c4720a34028ff18d069e0ad81e5e4d9da3526293c5e4d80486bb
3694.jpg,validation,3694.jpg,57fc3120c6f00b684e6047c178db4ea936071fa8d7dcbd7d1de3c45f0b0c4225
3695.jpg,validation,3695.jpg,f459a201ded5be90d2b87451bfc128b1a4eb8810ee7ece4b64c09d3f6402014e
3696.jpg,train,3696.jpg,2daff46dca9f74d16edfbdd5622534792a3406506ca8180e53d62b1eace8d8c3
3697.jpg,train,3697.jpg,ca6fc8842adfb4939c4dba5fb607ede794a5df16cdb825dd96617396eeca39e9
3698.jpg,train,3698.jpg,fd7012c025997b6bba5ebf32bbf84b7a57f2a405e260d4914ece0dbb673ddc9d
3699.jpg,train,3699.jpg,0576b8e7bc9761fb63b9f4156621559f1e18c540bce1e4fd7c4bf8b6d02ea6f8
3700.jpg,validation,3700.jpg,36bdf2faf3f70fd54c7ec560278846db44c8292d5854ff0069c346d3208316e6
3701.jpg,train,3701.jpg,b5a33c1adc4ce6b0a37c9a81293cca9cfc70079f953f56182b56ed5d44da66a7
3702.jpg,train,3702.jpg,0eeac2ebf360fbace099c58e5ca9536489af760e32f1c119c686bfbb370685e9
3703.jpg,validation,3703.jpg,c22d105c17488739d6afb76f4442e3448ea8fa7dd78709a7541a557d49c04c2b
3704.jpg,train,3704.jpg,2122f5b7782dafed885c858c3754a912534a25c09d7b0e47024028a6a41c9550
3705.jpg,train,3705.jpg,1057bb45ad2979b3764680c05a26fbe54ea78c688025d2641e31487b95a65fe6
3706.jpg,train,3706.jpg,1e8949ca1dec1ac032a3301da208ab398bd71e536ff48d9f7787c5986238cc96
3707.jpg,train,3707.jpg,db651b62447e0aa95e2680763bb566351480f954d77dbea42f1eeaf35ac9179d
3708.jpg,train,3708.jpg,f838e38a20d99c6864aa0562b5921b7a9d5870874280332dca1d5f0dd0621bd6
3709.jpg,train,3709.jpg,f6fdd4c5ba57facab45eb67e94b419aaced8f6f0387e7969e8112760dd342de4
3710.jpg,train,3710.jpg,5dd6462b319637af338642e1ac4a9a820d90c8656adf9e8bb93daae6c48568c2
3711.jpg,train,3711.jpg,591810e577d1a33c602ea75d21d9ca1036c986c0dc8fa887de5fc113f1f817f9
3712.jpg,train,3712.jpg,e42a1de2d6d934abfcdf28e6afe40cc76280a3c308faf54b7e520b03d8093957
3713.jpg,train,3713.jpg,2a13a0eca4973906e6f7fb6efcb4d64d635dbce28718a99b9248fdc69280c020
3714.jpg,validation,3714.jpg,d48f59e32d9e0433fa1eafc8caef981666673c32d4e6483907c249a3197aaf68
3715.jpg,train,3715.jpg,90fc478595b0562ac272c8926340dad2c085f7ac1f0cfaf88a84060c2f3841aa
3716.jpg,train,3716.jpg,e66c6585ff8aca35181a9e408f6d19a711e9f99abd60a3ada1a3891491893a3d
3717.jpg,train,3717.jpg,fbb8f7ba838d1f8d8d9bd3839d4b907653e5a167ac8f861acc2b3aca76e24440
3718.jpg,train,3718.jpg,20b583e1d90a1a8e119aa4d94f66667c697f9235a7917fdf0120134ddc41e4c4
3719.jpg,validation,3719.jpg,c610aaa2bd53626b1927a2f80dcc64e39e3ae2bf7da7f63e2b64ed2483889853
3720.jpg,train,3720.jpg,e2d2ed728f9ce078e8e5c36fda6faf9820515a9ca0997b8dfdc22599200c5ff0
3721.jpg,train,3721.jpg,5e38855c6b626b16521211c727db887076f20c0e57b8a2fb52f50c9e71360873
3722.jpg,train,3722.jpg,3f05fa05c081b76bb405ba927c6497f8a2c83f9cf35c8f2b3b2ecfd4d71f7710
3723.jpg,validation,3723.jpg,def5cb7e812f2bcf63321c1ca5bd5a3af4952ba92659e556fc6b7e4f66965137
3724.jpg,train,3724.jpg,80cadff31dfd1f370f2d4142cf81583e3db0b46a0e268d2a4204be9b1b01fb53
3725.jpg,train,3725.jpg,1d42e1cc95a7ff9071b3cfbf225fb6173125f26931413e220e0a843af731ce5a
3726.jpg,validation,3726.jpg,196b1f29099cbf2b070d5a010e0b00f459ca03c6a6f8b5420f3f017ed800e397
3727.jpg,train,3727.jpg,3a1f32e72b0dbac1ce020736d57f29fbb84fc5279594d16bc838cb13fd2290ff
3728.jpg,train,3728.jpg,6a94637a09f37bfa10f40a5facc3480a78308f8b560606d24a17e5fd953619c6
3729.jpg,train,3729.jpg,9209825d9817c4437395a556b689fa805491c9921ce450997f7e8b9591c639b0
3730.jpg,validation,3730.jpg,d9a50aea34d94f5645f938880c2b5abb3ff3d4afef3cde7004058e4f09b8215c
3731.jpg,train,3731.jpg,ee21baf43b7fbb4fcb50c951c93d87b24c9e6519cf4f1cd48f2087e326674ab2
3732.jpg,train,3732.jpg,1340639b15c6f415bf0843baef996dce9c4a0a21a9b1d014b7ad9aef1dd73339
3733.jpg,train,3733.jpg,b0c7b79e4a075d1bb051c43fce42d27c79376b662558b82b4ed70675b0ff57de
3734.jpg,validation,3734.jpg,fd4525cccf5dc40a166a017d146f899aeb15db89d4aa316ee1e2512a04c7acb7
3735.jpg,train,3735.jpg,f360460e3bffe33786c82bb5382425e06cde95188e2af830ce3904c2055f45ba
3736.jpg,validation,3736.jpg,206352570822c3010f4f5a7f66c6c843c582ceb3786ab2cee00ef5e07af4e3a8
3737.jpg,validation,3737.jpg,af0c416f91db29d5b622912e35afc4749d3aac2046a627a5b010ce148ff8f541
3738.jpg,validation,3738.jpg,fc6d54fba3b90967b91e614c95ecfa2a103e8260ff99e3f126c30210479ee3ac
3739.jpg,train,3739.jpg,aedadc85a587e30a1620c565776cea3809bc551eca1863434c5548a107c71008
3740.jpg,train,3740.jpg,cc5a3cfdb21c50545fb171f62e5b5ef5709d5b25574bf8e21ed0852167786517
3741.jpg,train,3741.jpg,4d681510273a87afb4c7b0d9510f240dc29b8de7c632f4dd6c0efc5e13d039c7
3742.jpg,validation,3742.jpg,84ba437f2ed6d08c08678a942c1ceecb5c579f136f0ad0c484551ba16e04e29c
3743.jpg,train,3743.jpg,37835a862561221a3cb3f48c190019c624e4477c06a9334bec32e03cbb0f3b0c
3744.jpg,train,3744.jpg,32518bfb6dd7d01511c9cb6a1a422dc67eeb40585f0f1a3014e8ca51018c9e27
3745.jpg,train,3745.jpg,67d005d89e91f140edae715bcbd0c34174d5e5cd69880b8a27cfc5827b4760fb
3746.jpg,train,3746.jpg,f5e27413b28b34bc363f8e39bd59c342c3a78e633cec4ee661db5a3337c3b682
3747.jpg,train,3747.jpg,dbfe35521631809d12ec9f0eeb255da769bade5d550ee00212c8a983cea4f0bc
3748.jpg,train,3748.jpg,93f8b14e4d5782c36070eb2bfac7a135f3fb42b78ba0388f293277656fdf79f7
3749.jpg,validation,3749.jpg,3ed019ec449baac01481e3210996a585c51c0fd9aa687e08a29991307e60e89c
3750.jpg,validation,3750.jpg,7895c767e974d4efc8a541fe018fb862197ed90065d0a259e18e9230d005269b
3751.jpg,train,3751.jpg,bc216ec57111089b35357166cf110a7c7bd6ac90d9040cd4850b704c596952c7
3752.jpg,train,3752.jpg,5b2cca50a138f51cba7d533ef7398e84f771cd90937dca014adabd376d8842c1
3753.jpg,train,3753.jpg,c6cdb9e2a5cec99f5ed9ad1b61545a1a3215593b0328ac8b0d5daadf1d300fba
3754.jpg,train,3754.jpg,22585028975578d9ffdb4ec40e34c6c2c8fff60bdb82cf8c3c7780dd05950ca2
3755.jpg,train,3755.jpg,119d72d87c202fd71b65941d223873726de38ff0a7738baa44a3e9cc96840411
3756.jpg,train,3756.jpg,91ed9818c64aab9c136840ebb9d0307e36486ca94932996e7bfd907b5fd511d5
3757.jpg,train,3757.jpg,fb773202f9a821a2d364b561ea50c4ba7e2c5256d183a3fedcd04ee99624e8f3
3758.jpg,train,3758.jpg,3d484641544befa3d153d5a882773e41841a575b2c2941be5c68a618bf2e1541
3759.jpg,train,3759.jpg,89c956247bff8b824abb86cbb6ea39e9f29ad74a8f852c9315a30663fe535336
3760.jpg,train,3760.jpg,c62fa9cdcd7e5bb01f3e5588687002c72da981167d2660c0c7d1e30835d52945
3761.jpg,validation,3761.jpg,57a736917fe585063743867ecf9635cd1eabb1edf36127a209ae1dcdc3651e49
3762.jpg,train,3762.jpg,5ee7ff071908646ea4e5410cac71c8d6c52fa3beff3f6cc77f8505b4b4def045
3763.jpg,validation,3763.jpg,f0f4f43ed5fe569c2fa6e7532ae4f7908a7555a6ab06c78eb489e32d51be53f3
3764.jpg,validation,3764.jpg,84545632edd31a241b81e6d65f8807ff151cfe793b24b4bb0e0997cc08400930
3765.jpg,train,3765.jpg,5fc0e1800ef519dd6e287232e4a58d3a2b0a33afa31c397b4b62fe4e6e181d8e
3766.jpg,validation,3766.jpg,22582eeaff3597eed1ca3179ab2478268af4eb94aeba4c0e206939a28f18b03f
3767.jpg,train,3767.jpg,3a74979a2d74e587f4f22f9acdf699be939a1ded31dbc2748a31ff6d169b6016
3768.jpg,train,3768.jpg,1f5e9a4a5ddb3e979c30c00dd8390609a35d03fc0686fff6e114d642ef31c06e
3769.jpg,train,3769.jpg,cccb63f537c3ffac4992daad5d31c77c33a991b85cf228b329da3417126c6eff
3770.jpg,train,3770.jpg,3999615d177d76a65ae4c888ca07af0f0b49eb97da0955186de36df9a1f7882a
3771.jpg,train,3771.jpg,532d43a4552d67c17472806532a28a2b60fddf70722818b9b06cbcbe43c863cd
3772.jpg,validation,3772.jpg,99cd7d37280300492853cbdfe2ae5e11b66afe2cebd2afba6d977079e2f7d5de
3773.jpg,train,3773.jpg,ab369dc2028645f6fcc19c4c96c5b6cba9d6a82f55b8a7cb876db69ef6a8fa09
3774.jpg,train,3774.jpg,157a5bc1274cc644858c57d37d7461bb0a7edfa43d1a941a9789dd81d728ac33
3775.jpg,train,3775.jpg,e910dc3317645acac550b52d4b20a22fd506410f26c373e2a9ecc3648c6e6c56
3776.jpg,train,3776.jpg,7b1b97f2a06a7a84292d3162c35a932f73c58692ed26bfd28bbb2092ba59a45e
3777.jpg,train,3777.jpg,2b00c4d8d99ece55988a24f8a99e71883ec59059e18e12866ec162afa10e42e6
3778.jpg,train,3778.jpg,e8da1867fbc800ec81dff196bc2458b9d69320a91b6483bdb14beef16e0b7e8b
3779.jpg,train,3779.jpg,8efeaf0a11dc4252208627ec5dac3853bc0c2728ee1d74e06d2ce6e772a34eb3
3780.jpg,train,3780.jpg,907da8a28a6c6df91ddbfbf81c68882a2d3ba0df59285f7779b282d1cac8e5ec
3781.jpg,train,3781.jpg,62b51a359c800e671e3dc3a5f35a09f543e7a01bca68ffa176044192102f6f96
3782.jpg,validation,3782.jpg,a50cf7d9cde4ac686c44b2930fd6d22630a7c20be12fb399a73f2a299460595e
3783.jpg,train,3783.jpg,b3cafd85c32299d6b672b4203643b4d698125522df1ad9cc27093a584c824f3f
3784.jpg,train,3784.jpg,4964e8c50511557fd95b63a85fa3a7ea88e9a3177753a2e7267131e92d1025e9
3785.jpg,train,3785.jpg,0899585cf1b34cf26541a851477f375ccfedf2368aab0e48287ee2bc3574ef16
3786.jpg,train,3786.jpg,881b6db2913dac0e1e10d46977e04fb7d64c98c2375654195b9903d7bb65d95d
3787.jpg,train,3787.jpg,04fe2338b5c3ddc11435049724b1fab553957fca6daa849d76103d06c0f8ca1f
3788.jpg,train,3788.jpg,4a49507b22fa93ce5c88324396ea4c37214964f704b15dc98638122ef003cf01
3789.jpg,train,3789.jpg,205a8ebf5ebdcc9b92dd04406add0311d34bf9c1fd41989b1495e4a284952b2a
3790.jpg,train,3790.jpg,6d9908609def5362b2ce32c7cad248aba6b074fd6d9a02d7479570a6f437fcca
3791.jpg,train,3791.jpg,2eaacbdfbbfc31f77887ebe0d9ad5c0751058e30cb95e46a25511998b3600026
3792.jpg,train,3792.jpg,3f86769b07620997a32a68edd5202e8f43d0641308d64135ed520a1872d44135
3793.jpg,validation,3793.jpg,59a9bf2decf40c095aa10c4885bb4dcc373044693d30efd1120d172759f592d6
3794.jpg,validation,3794.jpg,590a1555b3663c0ea794778406217f14ef75be7ad7cc372a60622610514df559
3795.jpg,train,3795.jpg,c39c8ccca1aa7821915f8f6b6b31ce97a04e854d3accd4dc955eb557648602cb
3796.jpg,train,3796.jpg,ae573882f160994ce790966bbaf7952bb59c80fe2947a0ceb39394ac2484bf71
3797.jpg,train,3797.jpg,ec00d43aa8b463ef5c23a2a2011759479c98da8190d1960b6805d4edd132690c
3798.jpg,train,3798.jpg,fae8332e3fbfa19ea7f86c3a63e011541ce1a597276bd716e5f7e5532b3a6fe7
3799.jpg,train,3799.jpg,88c46ca76e01aa6cccbfbc0e261b366fb9832890714701df4a997f0503276c93
3800.jpg,train,3800.jpg,5b778adb05444455a74a83d8af4e09048956f4c914cc637f0f84340b06c32f49
3801.jpg,train,3801.jpg,1e0905044813809d11feac84ca400b5b664679108dfb907835f294a4da4afcb0
3802.jpg,train,3802.jpg,e656a8383730bf5fca1dd56694268fffb6f967f416a0f2993432e2a28a5cb35e
3803.jpg,train,3803.jpg,f60c373490c5c4f638a48b6838282a7b24176ed68ab93bbae453f3cf7080da81
3804.jpg,train,3804.jpg,c7abe008eb256f44d08d4e63bcef1d3b4db03987080ec8fb352790c2d9c5bf97
3805.jpg,validation,3805.jpg,aaba5d352076f428bbe25028a8df4843018e18dc7307b3965e70d849f272284d
3806.jpg,train,3806.jpg,b955f9d6f9d98e7e9285b8b37c55aecee08509ab5d4895cede2603e85ba37c48
3807.jpg,train,3807.jpg,2c0d1571d6f9308b51f969915d0e5ee0c7fa9e2888437de5e93aa5b300ee4938
3808.jpg,train,3808.jpg,5b5ba355df9a04d0189e3331cdb210dfa7ccc9677e83215e4f3ae46d51ba7138
3809.jpg,train,3809.jpg,010bc4ae544198b837103c19007d2968fe3b05f1adce0e452e2dc2a9a7d07bb7
3810.jpg,train,3810.jpg,ac19df2c35f3a46f3e9ed18fbd308146f92819ee5bf672e3a60ba9b0f67d1815
3811.jpg,validation,3811.jpg,72e43204ef5075203001b43687a1ac3c51b003b91d9bd920dd0fefde6b13f2b0
3812.jpg,train,3812.jpg,7affb8272208663e0cb0203170076e09d8f1c4451d5d6e2ac874af80391592a3
3813.jpg,validation,3813.jpg,9c6012a6d0bbdbd532f3e7370af7ca29476da5fd5984860130b19f9c420908f6
3814.jpg,train,3814.jpg,2e9e3fff9227ab6af719ba983c793e771f78306e5b9def1ce2bae14bb4de906c
3815.jpg,train,3815.jpg,465bfdc8c1ce240e189dc2ea53143fca998be88c1c6f1316237caceddeac4702
3816.jpg,validation,3816.jpg,1d4a782eb2f78a86bd79057b6efcc091c0a240401c4913b1f940b20abd29ef1b
3817.jpg,train,3817.jpg,98fbd8bb7ed1b0c2960f9ae8bcd730f83fe82253c14f3ca74a5b7ac6e53737a2
3818.jpg,validation,3818.jpg,e18d738c8d08c4086214ca7afc96e2b3d965120f038be60411ebdd9cc845a027
3819.jpg,validation,3819.jpg,f79db90948a27b8d36d8780d0609c5752a04289b8ddbfb275922b0fd8f16843e
3820.jpg,train,3820.jpg,297c429c482ccfc1047c0434e2392298ad5963752ac5106cbfbf0b376ef67ed0
3821.jpg,train,3821.jpg,d155fe99a78c9760ff3cc0b4063cc2b1038c4f764850bee7c59e3c4183b637d6
3822.jpg,train,3822.jpg,8384bde1cb4404d17c3279d87f07486b6afb035518a28127ae17ac026ff39951
3823.jpg,train,3823.jpg,9937d05c5624e9e8a631049b20bf3f5d0143bfae913b79e490fa3106efdef553
3824.jpg,train,3824.jpg,babd9f2c16532eb7367227838e37bf87f6cf440c2ec4b695657305a08c6cd6b1
3825.jpg,train,3825.jpg,76989e457ec7b5c8f2803f617565bab55f36abeaabbff2e17ed54a4afb4988db
3826.jpg,validation,3826.jpg,133f8588dd0bf5b79e2d209d261bb0a4b0c7afe4ea058e375d1ef76f389f62bd
3827.jpg,train,3827.jpg,5871ee7ad94c995b196dcd5abd3985566cc93d255ddf3868ca62de571307ffc7
3828.jpg,train,3828.jpg,e2ccdd7f4aadd2cbc7832d7d53cf637458ed20750186c0df0d920a1d30fc7766
3829.jpg,train,3829.jpg,ef8f8207842dc6052c7bdf90fdb28b9688b0f006b9713abaecaf4b43b205ec41
3830.jpg,train,3830.jpg,4b229d7038a129d4d368e8ea2dd697a897d7a194f797fd723306bb48f7bb6088
3831.jpg,train,3831.jpg,6aeb1a6cf7131dbf36a32feeffac01990db7005b3694324dab6f82f421ea6f24
3832.jpg,train,3832.jpg,29ac82ac38006da8f87f458e9d5c08394f83cfb30108afca3670d3567c5edd98
3833.jpg,train,3833.jpg,db592660cc2fde85fe5366a40276842be7db913c2bf69840628cc0318771f605
3834.jpg,validation,3834.jpg,c89f72881525ba5e4fb884716c4fbcc16d605775619a94149868131821da112c
3835.jpg,validation,3835.jpg,e9d22b2a7686dc0f13a2ce6e53795a6eb8f9d493886a2d239e713eff4c4e7f50
3836.jpg,train,3836.jpg,6872660916f72d7c9ab2ebb7df1f974bbbc2a078410a8133d9c161d467ea9c53
3837.jpg,train,3837.jpg,20edc459899eac5d820c69d5c886808b9c24d0363204c07fff0117da79eaa867
3838.jpg,train,3838.jpg,6d78a40526cf45ad2c2450a1e77258bd4a71d07cfbe72d342659afff51b57655
3839.jpg,validation,3839.jpg,a574ac0e230183bca959e7311ae5ef8019a2ab2364477c97b65c55ac1c894157
3840.jpg,train,3840.jpg,26116e39748476010148202ed3773555ab6ff99233a0a6b5a810069ee37ba9ab
3841.jpg,train,3841.jpg,bf4c616b0c7735cd1b8fc1cf510fd0b13a59f167aa66647221fcf403a80f3183
3842.jpg,train,3842.jpg,b1bc78160c6c3967283bd41063ad8e0431ca5bfffbba88304a2b71286630b9c7
3843.jpg,train,3843.jpg,d4173eca70a609bd63267fc68aaa33c330af3510a9db17e9acf7fb6fe9b565cb
3844.jpg,train,3844.jpg,8669743f0815b0db4acbaa95f7354e40d5d2d1f38a6717b413ddccbb9221f068
3845.jpg,validation,3845.jpg,9893ccf57b6b035961ec31d268df48478326a4cac5f60b29ee4450f46dbdd56c
3846.jpg,train,3846.jpg,59b14ab3a7131aca1bc8fbd36892db8630201965b63d0c4183eb0f075e088cad
3847.jpg,train,3847.jpg,98fec73b49e0097dc804cd3b7066b0951f5e73dbad9746da7324fa68f0138863
3848.jpg,train,3848.jpg,1237f63de55f8e857e6d0529f9ba8b348fd1f89ffdbdfdf4ce59219b910ee5ff
3849.jpg,train,3849.jpg,f3b4bb9be2e1242d43115d4c9b496379d600f774fb6a93bf420d1c9e844245b1
3850.jpg,train,3850.jpg,d42a655de7c89ae4eacccae0536f943541246a137471eccfb4d76528d32ca320
3851.jpg,validation,3851.jpg,046be17e585dcca34943f0846896d591491095530ad8cbbc303b52196301e45e
3852.jpg,train,3852.jpg,3d66be41e583cb8cefae22327f1fee88802a517a36702c4215c864954f56fb16
3853.jpg,train,3853.jpg,5901cabd0bcf15e15c3e8de6f56ba25138e39ac997b7d344cc4f37a40b258c31
3854.jpg,train,3854.jpg,2dc97cc10272e3c34a5117db39685a063a00e0617888029306380cf1221074f1
3855.jpg,train,3855.jpg,772b551af4522702e2cc3d9f48f602af8693ed63ac0fe9019fcc426ef1e300ff
3856.jpg,train,3856.jpg,e761a200332d314d3ebe41cc0935862814d5f90f29cebbfbfdd68ba3e7937c05
3857.jpg,train,3857.jpg,dd58f524a79b3cf35bf90000d03cd5fe1fc08f527cc403f6c436b14cb128a5c7
3858.jpg,train,3858.jpg,0c9c2e610f73541c703c0749c28e3b10076dd46cadb034b1ca2346cd419151c2
3859.jpg,validation,3859.jpg,32f4a6dc780a6eaaacd454a624e89e5a5f00b857fb7670840123f75ad760d395
3860.jpg,train,3860.jpg,af6824bbf2d58050c301f9df8b0f899c20a92c08f5ece36932f93e46cb768526
3861.jpg,train,3861.jpg,03c3e42144ac0066f54a6fbdebd16529384723f414d48bd6c795c707643700db
3862.jpg,validation,3862.jpg,8c374e44a8b6988eb10de7bcdda8399591912739bc2f40f84b765f805412d147
3863.jpg,train,3863.jpg,a8f14ece9b798c988fc3db4b156c39c7c4203c1921266fa8e212c4cb7f6c6e20
3864.jpg,train,3864.jpg,450da18c2146cc5d941e22e7101ff231e459f5cd890511cb9eb4bea3ae9c5cf9
3865.jpg,train,3865.jpg,1134c26dc1d586f104a9cccfc0da255d50e606aabef6945d386c4289fa384eb9
3866.jpg,validation,3866.jpg,0ad29d03292680a5dc89d23e46ba8bc98a1f49b389501bf0146dfcd1491e620a
3867.jpg,train,3867.jpg,8f3b992368568658016383f2200a49b9a0abd8141a59e757dd0e952add9e3a68
3868.jpg,train,3868.jpg,8c13e4e214790b8abd332318af4691491e15a78ff85bc21680c3fdece20bac5c
3869.jpg,train,3869.jpg,d7daa335255168404f536e847307bd07009e6daf867aeb2c451693d1d7612de3
3870.jpg,train,3870.jpg,ac97f815694b9dd10228890f42c4c5c46d08ac893ea8caf0ede8d93638719dbe
3871.jpg,train,3871.jpg,3f3be0da147c1d24e69393d3220ee23311ee66f69968640a9a5ba5a77c476280
3872.jpg,train,3872.jpg,5060b66d0db0f22de8647115a1aaad1769ba476615a48b957169f4fdcaeeb0f9
3873.jpg,train,3873.jpg,638de9aa4136fbee8b1e41e244d99c5dbe508c8dc56c34c89636ae3d8df9ea42
3874.jpg,validation,3874.jpg,a04620e2e6d8ea8da9358bdc2fc28f7bcb6fe88fe9b42eeb406a130fc3946046
3875.jpg,train,3875.jpg,0923c58c83fd6e04edd3d35ba753a19befb74812a0d0c2ff40e571aa71c94646
3876.jpg,train,3876.jpg,8ee52402a9e7dbbe447771543d4a8c2cd1557977c32260340aecb205a79d2940
3877.jpg,train,3877.jpg,557774147cc61ed2adecc21ca4425e0c95c3abb186ea51e36a3524ef22e08fcf
3878.jpg,train,3878.jpg,840d35d892494c535bafe3fde0d5dcd47eeb35a1d301e8dc46aedf16d467ba60
3879.jpg,train,3879.jpg,4d97be58f0fec9e443b0c8d32d019b4a07086e1eec0b35048394ca8a1982b4a1
3880.jpg,validation,3880.jpg,ac4e5863510d40383cbb51bba9afe04c5b9ea8b8b664aa508ad15f2378fcb667
3881.jpg,train,3881.jpg,a10615c1bbf79b88b330532d93a755b0026450d43b4b46b1eef3f1057e3650f4
3882.jpg,train,3882.jpg,60041467654e864e749ebd7ceda553181b3c555f276fb3da170f3042ca11462a
3883.jpg,train,3883.jpg,330b4c5abb769b892ef9b7b3c45ef33b386ec6459a202c3c2c23050354fee126
3884.jpg,train,3884.jpg,cbe18acb74e5b80f36877be4c32671d6e158425d3c4e4c6090a6834f88af1e06
3885.jpg,train,3885.jpg,d15be660e0355f13bbd35c91006ae2cda682b394b2493bb795faa373a850265c
3886.jpg,train,3886.jpg,07cc7aa66754c6843343f886915047dbca0d6139b2d06c4609841adf8c0afbfb
3887.jpg,train,3887.jpg,d2d342c815e366cd91dcbd307359ca81b27a9d281cb466bc6dd8ff83493a5975
3888.jpg,validation,3888.jpg,e2fa38f5abb27ec39f6f4ff9e9e39d5320e7d4215f0f8ff4d5d064ea20b083ec
3889.jpg,validation,3889.jpg,2d615ef3aaa018045d860736dc39f5f908f0c274118b7546809eb69f486e5c08
3890.jpg,train,3890.jpg,ca02a8c3f78dc0760645487f4e609c3deeb06fa76172780183cabb9824a74411
3891.jpg,validation,3891.jpg,4832001eda7c2c4c72eda6f8da4ef2c5840db4cd81e837e485ed9bddd883deb7
3892.jpg,train,3892.jpg,b50a0879bfc6cc93ed49d15a4e38154e0f1e84ffe1f6060297490b91eda5a0ba
3893.jpg,train,3893.jpg,1e82254e18a2acf21d91ffa1a19e2c0f3e74668f1b29ffaf7547f7a3535f41a4
3894.jpg,validation,3894.jpg,eaf803a9565f04846724cd0f21d889ba2b19acaba3505ec9255fa9009af0d490
3895.jpg,validation,3895.jpg,527bb0c0988e3c60c2ca987800f58c91b3445a8021f274a3d527d3901befedc4
3896.jpg,train,3896.jpg,b9503228f6dd769323a4f900f2d3615b24bb7d0f38315e7be82b874a0b0d2c8e
3897.jpg,validation,3897.jpg,a5dbd3f774ac6c0b6ddac52e4344c5ab49d143dcdca1d0e5d9f7fe5dfa6dc09b
3898.jpg,train,3898.jpg,73efa8f54e66940eece14c5a6eddb0ebadcadf20f10718f906fe83bfeba0a72a
3899.jpg,train,3899.jpg,4b2c14188a23f7515c52cd992db4fe28af5e057a2d4660245613b333f069a52d
3900.jpg,train,3900.jpg,a971ab810826c0edaca2a20029bb51b7ade5b074a2a3aff188122c7cb0be7071
3901.jpg,train,3901.jpg,9394e36ccc9e63483695efbd209bbf4f2cc79eea5899e5f43ae8ba8c8a3da030
3902.jpg,train,3902.jpg,3bef0fb365bc3c97b2280217dc20350934a2793ec4a854307b1ce88524024b61
3903.jpg,train,3903.jpg,01a99eeac7069e9e8be1af1e5da45859faf208021ed81efe87488ecaccc59e2f
3904.jpg,train,3904.jpg,baab1d5e2e272f170035e4578b30a39e26502e31ea8196715c729d31449788b6
3905.jpg,train,3905.jpg,8e905e2b809520548a97d55f222e1a97a9b10b629b6ba56b42b82d6f049b6a29
3906.jpg,validation,3906.jpg,5cab963744f5a47a3a7e2f3aab24ae9cb7afcd55082e05f3f4067f8453436d7f
3907.jpg,validation,3907.jpg,5e3a252e04bc22efed0dffb32f9ec4c8e2ed52638c05797117df31dcfd696bca
3908.jpg,train,3908.jpg,6aaa327a98abf2ca82213451419a68cc45e8f07dfdf772b49231f5e56ba0791e
3909.jpg,train,3909.jpg,1d8bd1832d1f24d2bdcf9376ebaaec520591e15891ce523bc49a271812a6ff8b
3910.jpg,validation,3910.jpg,9145bb604d897b2764cdafcf6ecf11b24c4d8ab6b4cccb861f3e1683e0f80b70
3911.jpg,train,3911.jpg,16036d2b2ec9d27df1225b41938fd39d00d82a145f275643a980e8d8991e780d
3912.jpg,train,3912.jpg,17211b43b0f35297bbb4a92eacfee3b9d2f0c2c6078cb783aa28479448494e95
3913.jpg,validation,3913.jpg,178d596c8d095248f90d64decfb56163b19fdcc148afcca10c0983883f0709f2
3914.jpg,train,3914.jpg,77165fa1226f6834eb628d3dadf660e1055ca4f7802e34ed424d392d0317ad99
3915.jpg,train,3915.jpg,388850c1e2ed3de7353ac93a19822c64758bc3fbfaa72c3d31ef6cf216aaaff1
3916.jpg,train,3916.jpg,aafc2e4f306750fbcfba784a70da56a7bc61846a5ac41a2ead3a821e411f7cf1
3917.jpg,validation,3917.jpg,9ad7185cc232f24288da4efb72d2336e8cedf928935965b14bd7a439291d89d5
3918.jpg,train,3918.jpg,4aa370ed8b5c50eccaa70019aa2395da8a6f4d2e0e7202c185bb543e3c42f63b
3919.jpg,train,3919.jpg,a650b67a6de3dd364ccd3ca3b0ae4bb58143a1b3ed61e33f62bdcc0bda1e2448
3920.jpg,train,3920.jpg,efd456e04607f2ea16152aa89917086bc08309ad61ec3787524674ff06a43499
3921.jpg,train,3921.jpg,f0b1384b25d1ecea42501dc9fb577418c3304f44ac3cebc48e3e50880162fd8f
3922.jpg,train,3922.jpg,e190d3993477e4cf9e3898d81299237763f06d96c9d4cc03ac9b065d1e210f0c
3923.jpg,validation,3923.jpg,a50270a1a300e3faa7060591ca20f9ec168aaacb285a9488af9ec8a5431d5754
3924.jpg,train,3924.jpg,0cd596c794c74e4a2efc4ca905533108bba29556b0ea936ae8d0f2d5dc4a1678
3925.jpg,train,3925.jpg,131cfd2901dbc3f5aa4f3592099d3d55f5988a01906d77f238897c6510e51c00
3926.jpg,train,3926.jpg,6939cc466a0273e76433ce075513824385e9cb22baf7b15250b2cea68a0fda24
3927.jpg,train,3927.jpg,741396fd1c47cd385435588119131f85ed667603180d10ad4bbb55889fda4e62
3928.jpg,train,3928.jpg,2b7afe751f7bce3d961da44619d4178bfb7dc5801568273dc4e6182c051087be
3929.jpg,validation,3929.jpg,c2eb623b386ff613593369dd0b36bb6027191328de42dc47c73703cad58fe4dd
3930.jpg,validation,3930.jpg,547484d31dbe552e4d302c8da060ca94463681412d9b2b64cb00aff74642844c
3931.jpg,train,3931.jpg,ef3e22e00e515817f8a407cc2f5a8d337ad68c7355d3e8373b6ae79e9454894b
3932.jpg,train,3932.jpg,5f643d871592814d0d850991545e91dd05fd92e77cecf8472dc2a5ab8b11e811
3933.jpg,train,3933.jpg,1d991c07a1825e0e5f3657db573e2fbd8fb42e26e0ef75b621bb17cc3adb7b3b
3934.jpg,validation,3934.jpg,ce08fcf678b65c1d091f3cec3ff5abd4143c2ddb880390c08fd087d1f8f02d82
3935.jpg,train,3935.jpg,dc1ca4b1e28950b5b6ca1c64fd8d18b74c831e4d36db0fe8dfe3e69cd32f631c
3936.jpg,train,3936.jpg,aa5e4f64cea51435151350e4da52556edbfc0f7a53e6c171fbe21e75fa0ec7cd
3937.jpg,train,3937.jpg,093d77ae4cb7d40d8c08e261da262a058a699854422eb7c5623079451ad8bae3
3938.jpg,train,3938.jpg,9db99c3d3fd88c86a7e6a5da995880538a719f6b5d5322c4e91594e56ebe2ffa
3939.jpg,train,3939.jpg,f9ed94f1801359ad1262b45820cfc319dc05ffcc1ca1015b235428eaf23a44a6
3940.jpg,validation,3940.jpg,8dd693b118e284c0ca7274744c8e195b60ace9e297b680516cee390903038b5f
3941.jpg,train,3941.jpg,6f2a84a97172374278cc43813c86ad76cf32a8a2b0f80161a397be4ac8ffb212
3942.jpg,validation,3942.jpg,ab39c3120a2d4b279a20757951526d8fb7bd69c22a6c6f451487a5f1224ec169
3943.jpg,train,3943.jpg,3effd10f1b86b9c5317f51a1aa01eddbebc5b4cefdf843f040fa307fe3284940
3944.jpg,train,3944.jpg,4727b47083be8832850d66cc35e313b21440795da4602f54ac156b6d74abcdd5
3945.jpg,train,3945.jpg,b690b70da8307b82384c8e8e007845b32278a6f1490072c6462ac250dbec0284
3946.jpg,train,3946.jpg,50c87e6cf7a3101a5db4f2a3a02c9d84d966b4ba6a5f1f30bc52731e4de4be5a
3947.jpg,train,3947.jpg,b389d4f76df90430a3f93dae628be61138394bfbd48d96e1a31250a0928ea9a5
3948.jpg,train,3948.jpg,678ea83b2872cb69a7703c6d63e07c1e23a07abf1dc65476b56d1dd1a48a9766
3949.jpg,train,3949.jpg,eaa4b0561066751d9bf353312a5e170a82950f501e686f3735fe7ac2de944728
3950.jpg,train,3950.jpg,8920b7cde98efcbcd58f5a7f51ab79cf54f68e4265edb6a3416594ba7e0e9656
3951.jpg,validation,3951.jpg,df4796dcd04ef8002dd243fee528311604008b51324a18a5033c709b712a5410
3952.jpg,train,3952.jpg,6c68b18a3842e54969ea9be984f5e8f2e0252f47c172a89d529a862adbac0d37
3953.jpg,train,3953.jpg,1c4d2b6b806659c7c3f7bbb44df491170c099bc961daba6365abf7502d00c3cf
3954.jpg,train,3954.jpg,406ac4f68fc7c378a176dc5fe33a398ce897589bebe6b22f0df59c08c43db13a
3955.jpg,train,3955.jpg,76a744b876a3fd1f2605e8b45d5c36bc27c3c60bc20e298a2d0be6a5151bc0c5
3956.jpg,train,3956.jpg,87dc72d525d6000a17501f1933377ea122e6deae65eec33e9a0fd410d5b46ac8
3957.jpg,train,3957.jpg,e26c6bd8c8d2135881ac8c1bbb3b1fa4bec253f6806141477bbba3adb25272b9
3958.jpg,train,3958.jpg,4734b7ee2da37e2a50858eff99cd76af4aa656e78dd8a5b9bfd5ea0014c3c57a
3959.jpg,train,3959.jpg,9a83c3bc95d17eb6ef530b08512b36674629ea81254bade6be5f81e101d8135a
3960.jpg,train,3960.jpg,bf2982660379c270cabe73980e78a6f55faa665c3510c693941dc1f0da0d5267
3961.jpg,validation,3961.jpg,2a294facdba7cd7684baf146acab90ed650a3cb514cccc33ed2464edbbebb2d4
3962.jpg,train,3962.jpg,982486874e4652c4bd9f6fdb8677ff353d6132d1cbb12e74f8d11b56ecaf0792
3963.jpg,validation,3963.jpg,7f1f0c0674738d6e4b02b3a6939e14f23f4306f05f7639e89a31e35c25bb9d1e
3964.jpg,train,3964.jpg,ded121f98c66ff0a2c298e14d037be164f16785bcc8117aeb8eaa4926405c1ae
3965.jpg,train,3965.jpg,dafb0475966fb8d5cf0263c63faecf46cdf512b99a1dfcff8155b0a5dd76be09
3966.jpg,train,3966.jpg,2f8eeaa13ae1cb54fad3cf7aba8511178988c68408aaaab9f0830643d2563cc1
3967.jpg,train,3967.jpg,1be11faab966a2f83a3eff9717d84fffe22fa68dae767d529c60e52d98d8c6c9
3968.jpg,train,3968.jpg,92aae5ab65b3bdf87e14252b652e333af41dd76f6435a3bf6321d984b4087268
3969.jpg,train,3969.jpg,caf1805c3ac462b29d4c2a30592a4632e8107d3697242042b75c5913b455a5c8
3970.jpg,train,3970.jpg,694cc37be5f701033a8779019b4cb5125f6775a338b199c2f4560223c463edb3
3971.jpg,train,3971.jpg,1f0487e5fe22d7820c8521ffdc4cef819ce2a0f0d2458c86c1e7ea065fb7da8c
3972.jpg,train,3972.jpg,f249cb8113192156bcff628dbdbc6abcf42d3569452fcb67939109982c88a7e4
3973.jpg,validation,3973.jpg,1d19b700165fab3a9e8e563753e4672237c0e01c98732313cc069a65e0f8c70d
3974.jpg,train,3974.jpg,46b44bde72c9e0b15b4f3bb061d7c3005ee8c6f36ecef3a0d8d84588df98cf5c
3975.jpg,train,3975.jpg,41ea64aff52c897fdbe9e1a624892bcf5a9ff8dd998106da99ec5a1a1a273ef2
3976.jpg,train,3976.jpg,6b20b2cf6ce63ea9ff101dd8770a8e30c224c1a2ff436097497b8d7be2f3d304
3977.jpg,train,3977.jpg,d12a96b2b9c225b76d0fc62e54edae516c97f5332c2049e602011b521aa78d74
3978.jpg,train,3978.jpg,8d8729ba8e68b3fa45801f7450b0e03d2b4447f28951af834bb0bc5a05617a26
3979.jpg,train,3979.jpg,d60de265e58de28a94f36be1af3f2fa52ce76086ae0a93228aacee4319e747d9
3980.jpg,validation,3980.jpg,812960652ef51edd8e3f28951c0ecde9d470044afd093a237f810710976c371d
3981.jpg,train,3981.jpg,a87aa1630118b89e342a4d7f9cb63001a8b2418e194c892324a76b8433e6305b
3982.jpg,train,3982.jpg,8b3b9adcbc375c1c784462c0f8879e148b07667e1047b2685e5eda3e6de31a89
3983.jpg,train,3983.jpg,cd35d78ec7501937104a8cb9fed04434d7d877402fc25b49332076c393d343b7
3984.jpg,train,3984.jpg,f2d4a73a865e4f0f2e64b876b3665b21acba91ad8d21ba31aa886c8f473b7f17
3985.jpg,train,3985.jpg,976c174dfc1324a3426ed2b6f742524a33423958166d98497ef1f074fd1947f1
3986.jpg,validation,3986.jpg,88d8a2ff99074d6ff131aaf8222c2c44c80561be5bf985b6243d513220709c02
3987.jpg,train,3987.jpg,624cb336090ca1977f2d0ba3cc838608216baee624f66f796231c996b5a1659e
3988.jpg,train,3988.jpg,c251efa5355bfe6bd3c5f1f42873da3d14bb82be742500b4510d673ff0465045
3989.jpg,train,3989.jpg,6f1c227d6bc63fe71112544eb35b7afa2d9fe4b0597f174bcbc69d5f79ed761c
3990.jpg,train,3990.jpg,836a8033785ad9c31afcb8cd5008db8974144b8598345b2f79be8836feb3c3bd
3991.jpg,train,3991.jpg,2be52bd0c50b0eb8421786bed30f391fe83a42e59996dd0ddedaec3752b72f72
3992.jpg,train,3992.jpg,89b84fe75bc4c34d0ee124244109c2ccf2649208c40ec6a26be5ad47eb1f7b2d
3993.jpg,train,3993.jpg,9a75e411ca61c96725930926d6cfacc54fe2f48da4792c55ab76e400643ae1d6
3994.jpg,train,3994.jpg,9344d973ed9ccd102bbfcc11b61f24cde5d8e0f945708af2fe5106b8243bc358
3995.jpg,train,3995.jpg,ec540bc500e3bbcd5596ed4d1f0dd7d783ba1542eaf6723c9044d4664a4bfdb3
3996.jpg,train,3996.jpg,9fd395a942f3f12c4676ff9f5010473f6f66bb9ed3ccf5c9ed1d3809438cceb5
3997.jpg,train,3997.jpg,4155a81c9afe7d730d7fa95c8b36e012740009e5e30abb91ae0de98558be2f2b
3998.jpg,train,3998.jpg,e488ff28b92f302c7cffd407a479b7d5546cd10f9a29896e453501cf7b54dbbf
3999.jpg,validation,3999.jpg,deef616fd4e833514acad6b739774b6313e30e5741dbab9f5ab918db1a6ae000
4000.jpg,train,4000.jpg,feeba9527df287c6db216243dc37c9aa86464627761d223009aa5b38e2a140cf
4001.jpg,train,4001.jpg,f30f6928da0897924246cfc7fcf2200c479d8d939a297ecfa147f43bd59f6c06
4002.jpg,train,4002.jpg,da90a43d3546bcfb3074fcac2057d062db719552082940475e827c343c345a5f
4003.jpg,train,4003.jpg,f7b78e180a86ea491cebd76dd6d8a58e70c5d13fd2c8e729d2e561be5fd6755e
4004.jpg,train,4004.jpg,69c4601e8dbf2a43f722ddb2f9d7262809709522aa73568e40cf9b18c0c4ab90
4005.jpg,train,4005.jpg,d7dbbaf211f3e9af7968fff4d08ed515f56e6332780b0e71ad31a264e2f4f1a1
4006.jpg,train,4006.jpg,333e639b49e0babb12a78db053d4b10baf4f45764fa819beacf1635286ef28f7
4007.jpg,validation,4007.jpg,6d430df9aa2d955d107718e987db00c5b65ad74338bb499926d5a0bdefc44057
4008.jpg,train,4008.jpg,0d9694a2fb9547d372f0f01a07f67cae255b78adf953746fa9641c0adfc18768
4009.jpg,train,4009.jpg,3b05c140c53394be977c9263b9289d2691cc5fc83e6ec12a1fe2fc2fdcb018bf
4010.jpg,train,4010.jpg,b605d7a4806d5632becd2e95e747704e0b0ba966872b30b2f7d89179b74204fe
4011.jpg,validation,4011.jpg,94df157c9ac2000da1797511d70e2a1a0d023248c2c3ee1cae556e3128530cab
4012.jpg,train,4012.jpg,a13b40d9eac50199e2078cdf3d35421194ce75236bf6aa6147e949cb9fa841a9
4013.jpg,train,4013.jpg,06cb4d9206b769680399aab1f79fbdf9e7b6e7026eabca1c87c848bce3335c07
4014.jpg,train,4014.jpg,09e0bb29280390f844e8c6cab63730bb222ed1dca4321674faa6ae59bb21665a
4015.jpg,validation,4015.jpg,97daca41c82baf992d6503a8b5df13be4068c2f389622b0bb780bbfc6a79cb05
4016.jpg,train,4016.jpg,3844efaab39382d0c20cc92118546485b3977834cae7d17fa96c7c4216a24083
4017.jpg,validation,4017.jpg,c733c452cb5afb37011fb97ebe68a363ab527ee693ccbefc3238fa3369b72c03
4018.jpg,train,4018.jpg,e27d40b83f249e72fa10da968b3251417757e1baba1b26da0360c7444d26268b
4019.jpg,train,4019.jpg,12fd019d66d0a4d6b99b2066d459f6917693d8aace2c3c86f09db33f26933a77
4020.jpg,train,4020.jpg,3694374f511da430bf9635a5e769d99258575655e172af03a87388089d59f07d
4021.jpg,validation,4021.jpg,b6751f032cab7fa6a308d4c171b3d5a1bb9728ed24fe7d02b6062c95fd95aeeb
4022.jpg,train,4022.jpg,66b963248ecf283b752061e8b388650daf999facb5f9904d46101df30cfa63be
4023.jpg,train,4023.jpg,1a25489b298473068fab3eec7e50d98af3e69aecf6750245022b25f96976ab12
4024.jpg,train,4024.jpg,4ea6243f5d3a1a92b59fc0ad1b96b1034faf6036293353bb5198e5565f0c3f83
4025.jpg,train,4025.jpg,b12fad68e93be130b58067c79f0828b1dde5b499abf4e113284cad53433de88c
4026.jpg,train,4026.jpg,26b50d9d4fa23188b4c568ea33140df64640f92e94e8bee0916ceff964a3b45b
4027.jpg,train,4027.jpg,80678b5eb3db584f27c3aea5035bb2e20b858b0aada9ecb317bda07708e75fbf
4028.jpg,train,4028.jpg,7becb0f81ccc27bb40e6f12a33b5bea14aa945eb01d14f37e695e54044ceb607
4029.jpg,train,4029.jpg,3421fea72d35b63609c7edb51c30fb4300e34fb87aebe317fac422f59afa25c2
4030.jpg,train,4030.jpg,ffd01391010b76774bdebafcb13c45c8a58c5c9ccae0ad5f4f71feeba169347d
4031.jpg,train,4031.jpg,bc69005849415296d41c191ff0b49b0429f7d6862c28dc23340f7f3ea1f29ed7
4032.jpg,train,4032.jpg,29776931e699d1b7a45c3dc8b6467bfe5a55c9a7161f145017b7dc487f1b3ab4
4033.jpg,train,4033.jpg,cb20ccf5fd4241738d2879343e11471ae152c7b4b66153691ad7b758e0b696ab
4034.jpg,train,4034.jpg,40ef655930561c7433a9b3718d777dbb94528c18ad1f78ea9d2713c4ca03da41
4035.jpg,train,4035.jpg,2918d7d3b0fee45b88b48bc2c55eec4cb36871145a96454e650a6809c0134ef0
4036.jpg,train,4036.jpg,314f985310e12b55401fc528b746dfe6b6bcab04eda8a77c551ca3ef95ccb1f4
4037.jpg,train,4037.jpg,69ee35170e3297b9e53802da562d43542178ed965cda64cf300b7348f28f4fbf
4038.jpg,train,4038.jpg,694d63e70eceb407c7c5625a2291e20a80716d065d4318878c4b4e1a8b6b5c53
4039.jpg,train,4039.jpg,e29987472a2e8df40091752c32bbbcd3f8632c9fbad16d4961397c63006d9d68
4040.jpg,train,4040.jpg,0a50e7ea835b4723ea2d149eada2a65aba8c8a769a1f939aa5da1576481862a1
4041.jpg,train,4041.jpg,a0abef6a93aac473763fca6eb32d24da24dc7d0df15f8eb3bf6ca50956818b1e
4042.jpg,train,4042.jpg,09a4b30dfd59999993b5f2649de26d203951142823ad54236bcdb3a2a7213868
4043.jpg,train,4043.jpg,76b78775874d2d25586f49dcf18062ed18b2152cf01b438914eced43893f4648
4044.jpg,validation,4044.jpg,4da68017bb04395c4887dff7d43b69cbce076298f09a9eed2528668eb6a29b06
4045.jpg,validation,4045.jpg,8b8644d2e4fd583b7db99c9c4022e1508c0ad72010941089e6804b89cb2bd7ec
4046.jpg,train,4046.jpg,ebe38f9d411d341285bd41002c30ccfad1abb1d052e293dbaeb5ccb44528e310
4047.jpg,train,4047.jpg,cb209b8b87ea60e0dd97d44810087592268153d4ce1823cf6c8e96ae827c9c24
4048.jpg,train,4048.jpg,33350c6c614037d36e6dcc46bce79605d6843cc785d0943a2b8eb1d4bac18d1b
4049.jpg,train,4049.jpg,5f9ac9578e62c94e70ed991399348324b8b9e92b3ec560790e49efccb2f200ea
4050.jpg,train,4050.jpg,800aaa8472e4bb349c48cd3314eb502f24c0f79715f18449a7a5c09f88a2c943
4051.jpg,train,4051.jpg,02cbea15791a8b80704705d98040886cb5295647347564a3c3a0a8e9caa0d45a
4052.jpg,train,4052.jpg,1598a3e4eadea69da6b1b77202007394f8d40c1226e0336a3021e3a5f904fddc
4053.jpg,train,4053.jpg,5f345e02cc1a45b68d0cc4bf49d5f77125dbed797270ecafb22794afe781af3e
4054.jpg,validation,4054.jpg,94f0465abcee7306bcd614ce8d521713e635e680de9a52e06ebb49bbb035a017
4055.jpg,train,4055.jpg,91fadeaa3d4d4cd7c8dbb1d98381946fc6c5b5ae1a7c4d59421467556aed1666
4056.jpg,train,4056.jpg,a74f93e1924fc982a3fc9d360a3c4b99c844cebed965e3674d8bb8c9d0182542
4057.jpg,train,4057.jpg,504b8ac1d9fffbd738398300d3a71f57340c673db6b06c74653de4b88df112be
4058.jpg,train,4058.jpg,3bb05b0523e89cd3de1547460780d1b93df1655f8142c045118fe35078ed3103
4059.jpg,train,4059.jpg,fdd6ae8d85095e376f56e2a40cdddd9996f9dbd5bb1eb931a6457994a874c548
4060.jpg,train,4060.jpg,b6fd05fb7d82827b60fea41b268249ee119ee3f13e5285c4bbcf30d74a06e211
4061.jpg,validation,4061.jpg,e661d1436287a5329010b376b144b93ab8d7dffcf6c14d1ff8ffa345b52b0c81
4062.jpg,train,4062.jpg,f92090410359c6c4c1e9fcf765dfd63899f597b1732b1d59110ac02e743fb51b
4063.jpg,train,4063.jpg,7be0f5229c9a87b7c0a262c2122e781e5ba92fa665a438cade36f8abe8db75b5
4064.jpg,train,4064.jpg,6c2922241e137f8176c41aea4934c8be0d45b7a207b079c255165e5af05bed58
4065.jpg,validation,4065.jpg,509fa70de73acce8bb28d2902bb9f9fa39b6ff9f92fc948ffa9a22a54aa03169
4066.jpg,train,4066.jpg,2cb893505bcba0541e92a73ab49fb50c7a3ce7ffb2c2c2774a4f53703b96c908
4067.jpg,train,4067.jpg,cfc65450c5020d5e8c0eda647ad22a66b37c1cb8ceec36bfd01ec6adda9b9d28
4068.jpg,train,4068.jpg,c863f021032938bf3bf68d573e2ae1edf9554d76b968375ff290e55959962825
4069.jpg,train,4069.jpg,82b8e2c55daacd5f8685621455ae9d1c4ba136444aa778e25920dca9cb0b8b05
4070.jpg,validation,4070.jpg,0ebd54e23db4c97dda41a6a4617e642e53a81434e59962b29f51a1936cf9f22b
4071.jpg,train,4071.jpg,dc79b3884c99abd62dc51246225905e673b6b9501507d068edf148bd36624b3b
4072.jpg,train,4072.jpg,f8cbf95dcd7f6666c78a31d11f8cde77301bf11a3e0f85ea1e723de01c34e826
4073.jpg,train,4073.jpg,857f6989f83d9fc003a39bc5f5506d90dba27fb18a07d2a106418428a703d64b
4074.jpg,train,4074.jpg,59bb9c34572dc5b19dde9ed6daf826b231117eec9a9da34ae5691fb4ffb2ee1a
4075.jpg,train,4075.jpg,93a56d9c1a67107cb9578de190e5801e15ec0fe53016dcc28fbcabbae5069eca
4076.jpg,train,4076.jpg,0f8dd7c34e5dce7127a1d8954141afae70d34328499bd179d8a581d47fc20fda
4077.jpg,train,4077.jpg,ebe80619db69cf1c5645fd4c6630e6bbaeccebf7fb047c747e89dc869c9854a9
4078.jpg,train,4078.jpg,5148db2643ddff474b32cb8f789b15c35ca0f3f33a000eec8c842e67eb5c46e4
4079.jpg,train,4079.jpg,79d0ab38335e487aad3c02d00861f15bf50ab6fe3482fe5028285e7037bbca71
4080.jpg,train,4080.jpg,16852fe003bda78f18853ae2cc2a4be3627a2a1990addd779ef5d1f1d6830262
4081.jpg,train,4081.jpg,95ba1c38d4be7c86c7e1931e9526b4ac6689d9149058185d64ec852181be6cef
4082.jpg,validation,4082.jpg,6071c7d4a1d325feed7182343fa851e5d618970e76824db945b969a634026559
4083.jpg,train,4083.jpg,f9ef0da299c776641ac48500a33a0675b33dd2c39e001f0ec8191b022fb183da
4084.jpg,train,4084.jpg,472ab0ddb39241ff11e6c46f19e5057966c87578116fb08d60cc02cccfe5f539
4085.jpg,train,4085.jpg,12b9e8496f874143a3d7ced69a27ffc73db2d7a2e590529ac986584a76d973e1
4086.jpg,train,4086.jpg,8c3f836c099eb8e01f8de972bb938b28e9992830104f6628923a93279f8efca4
4087.jpg,train,4087.jpg,71f56dce65ba4f1e9f5dc2d02d4dbe5c2484cc9777b21f200ad2c163df2d95aa
4088.jpg,train,4088.jpg,377ca2a72c66dc69f0b45a73c8f120f89e1717d10c57e6711046091af5809c31
4089.jpg,validation,4089.jpg,2e2c3634f05429cd5117100bd2c4bf8f81a6abb7e45730a3ffa7fc558a7a247c
4090.jpg,train,4090.jpg,5f6cd53838fa8e3ca2c4a2dd97f95a0b00132f1f26cbe797060e6d4fbc90a7ab
4091.jpg,train,4091.jpg,9a842b479c4e913f84496f3d28d8df9d12a50a50d5e02e0763624c1378ba8856
4092.jpg,train,4092.jpg,f20ea03bd8b59fb780ceec6e87c15a6c08074ca1e0a135feb5a5a444dda0b135
4093.jpg,train,4093.jpg,9f62c842fb04f3c885510e8b7bfeba7c0721c4680ce2021a076548ce4813083c
4094.jpg,train,4094.jpg,4281d90b3c38a84abad82ce791fb911a4e5520fd67fdbfb25ee496e75398eabe
4095.jpg,train,4095.jpg,57028e0925ad53300711c416015b4cdfc10d830ccf03b28c8fb4ef7d4b84c4a1
4096.jpg,train,4096.jpg,167d55f5eaeaf84435071981422ef926a02def2a2a75bde7169419846cb4fc88
4097.jpg,train,4097.jpg,4f2c121d1091f94d4b80452420dd7f83346eaa46ff7add1e6d269af423d44c21
4098.jpg,train,4098.jpg,854f3ee45467337369c21550c6a528c7a7ab3df659748dc644b1c15d1e0e3c9e
4099.jpg,train,4099.jpg,9fb58008bf1380765f7c9301b1fd6444996c3fc9ac9f348c0ad7cc52cfc04f2e
4100.jpg,train,4100.jpg,3a5de1b625e529af0d70fe238a8119f0d5ec7859d61ff14a7114e36a4118f637
4101.jpg,train,4101.jpg,65a863c3d05a70c7b347864e21f802a9047d32e4a0ab6fefb55d68bb70e65540
4102.jpg,validation,4102.jpg,d346e0e3cd6e45ffb343b90f2b9cc569613a0b2b7326d9ddf7bb6243bd210fc4
4103.jpg,train,4103.jpg,23aec5b809e7bd18848076da4ca5288f10c809a5ced5e7ae3dfc2b7b05df6667
4104.jpg,train,4104.jpg,1e3623894707661f0183c7bb7df7783af7b7249696b8a7d8e3701b168358133e
4105.jpg,train,4105.jpg,09a8888b3094779e9affdef66eb8ca7893701d13a6a57fd24b5b7eafa39203c5
4106.jpg,train,4106.jpg,39155a40ed9d383b0cbd7ec93b2f61d26a7b100798ea093f8d56f873b19182df
4107.jpg,train,4107.jpg,7fc3568c82ee162da6c0ff2f415f3287a93a9633fd6556024b79552e1091086e
4108.jpg,train,4108.jpg,4130bd7126bb329fa8429ffb95e3e65d9910595e70451ef0648a28d1f55e2956
4109.jpg,train,4109.jpg,d03f75952b5927ad0a491bc29c5c5eaf451d437c48bd7815985720d290823449
4110.jpg,train,4110.jpg,478a0514b1692d99402de922558feeb70e9fef7b7f4731392d82b129ac4fbd46
4111.jpg,train,4111.jpg,2ea5d442841b31522cd4082617f363d0179b42c5ecf9d860debf18456ee36121
4112.jpg,train,4112.jpg,834172fe9ae1ea31d9c567cf2f9f4501511502e2583a69d9b98cfacb0657a06e
4113.jpg,validation,4113.jpg,5b8b0886ae0bac26d63c71331346fa48c56b800d45d2906b643ceda4990b6e63
4114.jpg,train,4114.jpg,a745b4fd11b74e07ee2e95c7f57281a73ac2279f5180617c1c51c27a4c5b78df
4115.jpg,train,4115.jpg,94f77499027e4e5a9904e2466b22b93ac341ec3722d39dbd8a691dc6fdc8d908
4116.jpg,train,4116.jpg,27450261af2f7ecac91be573d5f7f88faf2d495303c890965a250e6cc4f65625
4117.jpg,validation,4117.jpg,6f521209aa0e6aba6781585095552885b0423c3e0323b1cf9583f17b01414686
4118.jpg,train,4118.jpg,a540c686326aa380ebe461d43023d0091d391c8d42cb8f6ab16998276876c397
4119.jpg,train,4119.jpg,65094a0ff891638e7811a2dcba9f12eecc7c8e612d71e98794a82a9b5c1957ad
4120.jpg,train,4120.jpg,13b72c4186c9b09883a96a0f9dfc508c11c22a1152b423f188cede75de7b0c8d
4121.jpg,train,4121.jpg,7bba2d12bb64b9e6050766392a28e109791c62b53a009c6bef535c0b1c3f142f
4122.jpg,train,4122.jpg,e2c21e76d3d30529e51a3281e19e429967c21103a0643f37e49a3bbb5b580ea0
4123.jpg,train,4123.jpg,d49a62024ff3cdfa2bf8c3f49db30784a8d8c474716adef346b91e408d89efa2
4124.jpg,train,4124.jpg,e75f0149a6196132ee59835ad79668cbd499d957b46fe179cfa2bd3da0d1a1f2
4125.jpg,train,4125.jpg,5c141385d9684fee5ceca6098a8ccce926180d11f27c5e93f488067421b6cc17
4126.jpg,train,4126.jpg,e58fb8ec361b64bf84a1f93331d54084914f0b2a45ac32152fd3efd791d4064f
4127.jpg,train,4127.jpg,a6b5fc49e61c2622a4c4a5dadd77e6768c1f655b14d0900279844baa6478f062
4128.jpg,train,4128.jpg,32da5bf7d3233bbaca4f2aac3c831d8e8565995d83f2bee9dbbd4f5e04321575
4129.jpg,train,4129.jpg,cf52f24287e0f6e7ad3c34ec3e2d61a9c6dffd8339d9e86f493aab4c2a3c734b
4130.jpg,validation,4130.jpg,5d8748da45e77aa486dddad705cfb5811685eb479f745c682a3158aff5d3ce8a
4131.jpg,train,4131.jpg,73b8c9b0ccad1039272fb06f88c479c3fae5b04784c05a13ec9ecd0e38c84a3e
4132.jpg,train,4132.jpg,f7d41698a089499d014e3849694059f9d007d03693e58d14d65032a183d7e491
4133.jpg,train,4133.jpg,b12f2db43202568ede3577b53651efd79811a76b4880bd382921143e55272bf9
4134.jpg,validation,4134.jpg,5ee700015db50a86c6ed8e3389801c0735303b3a2dc34bae3962a11e182d51cc
4135.jpg,train,4135.jpg,f6af2c36a63541ae60f402a3dad0eb7b5c840ea7948d574cbb73ba642fb97238
4136.jpg,train,4136.jpg,2cf1f9d11a7b8918a1fb1b177a979e0f6e7a02424511dfbe435459d315c2c0b1
4137.jpg,train,4137.jpg,04a8b2e33ecedd6f43ecd6af9d7d587d7acb7390a17394cef328dbb661e7cc69
4138.jpg,train,4138.jpg,08a567ae1ebd89728948005011faefabe8650c3936c918f28e6ca55175a8231e
4139.jpg,validation,4139.jpg,4cd7c2f00dfb58e4a4dcb9394893ec2e62608e2f7b5535b128ee31b9dbcf9279
4140.jpg,train,4140.jpg,29d1224dfa902b8adbcaacab0a3c3b54549bdeaf46020ae55cf612c36abc5863
4141.jpg,train,4141.jpg,14fb25ddb96c441f051c43afc70225ddd5e65fd89ff08fbe7b0e04a970070bc6
4142.jpg,train,4142.jpg,622402dd86f054e3031ac37ffeae04270024c601ea410d841d83c0a85c62a610
4143.jpg,train,4143.jpg,d17f599f81b24e42a59f3ab30e9849c0c1940a345569e6635d7abf8292734ae5
4144.jpg,train,4144.jpg,6fea3d5acdf4d9ef3c94602d70618043dc91afbea151f1f9de4450985f44b19b
4145.jpg,train,4145.jpg,f8f62a40757430378aff544ffd7b10ef409fce21cebc60d582f9eff5d7ecb4f2
4146.jpg,validation,4146.jpg,a8ea3d6e8c4dba7f63753a1f9acbbb313a9e768f41504450ce916537d44334e1
4147.jpg,train,4147.jpg,349a7abdc3588177451663aa873f6c875a2fb89d6b01dabf6ccf13a31b30c01d
4148.jpg,train,4148.jpg,0ea7cd0345013186ebbee7844330cbd26a6e6261f4aae4fdc20ce27f9187b9f9
4149.jpg,train,4149.jpg,8cedee70125cdb0ce46cd7479e81e995f7850faa2a9e0352c38964d30b6e2ef4
4150.jpg,validation,4150.jpg,c4dbc510973139af9c4b69f32ba374599d8c0f2d986e8bfc332d4107792234f4
4151.jpg,train,4151.jpg,9375e74a82a49e7e2b696c074564eca623752f423d75b71c4980528a9b668356
4152.jpg,train,4152.jpg,3a8f7697835a87f122325714e1ac3fbe445ec157586d79cc817b7fbe07c95742
4153.jpg,train,4153.jpg,d22a76b7697cabb03130eef7e389cabae95ec1106ff9e445f558201ea2533802
4154.jpg,train,4154.jpg,3f6d71e3ad32a57687738c398c825d521e2b381f1be1b949318f0c8999f108cd
4155.jpg,train,4155.jpg,037535750823567676eb5ff44d0a53641e39fd89a79c38aa54c31c5092f2efe7
4156.jpg,train,4156.jpg,cb68ef09bc894f90227bf25bebfc8f641f943c669ccd92be60b2e4682aba9ab6
4157.jpg,validation,4157.jpg,7d13ca05875a03eb747446d2f7bece6e10278c94aa292266be898ee9973a01f0
4158.jpg,validation,4158.jpg,4448ed9994fc80599d7c3ce52c7f952c33927726e0d1eefe492e7df0aebf39b0
4159.jpg,train,4159.jpg,80aa56f93e2da22a1c00fe2ce4ce2a0af59e920ce2ae11dbaa49ad2b7243ed69
4160.jpg,train,4160.jpg,d50557c1346fe86c6930f672aa00f986e5c498488b7d97f09a85abe7e8672b9d
4161.jpg,validation,4161.jpg,9f2eca82ed8fc59c2ceefbc52273d9db6be784122655212e0645a4968fd7e7e4
4162.jpg,train,4162.jpg,5f1b86b30abe543b087ab6e4f2b2d0ccefd18b0e04efc66201d5a899540bdbeb
4163.jpg,train,4163.jpg,d7f66da6fb30ef2234396e24a20188e4a6a50074ae39634b4c8c569c9864dee9
4164.jpg,train,4164.jpg,5721091ff7f929008ab840786ebb47e90c01e0140a5d89befa8905ba686e2139
4165.jpg,train,4165.jpg,f496d35ce2d99dfa8c728ad459f49ca73935d63e09274672e68c874a33fe74b9
4166.jpg,train,4166.jpg,363812664ed23ec7f8a5c0797d0a84bd3e964d6f5bb21bea257028ea3b9e178b
4167.jpg,validation,4167.jpg,12d455dd2812930ad19dfa25fc4b4277c5f643177c0fc95912f889bd921f486e
4168.jpg,train,4168.jpg,ae43386f9565656a0791dc706e7b4c2c6fd80975ba6c590a223ff5e3bb8fd8af
4169.jpg,validation,4169.jpg,298fca290cb69323ab5b5a4dc829aafc90b688eb6accb67aca7027a402f6e608
4170.jpg,train,4170.jpg,63488bf906d8dd81bfeb83510c8767be9e5a2c3ed8ce80e31924bcfd86a76205
4171.jpg,train,4171.jpg,81b13c4a8c00c24cb5e005449441db5ae03f4dbe4a0e2818b8a02231ec4bae54
4172.jpg,train,4172.jpg,c787b0808b9b2343f8a9f89d2e8cd1f283e23cca02b00ed19be29d38cc7e85ba
4173.jpg,validation,4173.jpg,831d6763b7f48a6d9322ba8fc754fbb3986e148d4b501fbd8608198939789128
4174.jpg,train,4174.jpg,40065b2553a4c5d7f987e35cb0a1c5541de25615c4e29d4a5f5c61c9f2a12932
4175.jpg,validation,4175.jpg,a6932aa3169bbf44dd137f6fd39af7972e8455699ebe94ba043f54f4ee892266
4176.jpg,train,4176.jpg,ea5b07d69f7a3301c63c5717c5ef7bd83cf609d4399fed664289745662017ddb
4177.jpg,train,4177.jpg,17a7b70fa79819c738ac6712afb0a2b1f26b666905c7c3e46851c5f9d30e3ecc
4178.jpg,train,4178.jpg,b239309beda2f1f1d8fdd3c41905f1e2def0517e62c087a09393c8f0efeef035
4179.jpg,train,4179.jpg,4fe205836dc9a50948ea4c2ca027246d893de27cfb407d5444481e8cae71f4bd
4180.jpg,train,4180.jpg,219b83ca2bd36d02fe7ade1f0fe3701dafe6798131298b203792e4c46cfc2731
4181.jpg,train,4181.jpg,2b74ba211ff2b113961fa9265fe4b01202e13f6eefb33d667dc3609766f111c8
4182.jpg,train,4182.jpg,90028c15a6425fa5c1ba9d47f157bc61c612472e40bf2683cbfa22a35e062e78
4183.jpg,train,4183.jpg,b72ee1908813a74a55d2fb907b18bbc586140d95a5cfad198b806bf294219b69
4184.jpg,train,4184.jpg,4f7c136f3f93d3acd607afed0519b4a5f4a32ad750bb2ce2609e80b75ad0ef0d
4185.jpg,validation,4185.jpg,8a457e27030da2d57ee78a46e08f78297988f5b3fbdc3bff2e60bb3f8ed3e4e0
4186.jpg,train,4186.jpg,df2e9c3b11e3d2133fadbcd957ba815318458d19c3ac5ae116e6d8e034a87d03
4187.jpg,validation,4187.jpg,d0276d96fc545065332eb7ebf0afb5498e9818253bdecc8faeec951b792a2f91
4188.jpg,train,4188.jpg,7efc84b5fee53448dfe062de5026f3466033382b09579e6173a203616b776c48
4189.jpg,train,4189.jpg,850c499c6512d5bc02d6381015f2ed2bb030460af46d05114cb719cd595e0583
4190.jpg,train,4190.jpg,8518bc1d95a277f67330014aba61cb14969c792d9cd7875a6a23661b79d7244b
4191.jpg,train,4191.jpg,eabe18be7fdb189c22c5023b239b7ae2b62794557ced618d97236a9f023b4a94
4192.jpg,train,4192.jpg,a8f5eec4f107edcc82d7bec0188cd39328e8b80a1e92c8d58e1253b1b083ef68
4193.jpg,train,4193.jpg,e3820d8f955f0f4dfe57f2083cb1c07b9088fd5ca0c5cf27d1b152d27702b2a9
4194.jpg,train,4194.jpg,b1946614757e387e3a6fe4f013d5e5cc5b5a1c1869f6f648cd3372de5969288a
4195.jpg,train,4195.jpg,d05affad2c33a3ad6b1c3295b9c8581e1f9c68e0179937717cf280cd08746190
4196.jpg,train,4196.jpg,26b89d79586e2ace795b533165b912c1488796b57bb82fb7c9e11e8acdcf6204
4197.jpg,validation,4197.jpg,5d0f494d3fb57f66b8b095ed13d8c2b85a03966ab27f6cedc9385abd0a473532
4198.jpg,train,4198.jpg,918798c6de7e46de6d3fbc27e7a0911889c09a9b99155fa6397a77f1d03f5a11
4199.jpg,train,4199.jpg,ec068f99032b8b811b294351d50ce496a5b21d7ac34c914c9809cb24e0b77c40
4200.jpg,train,4200.jpg,1925e64270fc3e470a1d77c3008c48fd97468455bc933e8c784759926bd85cfe
4201.jpg,train,4201.jpg,84366c16b8e1dcf829e5285b273d3cc683beff9d3c52d10cafcfda68a54bd9d5
4202.jpg,train,4202.jpg,ce633970719d187715508ebbdb0e8c52b0f651b260c64e545b6c40bbecaf4278
4203.jpg,train,4203.jpg,f50f92e3f190a87c7bfd307d5c903d1e0f934afa252fcd279b4da2c2ba858a9b
4204.jpg,train,4204.jpg,00da3cc4fc0b70bf0693f2a09571912e564c725cc97680e500fe90b0cba88149
4205.jpg,train,4205.jpg,34dc765fd01a13b7266a05bd28d08a459f233e15788ed021cd989decf0662d07
4206.jpg,train,4206.jpg,2ac54625c8f957e54f2ab89da48715d4d945fa2981cb99a3444cc729394d6645
4207.jpg,train,4207.jpg,4aa7221c83287f639eabd70feb5208cf252c3a17317c5fc891345761e9f26520
4208.jpg,train,4208.jpg,56d2facf67df6d0d6bea836e687b3b601000567a7a57753ac08277cc50d56ead
4209.jpg,train,4209.jpg,a1d0571831d1cc9ca765e93091f307000c0d5053a00c93e5c59c9bf277abd105
4210.jpg,train,4210.jpg,3e7a8351587ef70fae0b4edcdf683eebbac393125b61b46f42754fe3607eb212
4211.jpg,train,4211.jpg,73e30a6d235f78eef741bf867a55a5041e247cafe63b6bc310178a186adc807d
4212.jpg,train,4212.jpg,96134894b3d6ee0506afe1968edfc5e9c226edaa9860924ea5faae8ef90bd883
4213.jpg,train,4213.jpg,e66e43639e32616855e01d222d9ba08078048a9b9a6f0b51c2f1bfc969e46af7
4214.jpg,train,4214.jpg,80b64dbf44564fe95633d595f1f367e3198d1d75d43d8d37059f8c3a8040142d
4215.jpg,train,4215.jpg,16c5dcf306a3e6d7f5f19485470462afa9a837b4389f110f00ad6df3c086b6e7
4216.jpg,train,4216.jpg,55f4e06f37e7a83e1f9d3a4e57b71648edbe28e155d73f73575ae06534cb42e0
4217.jpg,train,4217.jpg,f0daee10610476e57e605b2c47027ce6093d1e78f9f4c3055fd02cc7e930c519
4218.jpg,train,4218.jpg,f0d9c9761ade4c190fe1b6fc96bf57698bd7bbe49b594d71a754505cfaea0e20
4219.jpg,train,4219.jpg,31c0f4e9e741f9efd067931cb880152d387594128b168ed3a5be45eedc39de2b
4220.jpg,validation,4220.jpg,ab60fd1f479237a17633a25392f1cd2ed1260f2c0123fb908fe147d5c1720742
4221.jpg,train,4221.jpg,e49a97df9e2772b805ec8897092ea9ac272493a2bc613664b786ab197083d19c
4222.jpg,train,4222.jpg,aef6d2e21f508fd12ce271fca041b6725d5ce3333ae70eb155ff2d6d77eea5e1
4223.jpg,train,4223.jpg,775950b06f97a647c5ebdb86416906fabef55aa299d23892da2a38f842699450
4224.jpg,train,4224.jpg,42de6c3926c06dedde4e260c924ba911e652b51023b797ce2fedb997a0c68302
4225.jpg,validation,4225.jpg,63c5b102ef90de3f5b1035c00329250f33601654b380bc00480cce2c0da1c753
4226.jpg,train,4226.jpg,233111d11321bc008023b9539c98abb640c8a7a8cbddde0d3e02607cc8f3ac6c
4227.jpg,train,4227.jpg,2f60ef9ca52ef2161472ca3824525d09d061a242054441a1e22f888b5aa56b00
4228.jpg,train,4228.jpg,46997b41b48343e57bd97280292441a9bfc4c32cff1512f47832a782287a16f8
4229.jpg,validation,4229.jpg,ba308aeb3ae2983d54f508aec81c8aa2a05e8d6eed4c5d0713ecad2f1627c586
4230.jpg,train,4230.jpg,b1dc67e80c39a43700eb7376f53d0800d77467abb957f102f3b38150e730f652
4231.jpg,validation,4231.jpg,a28ec81a2fde4c872e283010ce4fb0e5459fbd4523952092c90a79c807652823
4232.jpg,validation,4232.jpg,ce1d3cd8548894364f7a9714963ff0e9b9ce8b0e95fb0ab29344bf65d05ee6fc
4233.jpg,train,4233.jpg,4b88992323fdc0fc43ae03f19a366923cac7d54e6eb9966a417b2b97ee7e47f8
4234.jpg,train,4234.jpg,0b43fbd746bdc9270b5059830bf84ccc6b29975ec85b4923c0d13019b6218543
4235.jpg,train,4235.jpg,be5c30e2e313668ff2631ff3bc459e19ccfa476a83bed80681143d38d3d28965
4236.jpg,train,4236.jpg,6698361186467b5cb02553cc9d24c0b11cb534187e65cdf92a3892c6163e1650
4237.jpg,train,4237.jpg,2fbf78f77f2c6eeb6daa183e5f718a98f98298c9a71ba4fd4f8a1236457ad51a
4238.jpg,train,4238.jpg,78007016fd4af9db00cb05c46b45ed0be72a33acdad97b28c30a396730585f0c
4239.jpg,train,4239.jpg,ac5983899a0be6c3c898a6baf169ec5a79697e1d4ec492d75f0922b379e77849
4240.jpg,train,4240.jpg,d07a42a8451544a54961b99365875e7067505e60f38925f14468c3a386e20487
4241.jpg,train,4241.jpg,f8a8825c89d8608939dcfbe51ad236e0a9d4ef6ee31d206057cf2890ed47da02
4242.jpg,train,4242.jpg,2613fa02ee5b9a9db6752718b661101eb18bc31fb00cceea61e01c462d26f893
4243.jpg,train,4243.jpg,9554cf8d891fc2d47658d4998d8331e80a716054c1e9848bd58f190c4f1d2bb4
4244.jpg,validation,4244.jpg,e4c029a7377be72aaa4d8dfdcb34f039a2627a00155d27608d23204af9fe399d
4245.jpg,validation,4245.jpg,04ea2a1410fe0409e50466c2fd4e308582d7d31c7fc56b53249fcb3a95981a5c
4246.jpg,train,4246.jpg,d023e8c58144fd60ce90e83242d1a2a824345b4951e68079ec8946b4393c73dd
4247.jpg,validation,4247.jpg,8bd65c529b3c8401edd05d13b0328632274ecc0ba334cb6dbac3c4736758f44d
4248.jpg,train,4248.jpg,5ea316f888ecd4844f7b678bfc4332a92541dc1ce4371f33e41e6047609b38c5
4249.jpg,train,4249.jpg,ad90a236a0a1b2fb22f67d8465fc23662ac1b8f3efad09362524e19b856f5333
4250.jpg,train,4250.jpg,672d4692849a0c9ff6ba5831beaacdbf54107b641b22186f07cf441da205c21c
4251.jpg,train,4251.jpg,4c41fd5979d974a034ad32265eb6733fcb67bc51776b333b543532deefc7e1e8
4252.jpg,train,4252.jpg,94b801d5c7c47d68a885ac23afd3f9c33955e71e70b292429b5b62c413ef8656
4253.jpg,train,4253.jpg,55feae50b3a674f341b59232a66aa808ff6983b65737a279b07f71979fea59fc
4254.jpg,train,4254.jpg,bcaecd85d17871aaae4e82b0bdf4612af5c1d41df4d6e0b0411ab42ffdad65dd
4255.jpg,train,4255.jpg,e27bb7fda468c71f8cd9fd7e9303aee69599ea6527d050244afc90b05fd0872c
4256.jpg,train,4256.jpg,7f72a87cd9d5a2a8c362a6ff790f131143f242e836dedf7dbf1216ba2d6bbbce
4257.jpg,train,4257.jpg,d520ed82e43f5d905ee89bc1e25294a8e95d74b666d038bdddbe8cb9b73f3961
4258.jpg,train,4258.jpg,9fdf441e8e4d665db9b896d46cb39520d608c73374b0960899c35bb7cfac31d1
4259.jpg,train,4259.jpg,588913c6b60ffd787d0552687acd0c15048b803b38dead7e92a36bc73ae60e12
4260.jpg,train,4260.jpg,8ff64df44a490dc211693eddb3e9963bc3938de0221dd179441a5fecdcfa63b2
4261.jpg,train,4261.jpg,8994f8ac24030bc6cc078d6a1ef5e72df55db6167bf4983a773c1b46e9340d82
4262.jpg,validation,4262.jpg,621735b3e9f6e034694b477648ec38088bf827e5294809d1844bc8e09d900aa4
4263.jpg,train,4263.jpg,b8d3d5cd8ff856cd4000cff5ee5633350f9b6098c880ca23f064dd3033dc474f
4264.jpg,train,4264.jpg,53f381762dfc56911eaafc793a896320849003f6526ef566cfcb7f8f472869da
4265.jpg,train,4265.jpg,e5dae60452db39ae0b21e376bd13f99c827277c86fb499ff962061dabee0afa6
4266.jpg,train,4266.jpg,01543ebbfa1178a205e37c4402cfaedf87a35391052ce76c610d5a845c9249e6
4267.jpg,validation,4267.jpg,e39576af13544468170a4af8fc066318f24a5fc6a19f04ade6c5ac6829d8c0d8
4268.jpg,validation,4268.jpg,0783e8fabb9052ecd331c9b69dc631f43d8e1519f74445f763ceeeaeb9508777
4269.jpg,train,4269.jpg,3f144f41e6d797e7120fd2f4fbdd58964a36201ab5b6455ea3c4aeebcbfc829a
4270.jpg,train,4270.jpg,c9e7a7d7d16a905f2ed26240aae9dd392fd4a6daaeafaf233413c9d8a234970e
4271.jpg,train,4271.jpg,2d05fc3d96d52bf53e92c6abebc173c0aba1ff2eb3d0099a574779787342d5a1
4272.jpg,train,4272.jpg,011b38eaa1f3769f516c8d636c6f0f3fa9968a885a088e8aca3d32685a32354e
4273.jpg,validation,4273.jpg,05e2be067cfbd225d56702eeec1bf5132fadc69a180a365ba005a1ea776c6b9c
4274.jpg,train,4274.jpg,8cab3fc944c2e82053fb35cf9e64105f40cadf197394b8024d9e76966325a91b
4275.jpg,train,4275.jpg,ba59a4e03a339f0ba24d2b5a82adc8230b1165840b4ea4dcb77c132ebfaeadce
4276.jpg,train,4276.jpg,c62aede32c4fd2f55cace31f7fb1dedf88d21cefc09da51fdeb56c148d4a9920
4277.jpg,train,4277.jpg,fe8a3eec10296c9a6efbff4c43e1af0f53096429e9bed7b46864975d5d9ce986
4278.jpg,train,4278.jpg,2ad7293f1298c5777800c45c7d54e43a5682a5280bf13b362da9363dbe201f7e
4279.jpg,train,4279.jpg,18d56cc753529940f0945b91c13850cc48891706fdef9fa7eea18a075990f53c
4280.jpg,validation,4280.jpg,6d5c395f98268b04241588e38dd4039eca11a8bca4bd3c6c2332a731fbd6ad5d
4281.jpg,validation,4281.jpg,daad93b2a405347360c3ed874c1e17a534d6edd2cf79d2e8dae8bab19e16e830
4282.jpg,train,4282.jpg,fefb04978d76847d9df56f474df26bf17e30ea0d7ba767ce48eea5fddff3d326
4283.jpg,train,4283.jpg,ba59476ea801de18f507af9853503d28633c87d26979fa11ef8bdd9c01b64c27
4284.jpg,train,4284.jpg,b97c8d81e4494757137865c560f116661c72c7552e36206220f4486c421e14d2
4285.jpg,train,4285.jpg,50d0e6581702191496adce73440789a7d03b184b2562191ddb6d15a6ee427942
4286.jpg,validation,4286.jpg,ec8f7458a95eb80d00aae21ddd03f1fcfa7d4f00a4efc1b8d84ff823a03d2dff
4287.jpg,train,4287.jpg,7c8736ad632c1bd43ce17eb6d9447a13e69317c7b9fe3e9c93ec2f13a2df0063
4288.jpg,validation,4288.jpg,9ee3626e43dc4424bffd431b8acbd815a467829e32b619303111df87c5eff25d
4289.jpg,train,4289.jpg,5b50485070cfec320fdbb6f05a4839f9d17471e386bf540f64b0ccd9720a42a0
4290.jpg,train,4290.jpg,d75ec6e74e602eba5c7630e3508cd0b816d59496ab1922d7de749f4086bd535d
4291.jpg,validation,4291.jpg,efaedec37b3846247339e6440391061b68949118e4b329cf745fd6cdac597211
4292.jpg,validation,4292.jpg,e9539923fe021eb93e06d8640f2a7f4a9adf8e318e7f90a62014f03beba2e0b5
4293.jpg,train,4293.jpg,720aafe3f25044f347a8c3315e0b290f4d6d6ddb2b3c9fc84b18aa9291d087d2
4294.jpg,train,4294.jpg,b4f4724c31cc844386097eb4a8146b7709e8519452112ff3b321e46a53a71477
4295.jpg,train,4295.jpg,5d2d71b1b7adfc54a6cffd19942b873a6d1af04639e9dd9eb65b99bebb768d7f
4296.jpg,train,4296.jpg,4fb1120f91bfdb627cfd5fd06b517e0b12c7b8ae4ab52301b2ac4874eea65d1b
4297.jpg,train,4297.jpg,5d4b9191046dde5017159040fede5514ad713793d2a3f3b2f4cef02e2201c5f2
4298.jpg,train,4298.jpg,4de205fe1606d2ed59350b9d4e9ad9a4a5bf5046e42d6272a0439e1e35742cec
4299.jpg,train,4299.jpg,b4c967e81ee4f64b1b4ab6cfaa8d3cddce6c83f5aa5da3f22a33ee44778bc0f5
4300.jpg,validation,4300.jpg,0871747bcd3988bcf12b8422e956824290a26bd0ff94bb37aa6527717bd74aef
4301.jpg,train,4301.jpg,357f594159e58d979129daf003d0510c15856b56b095dd464da5856d27cbc162
4302.jpg,train,4302.jpg,4441ef80bbf7d18c7f1fa832f218c45f060d5cadd8a8439e59bb6cdc35591e2f
4303.jpg,train,4303.jpg,a235a59ff31c68f74597822830d93407f72d235ed1a37426e7e5f0b6e38e3294
4304.jpg,train,4304.jpg,835266080bb7d2c33401bc10898e4f2733ae01bfde4fa44266d8c878fc982e6d
4305.jpg,train,4305.jpg,39b8c422ac36083e28fdda1e5528de9aaf4d36a0ff5abd6428bb24b283b3ac76
4306.jpg,train,4306.jpg,2b67fd5c55c5c922e9b2f7131be8ef50d8fdb8cc72acc1bb14a482a87b9c5a15
4307.jpg,train,4307.jpg,02cee0738835547e40eb0d5f5118b2bf9ceaa0a334b4f6b4fd7b209d0b26d31e
4308.jpg,train,4308.jpg,9434ed8536f1d58dd81bb888c734766f4f83bf342fd059745050f8f828e85686
4309.jpg,train,4309.jpg,ed2c8df2a7e7959d2a041b488435f2d0ebd5c7f21b4c9af0c85828b3f2126a37
4310.jpg,train,4310.jpg,009c12e42c5ce46e76f55e539669f7c37f5552cb9609d68d66de00a9f808d014
4311.jpg,validation,4311.jpg,dc9248f708813ef43d6e992fc1dafcb1355a5088c2a9b8a7d36039268c5f716d
4312.jpg,train,4312.jpg,137532e4ca05d31d54350d586b6c97f3c89be182176a646694c9a3b5561a7c31
4313.jpg,train,4313.jpg,be893f664a7e8c94ad5ecd82218ea2e96e21ed7052ecd7bddb426e062ae92f81
4314.jpg,train,4314.jpg,a649afb59ac86d057e11430dfdecbb53e8f93a56bf2aed4f8607ecb5abcbe22b
4315.jpg,train,4315.jpg,1606fd79535bfd1a7d5c21b0f373b0ec89bce1c06a038c6b942f56962a62ae5c
4316.jpg,train,4316.jpg,bc30817f11d76e0008a135955a892ffe22ddc8ed9dee16c7f4e5e4b46b85bd08
4317.jpg,train,4317.jpg,25aad49406fd7a6a6f0689261ad4000697f8a146b79e4e34d1ac1c313b565cfe
4318.jpg,train,4318.jpg,859d99788223f7070a0db89471206c5f2c3a244a86fe69becc856ff5697a598a
4319.jpg,train,4319.jpg,8607ef136301fa545025cffd04d829faa4bfdd88a737cc789ab161be64a84b55
4320.jpg,validation,4320.jpg,05b0e2e6cc84a6ccc93f1ac199d52894c8993eb105aaae87749a024b932f4ee6
4321.jpg,train,4321.jpg,d61ee0041337d035289a4dbc4b889bb1137961a11120add8a228043a46709a3a
4322.jpg,train,4322.jpg,0894c71b6b55c48a89ffc6ad4ba5e8880b8f0fc1950d5afd5aafd11a18e4cd59
4323.jpg,train,4323.jpg,f374b1c84c9c58ba4ad260d7ccfab5362689a0a93e50c297caf29358636beecc
4324.jpg,train,4324.jpg,09091b708b6a89a7b4ecd4e22c679991f4bc8fec06cc1f287d3bf761ae4510bb
4325.jpg,train,4325.jpg,b9d0777f19c2d0450ed311994e7c716bc1d47d7b4e1aaf68e277896a9a33a634
4326.jpg,validation,4326.jpg,93ede0d3a83ea8a1f76dc64f73a56d40dc3427d93d537450232f74c14e7de006
4327.jpg,validation,4327.jpg,10c657cb721577cd3c90ae0970cb770fb90e2f6b656893d90364ed445e7789aa
4328.jpg,train,4328.jpg,9d56b471ea3296a1ceb33812190c2ca8e8d3e4895be2f62f8b4b0aad0ada99a3
4329.jpg,train,4329.jpg,4fa3b47ac7bd373a3674274d9d11de8985fbfc2fcae0a3770b250705179daac7
4330.jpg,train,4330.jpg,7dba499ead8e7529f9be09605e23078304ed2cdbe5db8229e29b0d328bdd7aab
4331.jpg,validation,4331.jpg,16b85da2a4f59730951dbf2d045faa74d8d58883abad72fc4db3f93e348f6a83
4332.jpg,validation,4332.jpg,2bfe662b80f6002b27877a64eece9f13ac6c015bed0e49df57a67648c6442dd0
4333.jpg,train,4333.jpg,c3065636bf56279500c5f199178bd7b7f91a7a8fd866c0d3012631d40d6e26b2
4334.jpg,train,4334.jpg,d166bb2952225e051bebd265bb7af565ed3dec5b589da4333c73d4e8a212690e
4335.jpg,train,4335.jpg,a76258db8d73cb02f4235e40341bf88486541455092b7f8c2e7fde82507774c9
4336.jpg,train,4336.jpg,7141d379fa8d391cc00b40ed2d76b9b83510aa3a085703dd35c0e18c17f6125b
4337.jpg,train,4337.jpg,e46bfd562fd99bf8c8202dfd378c9fecb6e8cf1ead00f02d94082ac02430127c
4338.jpg,train,4338.jpg,a807a52266242266ca25873abe5b7a0ba4bfc01b9e96556b2f4e670bb9e15972
4339.jpg,train,4339.jpg,b6d4582de156cc4bacaa5160025fd808240883e99ffd03f8d4afcb33de1c1aaf
4340.jpg,train,4340.jpg,87ac99079847eb3c0b24155a0f4054fcc885026df94b363c48b0b95100ea8dff
4341.jpg,train,4341.jpg,26474d8c1aa89e95361cc47302de3049def39bdb60b91fdcf8af8cc6fe05aa87
4342.jpg,validation,4342.jpg,d187a62165f9cfbe58678bf72777fdfdf03a425c19f0164c22057ff8e2c48297
4343.jpg,train,4343.jpg,5cbee7a7b6d95ae1d65bcce53f92355bb2ef147ad4ee3dae1524dd616c594d98
4344.jpg,train,4344.jpg,6b37931ec116fa41c197ad7bdaaea8c296d3b1561a508ec067c5dd2e96f9441d
4345.jpg,train,4345.jpg,58b13c76d8bd82a99b36a583f7545a950933c1433df2da547ed41ea09786d37b
4346.jpg,train,4346.jpg,59039c1b456c72aaa8811e35b9429dfb7b0414b9b30ebde34091afa98fc3c977
4347.jpg,train,4347.jpg,00687c4fc988800f2335efa6bfd59c3d4e3b74c51e712d00bbfecc9b313d271a
4348.jpg,validation,4348.jpg,c940044f80ddac3046a58436c92f286e710fcbf82845f02cebbc2316378f3dd2
4349.jpg,train,4349.jpg,efd7ca4c04f85dd870ce99f4a7fba62fec0a6daeff434b859ebf4ade8dd914e9
4350.jpg,train,4350.jpg,3b70e0820660b47dd7d1b5637c8ba9540388c9eb2e671537b6cca9d4058a95ba
4351.jpg,train,4351.jpg,ce238545a864d53e7d4dbf4171120b671f1af7b777481d0cabfc17f6bd991551
4352.jpg,train,4352.jpg,d4eb9c0ad944092c8bb45f6e1d9a21015f8a318aca382efcb1f6fbff97cedb51
4353.jpg,validation,4353.jpg,9056730e250c67cd1477ac327b85e0b7afe77b0b297352498e62b67f91018502
4354.jpg,validation,4354.jpg,81122472e1d3eb92f06c13763881c88ecb43333f664cca1548aaf903cf5e47c1
4355.jpg,train,4355.jpg,3953503dad217078621ce69d70f959b3dd6c39302f298985d3ecf35785366646
4356.jpg,validation,4356.jpg,5621fce703c41ab4f7c1fe401bad0074c478fd970919df39187606d3549e301d
4357.jpg,train,4357.jpg,3541ade618ad48bda40a2e28dce475a77ed359f9412905e8c044d9089e4f028d
4358.jpg,train,4358.jpg,57f74a5d730f6b5eece205f025701db3c294be713ab72cfa37655be9c7c1a144
4359.jpg,train,4359.jpg,a80c38611a569839c94ff1c77eefea737cfdc1ca95ca07b8c84bdd0174ca35db
4360.jpg,train,4360.jpg,ad5b76bc07bd728ebfe908a933836144f008e8abf8e7622003f5f9af6b128b92
4361.jpg,train,4361.jpg,a1434fedac828f1fbcab23b9c72ee60f98444f552f1c2bb1f1932e216ed89a9c
4362.jpg,train,4362.jpg,9bb9cfb10098ff658b8ea8f4eb3c5bb59b287caf2b630a7825e7f9b2a5eb4ff6
4363.jpg,train,4363.jpg,79d4558c987ce9163e9bbbfac489b0910af303af063be6e3a52481e44aca7511
4364.jpg,train,4364.jpg,b9a95675e803948d1b1b81a9e9d613a083ac5c0da1c3b6188c6c106d8e67e0bd
4365.jpg,train,4365.jpg,8a536dd1e66a4b6d3ff8308e95357c94e6b541a5f060f4dedc446e0092adada0
4366.jpg,validation,4366.jpg,a92f69c7e49a8d7d16703e4fc184e1ab7a91234715e259094d007ab36029d221
4367.jpg,train,4367.jpg,378a8b3e05a49ca095781c87be1fc4d73c53606b360aee134ba005b440e94c4c
4368.jpg,validation,4368.jpg,7a7640dbe416ded447fa17e7f8a6ae5813f64a220c0a887f947e5268ca6895ce
4369.jpg,train,4369.jpg,f71c4d827535263c7be46b726c7c48976133cae73930a9ee0a101fe44a6fda3d
4370.jpg,validation,4370.jpg,3d013681bee2dbbc1a4a37d5eca3eb476583ae204e42a0c0af0f31f03fba9545
4371.jpg,train,4371.jpg,f04192ccddc75677c6a0165ebd9df45a1d77ddb43d0b0793a2dae7f734e22544
4372.jpg,train,4372.jpg,0b9d0f81bf05f0395fe736f30bfb7b1cf5a5e6466deb82a88071eeaa6b2c9e76
4373.jpg,train,4373.jpg,ea63eaeb5aa1dcfa418bdd9f6ab1bc95cbc8137119e280a4954db1d07e46855c
4374.jpg,train,4374.jpg,9f6d4a36595f480e0f65e277e95229b047e10b6c57dabb47a8ccec6aaabed549
4375.jpg,train,4375.jpg,3181d18652b7538343d7ebf616f0fa77b57c3f1dbc3f78d715a5a67d1442c593
4376.jpg,validation,4376.jpg,ba3f968a919c6ac3f58999060452cd433b2538ac3a9473bae7a6419a5daaab76
4377.jpg,validation,4377.jpg,e9183b7ee9333a32a4820a4d3b115d87f2e4119f3c802b0218a03c665d8865db
4378.jpg,train,4378.jpg,cf1cf6c7a304324cd2f5f5396d1b91f546bc69dddf3fec8c5d3ef1b4f32084a0
4379.jpg,train,4379.jpg,ea05f98627a71752407a7d490537e8260b52cfcd6ed2112f10576be182f4e316
4380.jpg,train,4380.jpg,5e0167e03b8cbeb47dff1a05e4958d2206726fb043f343cc7e9d0c741daddc65
4381.jpg,train,4381.jpg,d2375afa010ca9baf39d7dd0f122331d2b6827eda2c1e891a9d2e94203b81962
4382.jpg,validation,4382.jpg,80cd9b32b4cfd9c67c5766683bdf980540398a2d7218a03328460559fc60ed8f
4383.jpg,validation,4383.jpg,82cf2d0779eaf5dc3515d114c704a4b7b2f29846c368255e4a2fea6d88c0909b
4384.jpg,train,4384.jpg,fbb3cddf58faeb6a101bf1dd208f5239daf19ea967d53a9b20bba3f8e1df0c85
4385.jpg,train,4385.jpg,dea99d0cc92473811cafec5ff58c7e4f4819d50ebade400535c0d9f30a5a3e66
4386.jpg,train,4386.jpg,4fce83b7c20a303ad7c7f427260c7bf7118cc61a8e965786327ddb05a840df02
4387.jpg,train,4387.jpg,967bc04ee391113a46e503277408955f6c8398e1f355bae116911c14f9bbcd93
4388.jpg,train,4388.jpg,7c7fd11f46f155334213438eb4f7a1f90328fb84d79eee4abf029e85641cd249
4389.jpg,train,4389.jpg,1905c1eb087aabdd01decda4c0d4879e2e800c42dbbb2bd87f223f4008b0aee2
4390.jpg,train,4390.jpg,27ae5021b826ac7991e6acadf911b4433fc8d05860d4dc12cd5d9ee6ef6228c7
4391.jpg,train,4391.jpg,6c2ff348868f4d71c0a36852a6b7eafe99315fd2186a71e723a35e716de4c125
4392.jpg,train,4392.jpg,81a91e5055351a8944fd85b6a5a4e3309fb3a372c723f7c4f6c02882cc0c5a8d
4393.jpg,train,4393.jpg,7e039385df5067364a9b835fb0d17fa069a0546b90b4f15d17abf13824bfcc65
4394.jpg,validation,4394.jpg,0b9a5a32895c649265d4ed636b9a48f938a22632a0d55c575d63c6688520f6da
4395.jpg,train,4395.jpg,afc7f889dbd08bc9e59a1bdd027ee12f6d76ae513ba1ef3e65d6357cee031d84
4396.jpg,train,4396.jpg,4f160a8d5edb337d6aa398a8c5ad6af5a0d0ecc0e0f988da831804d7cb793c5c
4397.jpg,validation,4397.jpg,4295705d7f2cb5242e8aee6abfcaa4d48f0ec1d0a6044121140ded405aff888d
4398.jpg,train,4398.jpg,c5cafd2022a839da85df36d1dd7732e108e27f61f66863af8e4db3458f466aa2
4399.jpg,train,4399.jpg,2a97cd9b0cc1d819ee36141c7e7aadcbca0bd13c9856ac8e83b7408224239c15
4400.jpg,validation,4400.jpg,732c6ef3b1da79b212391fdfbef63f1447748a70e9bd49d336b4fd840d0fd9f9
4401.jpg,train,4401.jpg,5713de52463753dfe527cea85f01afa231e14b274382d489b20975c1a6364c68
4402.jpg,train,4402.jpg,4c4e95ac0289d68c9bcd1d0782c053244244f65746d3921a7d7ba089b1951fc6
4403.jpg,train,4403.jpg,7fede8690153a85ff1d233adadf8f19625abbf307cbd7f3f343c11cdf1207f16
4404.jpg,train,4404.jpg,ccdfe8c17188dc6f0a49b25b9fd195fd66f7c7aafb6d8a464615130c98e7c359
4405.jpg,train,4405.jpg,ea74261a78f7389fadf7e08935d7defd09f10e19edfbad36044569991be40fe8
4406.jpg,train,4406.jpg,24a939d27ebba9413d08b74495db65a997b51470f7a816f3d0452c7932a996e1
4407.jpg,train,4407.jpg,2a98afcb8087c4e8b9bac4870b3b24016410658167ff3ea239990d06f2f72e2c
4408.jpg,train,4408.jpg,aa832cdc9955467dd4ad1e8a6247425faad3441933ccf2dc0da3f961d64310fc
4409.jpg,train,4409.jpg,d3bab3be61a62e45837cce48c1d08ac57161109f60ac3458bdcf6e4bb83e920c
4410.jpg,train,4410.jpg,f198d65ccf25f347fd5448ef78a63cd0c475acdb9252b9ce8af8a14909f06f9d
4411.jpg,train,4411.jpg,519ea7685b1d2eca963f096fb326ee8d4a135cdf3eac936395e6e8b2f152c48f
4412.jpg,train,4412.jpg,a6a669ccced4228293c893dd0357fb73654cb83755be274a68497b3140dc9416
4413.jpg,train,4413.jpg,dea9f3482889f9bc70fee4f69d61994d66a614816f1880ca8841512585931afe
4414.jpg,train,4414.jpg,7d8ccd6065be799b3a143e235c62398b3ae0c87dad31398fd21e4d41b54f2835
4415.jpg,validation,4415.jpg,0e6775c5dad57a019fb37d4c3e0bc9d542ec69f0b0ee104534fc1caa811856c6
4416.jpg,train,4416.jpg,c11a4fac6d3c5c48009266e5dd447ae153393a4d95a97e4b4d44079b634857c3
4417.jpg,train,4417.jpg,f3214fa56e8c9cf7b3b66fe576c08389baa44a0993ca3b30d8d41f960b0161c5
4418.jpg,train,4418.jpg,5578bf0567b3920e3fc96ca4515256c901991c7bc5193ba231bd7e6257b99caf
4419.jpg,validation,4419.jpg,b4a25cd73245faec4a816bdba1c35f9b3c55b6eaa31ca088370b846ee2d14908
4420.jpg,validation,4420.jpg,74c6b8112bb2c5a0bd514fff08ff117a200618434c5e11dc1941b4261937fcbb
4421.jpg,train,4421.jpg,7184e1d03520bc9994b8c79499c548d60bcd941492f2b85bb8e7ab12ebc65ba8
4422.jpg,train,4422.jpg,e3cd063e33300400fa77aa2bb3188a595281db3f91683e5590a33efa15a4e502
4423.jpg,train,4423.jpg,c3142c5066a042e58841a4c3eec057122f01a9c23b85af6ec4dbc1d6cba66d07
4424.jpg,train,4424.jpg,7fa56ec222f0b52003c2785936946d7d9d05279ddf3369abf00e7b6c4207e695
4425.jpg,train,4425.jpg,d5aa6bff6b058506cc745bca3f71c6406c2f873d625559ea51f20a1752918807
4426.jpg,train,4426.jpg,4ce0e280d90b005f425ab56ece06acd5c6bac618cbbbce3c8b51f6676b1bad61
4427.jpg,train,4427.jpg,55a0f7f9c8ef5d765aac8285f24edf1ac0a949b62b59a91c47b3c7b2c76432bb
4428.jpg,train,4428.jpg,6b8806754eaaee2c2d02700875359261dbc54f88f74b6520896fdbbb1722e464
4429.jpg,train,4429.jpg,52cdd9a16992df1e5f9ee43a9273ebfef1331e29a264d5236f355d426dd1ad52
4430.jpg,validation,4430.jpg,2d87c118afa12866a75283a3760272e628cd842a4903ca59b69676106803d59a
4431.jpg,train,4431.jpg,384ac96c1ceabfa337ecc1a2247b17fbd972e483d2090dcf882d572748db4467
4432.jpg,train,4432.jpg,f77f96287cd1fc901e3375cb72cd51f1f427a1bfb1399ba543c18009237f636f
4433.jpg,train,4433.jpg,2756e2c88fb36ec1093f02bc2077932c79e6089f983a233d1f822452d880ff3e
4434.jpg,train,4434.jpg,93827121a6d4eefcb3118f2ebdd75846d712de34e29abd5f370a51f6c906e0d8
4435.jpg,train,4435.jpg,048e135a8086d80ffabad55541bfa4ee57533714a5c55e92f1eee49d29603994
4436.jpg,train,4436.jpg,ef834bf6e53046c74565a166654cd0e2f3a3e5e09f30adfb35da6b83cdf66115
4437.jpg,train,4437.jpg,d937376aacdfe9c5077ca6bb3621add783520dc5d6bee71abb82936f64c7d3e8
4438.jpg,train,4438.jpg,f44d17e69a67bcf988c18cdc694b7d472c9da4c5785e0533e53783f28b3eb0bb
4439.jpg,train,4439.jpg,98031b6aa0a916e71f15f2e36d592fbe5b12072248d9a3c1e3c153e0adc17af5
4440.jpg,train,4440.jpg,340867bddd949ceb8e6dc9edeffaa3a2aedbc250ff60b53e0a61e4f745292b54
4441.jpg,train,4441.jpg,270aafda8c7c15646740e497360bb7895767e266c579e5addf4d311eb324eb91
4442.jpg,train,4442.jpg,7ee510fac27d27f646884e77366e11497b518e84a2736697f5870707e11cd2af
4443.jpg,train,4443.jpg,69f5cd776f284bc8e42c0ad000f0b7f212ccf3f5f1c6a7f2a82938f58b9173b8
4444.jpg,train,4444.jpg,a4c06b3ab065c1ce9efeb562d00bf09d3a5053fedfc03d2235bf564f192bf25c
4445.jpg,train,4445.jpg,fda7b943958958442904f876aaadef936b59af622d40e4c501a85d9f364205ca
4446.jpg,train,4446.jpg,c8a99399802423bb422ad192c952ab4f853b9edb05b21d50fa833ffe69328e7f
4447.jpg,validation,4447.jpg,4eb7d1c49a45643d1dab821c43b81cb6b60e0a5ffca9b9ea6d343bcbe531e573
4448.jpg,train,4448.jpg,6a93b36bd460ef32c015e76f816ccf589bd5d053c4cdb7396e4a1385c91c9bec
4449.jpg,train,4449.jpg,502310068770bfdf35849b9a4eb9e04ec8ccce7a2d0ead0963f953a035af6899
4450.jpg,validation,4450.jpg,c0fc110d05b8216c3b4ba143391c60340f7b50614c53004e63e7bdce28fc64aa
4451.jpg,train,4451.jpg,639d142a9835cb131c680d6c5f27d05e92f5ecee6150aa80d1ef8f511d391747
4452.jpg,train,4452.jpg,3cd240c7f629bf08cd6a7b2416237ad17a51cbe0a1e52879f2b9ae3d9fc91648
4453.jpg,validation,4453.jpg,a844d0b2217a8560bf1b7edc849ef81fc59ec54253cfa477d56b7935d9a93735
4454.jpg,validation,4454.jpg,43827876200856393f9e83bf2aa3947aa86d27b4538c3abd7396111e34ed65a9
4455.jpg,train,4455.jpg,915e596141af198a3d1968031b7241d0728871948c78b7a97c41a094db533d9b
4456.jpg,train,4456.jpg,64ca9f0a7a702e08b9a8c9d0dc4827ac41a093ea0f5b12d14728e2593c71c9e2
4457.jpg,train,4457.jpg,3c090ba04c18612667f2c5afb20cfbbf072a9dd4d40910a09da77af8051c0da5
4458.jpg,train,4458.jpg,d814058d82277dd5abf5528d6d417882b3e3c9fe3a569c4e3365d4e1f389bc11
4459.jpg,train,4459.jpg,4b2235ce85d3f7fedcd143489fdfe0b3c83eeccbb00b8b2fb6b783e349f80a59
4460.jpg,train,4460.jpg,a20b14abcfd646524ade115eb88fee440ca4ba2a5aeecb2679d43df82a0a06b8
4461.jpg,train,4461.jpg,2db1d972534f73b09146e4e5adaa44c24ba7f11f8d20993b82e8ee7bc487f945
4462.jpg,validation,4462.jpg,eabd06ddaa20b71f9f176e93e612b1592faa70cd788c51c2a6f2131fdd0914fb
4463.jpg,train,4463.jpg,70f65fb751250155103633bc275319e0da05d3f6e4bb52fb4e46f3b37cf5064a
4464.jpg,validation,4464.jpg,10fbee4eddecf631caf0e563fbd92993fecdc0bce275c37d06d1fc036efe1b59
4465.jpg,train,4465.jpg,aabd67cd31acecfe333174383e97c88731a8c62ac5280515cc6f543d9c23da1e
4466.jpg,train,4466.jpg,cd66607ef31712247842591aae55ffea3d5ce2da90096b97e23c5a53464c763e
4467.jpg,train,4467.jpg,f81a67796b1ccd29475d2623b912f4817e3e759a41487405cb5a849a0db2683e
4468.jpg,validation,4468.jpg,edd73fbec03b6195ea843d22237be1d179865230205e9aa0c93118cf6ffd9b25
4469.jpg,train,4469.jpg,c2d2ba394636e6d457d9c1c304d24d962f189005eec3770a6886396391d49ea2
4470.jpg,train,4470.jpg,91378dc194f9f6b3d4b81af732cfc18cef6049d2785f41c17e741d1b3212d03d
4471.jpg,validation,4471.jpg,720a2716881b8e13d34ee70d352c9af2e6bc7861053d86bb82a5410d7c99aab4
4472.jpg,train,4472.jpg,0d1a7e1f55670018dbb73847a0b16a3257c19abe16da6bce4c4fd455841f59ab
4473.jpg,train,4473.jpg,55fb97d34f86fe19f8c4600a604da9c27e63597a8222e9ec4d1e1007b56b8305
4474.jpg,validation,4474.jpg,e7e7124589678c54613597fb40588e0629eb387e93b5f66cd367877a80b32068
4475.jpg,validation,4475.jpg,0293361a3c315c4e243bf2033398ef582491209ce7e8c484a5db0084dea42ab5
4476.jpg,validation,4476.jpg,3804299fd9e5b62ecaae284e95d2e81fbbc894653f6ed705480eab2c7535dfda
4477.jpg,validation,4477.jpg,49d613d498a43e559971d2f1f9301aa20a9e6bbfcd06e1a0e49219692d8e51f9
4478.jpg,train,4478.jpg,1e9d4a3f4b8a7d2c01cea52c8ba2ae8a022ad46b8c7ac030da845d49732e6866
4479.jpg,train,4479.jpg,5da7a82302020072c36c69d971b1083c909f8305bdd638c90c54e411173cd328
4480.jpg,validation,4480.jpg,3885a4ad25df7951ef0cbe19c5831cc94fd3178c401e2ce6b5170259a8938154
4481.jpg,validation,4481.jpg,047a7d99071afe1c51c0b0420b1cd9c3de5eab50fef9b6d96a2e8562269a94d2
4482.jpg,train,4482.jpg,fcfbda1e0435786889ca506e2a838770a04ff2fbd73d491143f36b877c4ef969
4483.jpg,train,4483.jpg,fcee58d080490e729eaf7de945106d676e3945418ac9d454d39189b96f3360aa
4484.jpg,train,4484.jpg,bfc43bbae50e1094fe2f44dc16221e8adf7a5013cc59b4ba69c832af348e0826
4485.jpg,train,4485.jpg,c28e13186d7c5780ddb676f81a493e96a09eb7c9052ebcb16f248b631c759881
4486.jpg,train,4486.jpg,006b8674ec1e3c7977b14e4922f112e84df5be60b449153cbfdd250163233802
4487.jpg,train,4487.jpg,e12f9b2a8bde1b1b1535b51b15029084ca75cdd8bdeb16fea59de2e39e34cb69
4488.jpg,train,4488.jpg,ff7735ecd552fe8dfcad4829a940a8c2629dcd54136a029ea91df6e842fb6259
4489.jpg,train,4489.jpg,35b84eb44c0d87ad4baa82fac9a4980d4cd50b2150d892513bdced0fe7294383
4490.jpg,validation,4490.jpg,bd858a17c092142e115b65aac5e3d78c99985bcb9c025b35daee2c278e762aa4
4491.jpg,validation,4491.jpg,fa3f9cc4c19dca17c6b36c8593e817ffe4997eda1053546b80a5f7247c48a68b
4492.jpg,train,4492.jpg,590f31120d86413a9a2c43b2160158bb20e71a5aad2c624b101478029e36ee2f
4493.jpg,train,4493.jpg,67d809e3860018485871f54c969f630c975e211c4208e7cb6938447a85a1b4fd
4494.jpg,validation,4494.jpg,6c559a092795abe439ab6e6e5b7596492060aa8b451ee0ab9a4d9f013ac0027b
4495.jpg,train,4495.jpg,0bcec7e9e0475da20e31208a3ee68a3536cf25b63028c39de82bafe4fb8d3b6d
4496.jpg,validation,4496.jpg,026299d686c346a1baeb82122f173b65a20646cc8d4e3ba4736836a6024e5afa
4497.jpg,train,4497.jpg,b5d97196d659d1eec34cc113477a47c3144c4d59f57cd741e97d8270e054b53e
4498.jpg,train,4498.jpg,43d19cccea2aad4bae77300d72025673bd6a2438b9a3b43dcd555e34710d9ed4
4499.jpg,train,4499.jpg,69c3820174abde88f99cdcbec4ae37fbfd0da10df1c5d9f064d4a7a2525c8159
4500.jpg,train,4500.jpg,7cc3e87368a00320c5fdf5468ce1bc14b3a0825099706958bedfe70403631734
4501.jpg,validation,4501.jpg,ef8f028483d58e4a95f3f8b0df86234a4e9f735329d6c381439a9387345e0294
4502.jpg,validation,4502.jpg,717477b19ec6d3bb04fe4fca2b36adb798cfd84438163a5913256ab1846fcf8e
4503.jpg,train,4503.jpg,9149bb4732cdcae287a9f4bcbac97ad794f068fefb9d7d6ffcc1f87ad1f6907d
4504.jpg,train,4504.jpg,40d45ce96f9e33dfefcfd79c3fc1237deb259d0e9fa24ecc54f7a17af3a2bbc7
4505.jpg,train,4505.jpg,2638290b927a4c86918e77c98e39454110a15fbb412e7a04565e7b4efa773f2b
4506.jpg,train,4506.jpg,9d8e09f002b1d047b4cd037101e3551ebb228e68e2aaf049f8ed32863e478271
4507.jpg,train,4507.jpg,3d907cd623303bdc02dc0d790d8859df8ba215c76c65c3119b7f995aa6117859
4508.jpg,train,4508.jpg,5c1acba8148d00109eb07bee818b4d0f3a4af16dcf15b07cbf98ec7f85f53eca
4509.jpg,train,4509.jpg,6ff56068e6399d9ed881a3291a76d8bd74133e63d12defdc5822a8ce45b5de8d
4510.jpg,train,4510.jpg,a4ac03be95df063e623fc37bf8e942dbad4cc804173147ad785d2b3230d05d74
4511.jpg,validation,4511.jpg,c923d0dbfd75f5f7c12f7246ce2335f3b5d9e9742831cb9099dac215f3ec1785
4512.jpg,train,4512.jpg,8648297260a154ad9d97cba77a4a9d6fa0cc15983f1151ef890b0afb2944153f
4513.jpg,train,4513.jpg,22b175b3f65dd344a69caa72cbaff162db7925c8cabd38fd00ceb72d709e9fe5
4514.jpg,train,4514.jpg,493f1269db20eee9c0f36449a3b0c1639e5cfa7dbd9bef4593d579774a27afd7
4515.jpg,train,4515.jpg,6f266ea345edd1b70ceec8a9591aec6bfb9d4e26623d6d86e7b67a7923e19899
4516.jpg,train,4516.jpg,34c3b2296c340706ef26acaaf447103dab9751e44441fd02ebc12591a80ed71b
4517.jpg,train,4517.jpg,f802595178c431a81f24ff0939593fe6cd7180cda3412d93640913f83a082b9b
4518.jpg,validation,4518.jpg,6fbaf9c40dc3a0df6c13a0db2b04536822c4a186dc96193c1a7cb4ec993d0671
4519.jpg,train,4519.jpg,70c5b706db50985b030b8130b29a74ba17e3d5d981cea351cf95208df355a7fb
4520.jpg,train,4520.jpg,707aef15e347184f0a04455d5760b12c81656dc94166513c08ddd8bd29ad503f
4521.jpg,train,4521.jpg,42c6a7a4bae40f66973d2448166987bb0c6eb1bfbc6f6bf1cf6001ea38e05c37
4522.jpg,train,4522.jpg,471e029fbc7f6ed0a38df8b6ccf2f0f18fe7fcdc654915c7e115f54993783eb8
4523.jpg,train,4523.jpg,87aec1daa225449c8f84c997fbe6a3f81a501dca6ef9c686819ef3609b2e063c
4524.jpg,train,4524.jpg,cae4c7d7a2acd9f4a8e73caace47df510d5d3954ba94b35048e7338a5164b59b
4525.jpg,train,4525.jpg,3ec858e02f878664353ddfc8142c6178d548c7177332766016b22b07c9d40028
4526.jpg,train,4526.jpg,39c605c7c742259ad7fa5a98330d887c8ea0f080a42ee6584c64123476b9d102
4527.jpg,train,4527.jpg,beaed663941f66eb9c1a85079f392a35c439ea390345a4ee14b5e56ead7b3491
4528.jpg,validation,4528.jpg,141fa463082c26eb58a5195161d7beecc247dfd2009853c6b9853a499e141d7a
4529.jpg,train,4529.jpg,82067865848533cbf75235a98f382db082ca72a555ecf708aa10eaf12d09f0a5
4530.jpg,train,4530.jpg,b5c63f5d9aa55e517dc95e2f73d0917a03e1ab47c684f89acdad8f7a5d375d0a
4531.jpg,train,4531.jpg,b42e5fbc8166a2723d641d303346e56b03da99fd496721f78f7f0240ce507d2a
4532.jpg,validation,4532.jpg,98144cd2c6ff5800357060275fa27d1ae611f92286edd7c8422a427222f37f8c
4533.jpg,validation,4533.jpg,41de25cb09ec7562da11c1680841bd16b058d4c7c5b6f2f5c1248173ad200f64
4534.jpg,train,4534.jpg,30e912b012dea78672aecc700b0f8dac4418c6f268c89e8c50c5bec860bd286a
4535.jpg,train,4535.jpg,e3bef90560a1926b68a4c82477bb77b95b115ec4e007e779a85dd9ccca4030c7
4536.jpg,train,4536.jpg,e0aee8007498247c8374432ac84ab69b9449677af1d7896070c7bf87309e9de2
4537.jpg,validation,4537.jpg,5db303085793ec6a2dadaad66520a7f386a575bff737dbda22f4e0d113ee1eae
4538.jpg,train,4538.jpg,814ed492e7d6fbde7f78198f2bbae68dc38c0ebe7dc0e50adfdf59d2aa64d782
4539.jpg,train,4539.jpg,f5682ee83c10e77d28f2ada3c1b6d47c91f8c02605ae7d232b2fcc9f9c116fab
4540.jpg,train,4540.jpg,3ce7729b706ebcaddeffc446ec0e134a5d979db2d431609c67cfa9551a370a8a
4541.jpg,validation,4541.jpg,441554b16eca925c5cbee68f4418647f2d0667001ddcf356cd7b5bd4d6ec250f
4542.jpg,train,4542.jpg,36dd2abd006acb06bdaa04f6bc40d0586f61eeb3b49d953827f372ec391066aa
4543.jpg,train,4543.jpg,1b3dcbbe8b399e9367945f98514ca056d2f9f49047b902183bc1d39e063fbf3e
4544.jpg,validation,4544.jpg,b57b29ef3f020f9feb0baad348933fb8370ea11539fcd0f2658b9fa3f1e24521
4545.jpg,train,4545.jpg,dbbdaa70890c5267d035df7b93f7bc28f509bca2f3f03bbb5f81fca7f52ccd7a
4546.jpg,train,4546.jpg,f6dfa7142d76b2793187de4818414830d7bd0218be4ab0f16a70848578ae35be
4547.jpg,train,4547.jpg,9fd305254eae0ed1ec5451572ce6ca63826a0e448054940778d1a77f4aca2257
4548.jpg,train,4548.jpg,8ee8d0b45dbf0830e198c7c7335aad91debac5d74992bbf0644a6830ba88052f
4549.jpg,train,4549.jpg,72a6fa34541b87a0d91112bf8302d4bb14871cd891f179ee98b7e77dbc9cba45
4550.jpg,train,4550.jpg,197959f6b739d7370c01706391ecd7e75191618d9ddd4ce6a6fae39d59fe9207
4551.jpg,train,4551.jpg,4591a1504be4c4b547b76e4bab8f54c41cc9b263c69fa43e5d705b47dbf92bd1
4552.jpg,train,4552.jpg,5c98a60c1bbb6b9828ad1b0a52e02da0972583c98a7cbd7b4cf8cd243cce5650
4553.jpg,train,4553.jpg,9e68f8d974092415c57f9d0a5a90530f446a58a6762cf2d48649a82c6c95c97c
4554.jpg,train,4554.jpg,de4390a8de5136c407676a89a07c57bab656cacd8487f9e431e19cc18c50e9e1
4555.jpg,train,4555.jpg,a05093eee39885234ddf806d4d3bfaf999200afb92ee7f9bf04a556e01baaf03
4556.jpg,train,4556.jpg,d1dfc80b15a6b36d705fd25be9349a2a37a03e9d5b079a72438e548321ed06a1
4557.jpg,train,4557.jpg,7113dff2e13e651e5d8e1479e5963e39343a38e05e7038597baf90141b1bd51b
4558.jpg,train,4558.jpg,d21de6d68e21afef5647234f1ef537c325cef324eeb7106582a2307a689d9316
4559.jpg,train,4559.jpg,b27b2fc5aff38ae9388e4ad435df28232eb468abdab613579b9f6b07f714c543
4560.jpg,validation,4560.jpg,e09349c3162b71b12f8582955ba06bdb7ca064af3ddbe44d2c7e6a48dd842073
4561.jpg,train,4561.jpg,7cc18ef20df56e3721929152902ef7a355b2068c0c73c4cc8fb7c7a49e9c014a
4562.jpg,validation,4562.jpg,5368395478ccec33ea2af55901a75a850acb6b193cd09de3b6a2b293ecbf4f4c
4563.jpg,train,4563.jpg,4c450d7f3cd2374635809ece8da20c2f2db0ecc1402bd32d283abd5f356732f4
4564.jpg,train,4564.jpg,cb59cc219f940d0122a6031d6865e4df8f634e388f2061718e61da3eb146762f
4565.jpg,train,4565.jpg,cc974f643216b29a8f74a5d67a49e14b3da0d3ca47a54b8c9a48b3ca0aa26f7d
4566.jpg,train,4566.jpg,6d1f4f703bf0965ce18b34d5aa2a0c37dc396ea135b938c7eac0a59b866c6943
4567.jpg,train,4567.jpg,62e9e02df873cc046fa9ae471af0de78f667535f5e0c8c72359a990eed38f8d8
4568.jpg,validation,4568.jpg,8252c8f4a93bd0dd05181c4c0bb3e85b1d43f9c958f3b1d275c2c17865c9a364
4569.jpg,train,4569.jpg,3d196cf31802d9b441d2a6dc6136e0f6eb1d78cb5194d191a880f7f3910d1ee5
4570.jpg,validation,4570.jpg,186e8fd1740ee99682a4bb492e4963a3e37886dcbd9580df5b75e96f50b8cc46
4571.jpg,train,4571.jpg,09d7911a99dff2bbbd255c76178ca792e9af9995e788135a514968a5f036d6e7
4572.jpg,train,4572.jpg,49a826f542f9645ba9c9e26a4b0d6914a827b5e81491914432d29b3a911c9c0b
4573.jpg,train,4573.jpg,a66f0a7540f298d41abe473cfd2ba6817939df590684d48e381c2d39c29d17f0
4574.jpg,validation,4574.jpg,2cb75d7d12af6da77732ba8d1a3716514a01f7b89fc1f1c549bf006e28fc9b30
4575.jpg,train,4575.jpg,820ee539149a54e8e9085b88ad85181c50ff96c009b8d337802a3751c07201b5
4576.jpg,train,4576.jpg,ad087a71c4256a4d1b44bdcb148d7158276a2f5f23d2db90d2614b8fe2b57de0
4577.jpg,train,4577.jpg,d4caf51f80a1811e498632543bb80eac04761ad6a266d715a17c99f035b51e42
4578.jpg,train,4578.jpg,5e3700144dfd79bc95e85fd581158a5fabfa3ce5f129f379ae4eeceed5f1764a
4579.jpg,validation,4579.jpg,5f8effaad2737944040fef46400a75e8b288d649aa93e710e414af1415e6bcd3
4580.jpg,train,4580.jpg,329b72e812681b49476a8bf79d040c11024f28848d36fee3cbe4c159b553c106
4581.jpg,train,4581.jpg,bced6cf88f175b7fb06c5203f65811877c379078b7f0402bcd086ba765a23f36
4582.jpg,train,4582.jpg,23c9e275ddc112e3141910a73061cdcf888fdb90b3d76dcf1dbe04583ec10f6a
4583.jpg,validation,4583.jpg,07eacc909d40303bd9fbff7bde3270bae3118d54b7e612d2bb2d7234e39c0531
4584.jpg,train,4584.jpg,c5b2b22a83a4421da3528b23c75eef0527d3c11f4d99c2d1418f75ec209a792a
4585.jpg,train,4585.jpg,e99cf1db70a78ea94f5a00c4982bd01bfa38828da625eab473d8602a4300be13
4586.jpg,train,4586.jpg,94936be0e5f6e7542a8fb5b8da68521ff8172589b20c5489ad4675ecf4d662ea
4587.jpg,validation,4587.jpg,23f5d19d0888f06a64f802c0b879d7643bf47e711dbede90461f14cae14971e1
4588.jpg,train,4588.jpg,a4e9edb988c8168774d557c3e127e1475e4bb1e9d4be053fa127c1eb6e8bb85b
4589.jpg,train,4589.jpg,f9bb382f231b04e593f900299e173ca0912e98d2869d37652221e9673c811429
4590.jpg,train,4590.jpg,4274ff4856302023cd1106a10854afb732b94bf7ac89de7c2922e38070eea78f
4591.jpg,validation,4591.jpg,f2d7983d1ce20d26c942e1d37410a6397604d79c54554dd7f268859dd2bead9f
4592.jpg,train,4592.jpg,d3df112e949c7468011eb304d578412bb83a667895b5cc9dad10bb985aed29ad
4593.jpg,train,4593.jpg,ec7008633a881f6f7120d6c049b3f45078d0461b14edb0a3d8e43b24d3e5c6bc
4594.jpg,train,4594.jpg,c3fc46d83e82129ad894b993417397ea2fbf6fb83dce2d8827fbe0743e546a20
4595.jpg,validation,4595.jpg,766446253f27ac12e160a860b43a1a2be9060d7055a16a9155a5ae4e5216401d
4596.jpg,train,4596.jpg,38bd6421197f265807794f0bbb5591514ef8693273d5b0821be7ae966e6eab16
4597.jpg,train,4597.jpg,5c70b7b3a42d236aaf5e9dc7f502aa1f41771a3207b0c0ede64409558819ba30
4598.jpg,train,4598.jpg,9e4be1faa9f237d9680179d72463ba8ea1d1c2649882ad3bb75960fc6a3cf0b6
4599.jpg,validation,4599.jpg,c7323a24644ab322f1db7c3cadea244db415ac6c368d1a87d736555b996cc2e8
4600.jpg,train,4600.jpg,859a396fff2ff02093374368becf039cdfb5e3312cf12960a24937cf47361d75
4601.jpg,train,4601.jpg,e667e00a24e9582fb5fd3dbfc514a778ff398c52cc1f5e9393c0cc0e91b9f7fd
4602.jpg,train,4602.jpg,f72f74e2809f2eecc918f63d18394f2155d4b5aa0ac83eb4aaf77cf22d1d6ca8
4603.jpg,train,4603.jpg,98405d39e2fa40cfbd9c9e13bdd5da33cf856e5d76db9b9fcd15d42a24727a5d
4604.jpg,train,4604.jpg,9f5fa75e0d4125d2e597a9942b8241d4c399051ba4ccb696d303be64090de33d
4605.jpg,train,4605.jpg,e3b7e4b53de04d1ed1cca686e1732642f98d9b82d56c7faa88ba0a9fcfaac6f6
4606.jpg,validation,4606.jpg,50d78f8d73d42eac2da2f9f5e6f9b5f1ac96359c8d835f5a2ef4cf404c28cd4f
4607.jpg,train,4607.jpg,2cc1b5b8ae6b7ad15729273fbdb04820dc108d42085ab4133ddad2652e15849b
4608.jpg,train,4608.jpg,ca88f42a1201807537f582fc30b6a49ffe2dde62e7d423cd0048103b8e5c647e
4609.jpg,train,4609.jpg,f76baa0496cb54cd6028d27ac40175301d9916cf53b992559eb058c1494a565c
4610.jpg,train,4610.jpg,ebadc4e3d45a3b07917583ea83cc4a3b83bcf2fc13e2ffcad540edd5a8f14bba
4611.jpg,train,4611.jpg,6f414e01cf3e415408fb8505d7b34a8bee182674766136bb62266ebfa68099bc
4612.jpg,train,4612.jpg,d1e81f3ae9fd6a8b3e7b6f63b713c6d6a09debaa162d94b90defbc2f9d70aaae
4613.jpg,validation,4613.jpg,e508afa515a082bcec658079aa8c1cef10873a1972c18e314141be91f0108280
4614.jpg,train,4614.jpg,f01d92b87d640312d295f37133501a6aee11fc1d3e42fd15b160bb2218998630
4615.jpg,train,4615.jpg,600f9250bfa3ab3b9b0e298a7ec8737eb8e8242891f9709df85658f0a32d0894
4616.jpg,train,4616.jpg,3a42c7116ac0d8ee432c883ff76d0ad93286569bb604f429f7ed0006a1c83882
4617.jpg,train,4617.jpg,4c540c0dfe289c62b98a11594c33b87a74f6c73f9719b14bf2f278675cf33bbe
4618.jpg,train,4618.jpg,71bbeb8c323965d2d2460302b860c48ec50db864775b0f403b15683e31d59893
4619.jpg,train,4619.jpg,912c45fdbb71cae84509e43da459f13f595882affc758aceb37e5435ee8bbfb0
4620.jpg,train,4620.jpg,91eca544522e7f276767dcbf5441d11ad29c5be2692b17c18f394f6c1f7cb3b8
4621.jpg,train,4621.jpg,790618b92062fc66663120c380916c98d0c9a49951ab8eab3cf129983cc3a20f
4622.jpg,train,4622.jpg,a89625626085cfc6ac6fa62e0167184efcc2080d6c17acb3d8829bb52e387450
4623.jpg,train,4623.jpg,a82fade1ed5fe305b121bd3961319b95a20260fc2c39d56b2205e20ffa91a0dc
4624.jpg,train,4624.jpg,d9e791030e579e61ee738128904e906e483354198ba720a93d8be78f5c552eed
4625.jpg,train,4625.jpg,aff48d03e20c7db7a4814af13142a04330d171bce6dc091468104380be4e109e
4626.jpg,train,4626.jpg,fa7142e80aa59ba3ed9acf45eb048035eace3a428c611a9b7b13d12c99107ef5
4627.jpg,train,4627.jpg,b3acbb63e1b48f48ba4a440a020f4962f12fb74c67ab22ee3b048837bd7d867f
4628.jpg,validation,4628.jpg,6384731f0b8e70c6bf69d14c06fd5d017092bdfacee548c1a723411768861518
4629.jpg,train,4629.jpg,24b91d5c9cdc135f1952b8da4eb4d217fc1b7ba409118fa1418a4fc915e19d1e
4630.jpg,train,4630.jpg,8c5fe36368d7903447139c349bd5b8ade05aa631bc2cca1c1c6aacb753bf6f6b
4631.jpg,train,4631.jpg,6ee46666a406c0d4ed47a03811ceb3cfbaf7aee8b472c742e996afb195116212
4632.jpg,train,4632.jpg,30f2e9ae09bc150f231851636e6ae3b7a9020cab4ec9ce97ee94922896d63d46
4633.jpg,validation,4633.jpg,bf9b0bfc40e8c2983eae76123866f556bbff8597f96d112dadc6d307ef362298
4634.jpg,train,4634.jpg,104e5f5bd3fe266bbbda9854c873e7bebaf6f29b9d1e17dcc0d3b340f7800149
4635.jpg,train,4635.jpg,569a9d288c7db6a3b58644ef56b4a87eb2a61db4c892a852eb15abcf62956f1a
4636.jpg,train,4636.jpg,2f4ac5a17adb905bf6a88936538eb26cffd101c1075e127f4d85d101e5c0b0dc
4637.jpg,train,4637.jpg,e977e6791f92d9bce950878241b4d72a9eaf2b2afe60e54638569a532f3fccd1
4638.jpg,train,4638.jpg,b6dc8d9472ef78ae9bea8b029addd375b20a725996900408be9cfe728b7d44a8
4639.jpg,train,4639.jpg,0b8980e3bb16cb9d6260f128fa0cd0bcfcedc073b831f157230530793916cfdb
4640.jpg,validation,4640.jpg,62414fe0308d62d7b04e5dc40d8908dd7eb537870c55c8f4f539ac2c6d8a3b27
4641.jpg,train,4641.jpg,fb8d0e5a76f2cf9fd8f89366e0688cc866f41109366ec44501972b9e7784fd0d
4642.jpg,train,4642.jpg,ac8c7f4909dc30ebb4e6929e40eec6de0ea57f3511a73081d645ee1f3bd100cb
4643.jpg,train,4643.jpg,084188ff53c8eb404dd526645ea660b649855bf1d81963eeda47a6c63af62d74
4644.jpg,validation,4644.jpg,11988057d49d904a55c8fbe70e23ec0f1abeab0d3e76dad0ff54f890931123f8
4645.jpg,train,4645.jpg,635e3f604e9ba63d0aa4e78dca86b23f61550aede38cb9494ca803d1315a6703
4646.jpg,train,4646.jpg,6648175953b5d09932f34f5781866782648d3767276f788cb70378b73a24c738
4647.jpg,train,4647.jpg,fbf242342c5585332eccfe4379b41e8f48b3fbdebcbd1e654e589e00cd39b2a6
4648.jpg,validation,4648.jpg,3c04b5c3a1a6d101adad9afb66201d9e1d127a8d19b103bcd4662a4f6293f0a5
4649.jpg,train,4649.jpg,0defa6a61db89592b9e34c7ee0972a2146092611f164612f6ab28c47b8b0dcc7
4650.jpg,train,4650.jpg,d980220eea91de00d08e009587e570b9947590c5e4dbbfb8a8504448d72f0dfb
4651.jpg,train,4651.jpg,5663721fa7099f6fdd4345b5a1f8c3bc648ddf10a637db9e4cc876980a983b66
4652.jpg,train,4652.jpg,764b3374f9ac90eac58fc4bdc1f903ae58769f83aaa6019882b33158dbf3b7a6
4653.jpg,train,4653.jpg,ab0139d3f3d76c8bd9f377d6687ec6bab8049883a33ae5ffc6514bc92dc95557
4654.jpg,train,4654.jpg,627f81ecdd5ac480501ef24598c7c7676e944b638d3861c6dacf06b3f67754f0
4655.jpg,train,4655.jpg,8707bab6ba66dde7f6a121ada9381097cf7804c4e369937cc4b8fcd3f0d86756
4656.jpg,train,4656.jpg,ef7099685bff16d70123b5b26a2a8ae85c8f1fa3fe9662436db885b51fbe55e0
4657.jpg,train,4657.jpg,11df1e200926f1206564b8570bd44ca454ecece7fee6a4a45c019e2215407ee1
4658.jpg,train,4658.jpg,3b0e3138dc6db076acebcc938a65427d5362ae97762e59a3c3ec3435322cbf20
4659.jpg,train,4659.jpg,188305b4776f500087785f28631aa32a06d3df694919b31f95c2a8f312a5f84c
4660.jpg,validation,4660.jpg,fb22a574643985a097eb3bb93e3cfcbea09aaa28a4fb79bd84cc5fac49ea68b6
4661.jpg,train,4661.jpg,42fb01d99e381f7098b5a7214cb2a48afeffa311151b4e0033717a7bef5d9a42
4662.jpg,train,4662.jpg,6ee2fe57ff9fb698caee7dab0e5893178068fb806f382ee498605952c6a07ace
4663.jpg,validation,4663.jpg,62d076841a961310b694d9c8f7b2a8ae41d685dd61716a9a725015ed97d8d099
4664.jpg,validation,4664.jpg,1de548a171e9027c0da069edcafc26ac14cc0dba2b87c72eb8419f0b2354bcfa
4665.jpg,train,4665.jpg,cd31dfa8f8d2fe0e73d33c320866cbfc61263df9100eb7e59f13a8b4302da3ce
4666.jpg,train,4666.jpg,c89931bfffa0fb8601b33412cf6e9a26c021808b80c845e8535f2e340b139ab1
4667.jpg,train,4667.jpg,f2dc7a78f781c5e1e1e07b22c92072a4356f0012ee4c9f18dba3fc2e0f914a5e
4668.jpg,train,4668.jpg,7f0c1f9e5d698332363cda81090e61c5d7d6754087634c688a814c3457c8b378
4669.jpg,train,4669.jpg,2ba8924db19a7da0eae27c2ef291610f2f144ddc458a0d467a26dd9085faa5da
4670.jpg,validation,4670.jpg,86cbc0012b3ea414995615095ab4c6bd7d68556db5ebd498375db29749437346
4671.jpg,validation,4671.jpg,bbf28bc8fe38ac35e52e75696326339d1edec5d709dd56934ee92b78e961fa4a
4672.jpg,train,4672.jpg,6a062fdaee0c79ad8f7be77e9e54432f7311862452261fd285ff0d86ee6cdd7c
4673.jpg,train,4673.jpg,02c2dfdbb8d15f50e6c3b074dc019174bdf5d26d2fa97e1a4ef54b196caa9bda
4674.jpg,validation,4674.jpg,7341fb94c8ec773b74d47c5bce59c3fa62e82443f41f5c4cb0012b6671937294
4675.jpg,train,4675.jpg,286945e110cf9a2934984ba68fcfda2f6297ee9eddd73baaac37224c0dcd2011
4676.jpg,train,4676.jpg,de46be0ec0b4eaea5456ae58b97fb9d030f0a4e7493289208f46ad0218962a60
4677.jpg,validation,4677.jpg,066e915fd741ff5dd89ffbedd0c609c349ec4a89e97a7b6ec1508e187ab3d4ae
4678.jpg,train,4678.jpg,c3fb39d2a163a9e7b64f0db7c6a90b18f34e97bd1ea7fe7491e78315f73c56f1
4679.jpg,validation,4679.jpg,699fffee76429ddf8730063231cea3c57e6110aa3b0f012b8b88b81863b92c5d
4680.jpg,train,4680.jpg,da3bb6244685a3d463302921c5dc6d460577d17c16572ceed4f2703fc845fea4
4681.jpg,train,4681.jpg,d339177b9337053d9cdd68d19aa76621b95186bbfbfa86d6c69ec265d48081ef
4682.jpg,train,4682.jpg,a48f1128b99fffdb73c1034325626c0015d61bdc248be36f6e9c2932d6446138
4683.jpg,validation,4683.jpg,8733fe7a93b035806b5c84a1fa51ee3945d6fc62c951f573cc0f9a5da0fd4de4
4684.jpg,train,4684.jpg,32939b1a5cd7c1e1c1ff4a7eb2e02647c4f2eb9bcd21cd21fc4841a64d5bfc9e
4685.jpg,train,4685.jpg,f806dc2fe0482de039b6676abf6a9d5a15fcf53cc464275e3bda7e8bf0897278
4686.jpg,train,4686.jpg,61eab0080d4ca9c736b45b64347fdcda6ae39716e80ed5f67400c26a8b367039
4687.jpg,train,4687.jpg,d4757be90cc55c06326f7cc995ec51969d97a0b3ef2154b48f9fbc13dd3a8226
4688.jpg,validation,4688.jpg,8223ea3d60ee9795da56e58a4972f957497fc34d5ef34e9c5481b227e7f57c18
4689.jpg,train,4689.jpg,7c908142910036e663ede49b93fce71a1c0d92b00b72eae8e49e94b26841e467
4690.jpg,train,4690.jpg,ce2c5a389c866c125d9e8e4f053bd96276e7ab0deba68edac6e84727c4d67a54
4691.jpg,train,4691.jpg,029015628196705185cd7ae5cf98f3b34978f853994521034f7036649aca39d0
4692.jpg,train,4692.jpg,1abce541ffc090fa39915d58d8d255073405dc04e166e2d42be192ba6aed534b
4693.jpg,train,4693.jpg,1d3293fdeff8d92683c0cdc10d57de71c19dde9c176d4618b2db919ea454d14f
4694.jpg,validation,4694.jpg,77e429d779b8ddb0f336731f31354e00f3e515d3dea33272a0b7df4f2234dd3e
4695.jpg,train,4695.jpg,a5be5c887a61543e759dd4bf2d6257bc2ddd462939393771d9a9b29f20b985c6
4696.jpg,train,4696.jpg,b30725da384055cfba8119bc933538863e63ce303ba770e8909cbda0fdff5afc
4697.jpg,validation,4697.jpg,adba32174644d1a0707e12b247ab1f14877c2eaab065bddaebbd192fa2b2b606
4698.jpg,train,4698.jpg,10702c7a4f059422a9957171922c4f02af17e2a0c11ca064b702ef6f446173e3
4699.jpg,train,4699.jpg,e3135a42358fc87f7271e68184d5f5a72d9de140d0a6d219eebfac48e4ba8131
4700.jpg,train,4700.jpg,4883e94caa841ab4027ca46b84682bc96c78e92e63f898682d2f043422627075
4701.jpg,train,4701.jpg,7c25d4f90ac06ef3c55fda9c44de4ba1a5d6c142f26fc074d828d917975015b3
4702.jpg,train,4702.jpg,323faf81ff39067fe99a1d3ca8a8487298daea03818773debda54f909486388c
4703.jpg,train,4703.jpg,47d4d5b7d71672309bd44d5e15e107b571c7f226ab70903f09c7e70848f98c9a
4704.jpg,train,4704.jpg,37d4452988833e50f592895becffba0e756cf2de80192c3488ff12aafd86668f
4705.jpg,train,4705.jpg,af9ef4e06434a0403add9a354ea437c40f3027f535d3a198a16e9fcb27d30979
4706.jpg,train,4706.jpg,4a231114b7bd155994f580023d6fa410190b27d25142fd42c4ec312547b742e6
4707.jpg,train,4707.jpg,573cf49ed0cb94426a74072a6dbff6b695b17cf6fd45dcfdcc2b4586f51c8e3d
4708.jpg,validation,4708.jpg,aee0c0d3ff0f7e1f2c407c4d3266c103a17505b5d9bbbca5f0a3b4dd26f31227
4709.jpg,validation,4709.jpg,586e094755c58f99ac8aaab30068499ca8dd1638050f7966e8938f5e47d542cc
4710.jpg,train,4710.jpg,2d1effa60b73544e4109834d6389f73a67b6b0b5b708891a731b48969fc32f5b
4711.jpg,validation,4711.jpg,96d592f14870735623d9a608563d3958b21b4f479ac1d9a524ead22185bcc55f
4712.jpg,train,4712.jpg,c1e06de256f2869e37d52ea5ca9bc1277f2aeac8d18d5a09e28cce18839ddfaf
4713.jpg,train,4713.jpg,1e21a13a9641279aa66a2b3e3a19de8ee921320784a243cb7fd819866aec4ed1
4714.jpg,train,4714.jpg,385e0dd622126a76d53b40086a915b808b90bc1f88fdb49667f97945d8578727
4715.jpg,train,4715.jpg,5fb1a4ee15f0e274ab4f981e18f122769107366e85d45c5101e64752b2b6ed7b
4716.jpg,train,4716.jpg,6224cb89c5bb0ca319ad16ba64661fcc9841cff6123b0f7ecaf2278942590e97
4717.jpg,train,4717.jpg,1f108468870c95cf2c58cf8b2e291fee05631d9a0b4d5558b49948eddf377d12
4718.jpg,train,4718.jpg,082d38c6d837c0ba699156d3d5ebef5e8aadbb0bc127efc7d120055e49ca05bb
4719.jpg,train,4719.jpg,959be11e664ec99f67f10dfe2d875f20e8acdffbd04a2a4f4ed890114e35d7c8
4720.jpg,train,4720.jpg,ad79e674446a8b8f2c31b6e874448635b898c5396afedd21b68b98f54c760efa
4721.jpg,train,4721.jpg,cfbfe4eba294506b1bf515e09571faaa9416c285f3ca5296c69137f0ce3014b4
4722.jpg,train,4722.jpg,f587eb71ce13f69830c0a9196f2036a3b91ea8e51ba9dfe08198ef84895f6531
4723.jpg,train,4723.jpg,94e4dcaf8aff7a17e6294615d1fe80842b362ecd87e350e263507a9eb5f6c6b3
4724.jpg,train,4724.jpg,24da505f5f889f708bbbbbbb7801d0c0a3355d3f213709c19e9126d7373dd82e
4725.jpg,validation,4725.jpg,43b347bffd34940ba85977d60893247a3f6fe3abf989f8493140f8d4b7e9b293
4726.jpg,train,4726.jpg,c8db3caab367dd1cfc922ac4eb3e61a62bb602a61246c55631fb4434521c43e0
4727.jpg,validation,4727.jpg,a2a83a31ed297629d46ba85efb09c9a32d1d765cbfa48009bc4b21e498973168
4728.jpg,train,4728.jpg,ce301ae47014b8427d7d38e7bce9a79ae0c858d103efa0df8ed9e3c3aadd2e2b
4729.jpg,validation,4729.jpg,f3bf21e96e383c75170c4380fceac1a1caaf47c10cef2dd87583b3998c3ad86d
4730.jpg,train,4730.jpg,318680a3ba37d2ffceac6de30533e2482dc8beb5d6496ffb583eb8a519aaf913
4731.jpg,train,4731.jpg,e15247cb5be35dc6b43ff27405f1406d1d3dd1f04314db261d0d0bd6f7ddb0c4
4732.jpg,validation,4732.jpg,285b265c1c157e23e8cf9dee972183c23a3130517ab335607d180d2504184156
4733.jpg,train,4733.jpg,7283260f0a5f7f21bb9e94f42fe863b6d538fa4326228978c0413fd676a10d0a
4734.jpg,validation,4734.jpg,ab753dd9f6d15375237ec62c95783c27b2823bc50234fc06ce15f602fceb8760
4735.jpg,train,4735.jpg,a0f9b603615fdd94df9f2609d13e314ae73373433721eeaa15f58b3452e57d59
4736.jpg,train,4736.jpg,485e92c1834a04fd4d75192da5144b473944c139b592a884888ad491bc8c20da
4737.jpg,train,4737.jpg,777af695e36a0a6c36e34028e17af6ac09a63ba3f32828474517b912a8716056
4738.jpg,train,4738.jpg,b5f186833b6f9e7dbaf643e5f8db7360a4c3277b2bc9c4d44cf22f1a1e29d4ce
4739.jpg,train,4739.jpg,d98655fba5c21479c0aedc3d703888b1c0de7f95e5c434f1b4fbc5d4448c4c52
4740.jpg,train,4740.jpg,7375c213bf135b0c7d22b62b5146a17826916e5372a99c7fed6c01bdd156ad82
4741.jpg,validation,4741.jpg,e5dcd333fd65fc67eb61cf49691ee3b7bc527af3b0001e169839d47cab416960
4742.jpg,validation,4742.jpg,ec8121fe0fe0a26e050e17fda167bc8c0b60074fd7a4ae7637717ec317983a70
4743.jpg,train,4743.jpg,ed8061595e61ae5db8f26574dc6087c9373cefeba6977847e2860a221c48df4d
4744.jpg,train,4744.jpg,3a9ccc443bfdec0a4a036c662cc04e2223f3d24ce47c0a1e379c515a66ab2439
4745.jpg,train,4745.jpg,ed69078998efd5aced40656169c9067ec2689a05f4c76419e61ecb18dc2bc448
4746.jpg,train,4746.jpg,50ff8a3c9cfb91f2a61f95046b06d71e6be258272aa3104d1ec3cb9bcc2b188c
4747.jpg,train,4747.jpg,a59215d3951850bedafefab73502db1b185f602d92567bf14ef44a25d4924eb1
4748.jpg,train,4748.jpg,406f7dc2868c36626bf0c94ec2370d7a2ee1fde7ed664b5182d0dd64ce9eb144
4749.jpg,train,4749.jpg,bd658248f4c5c0eba5f832e4fc0cbef02d3cef1cbea9e32b97510dafb1d4c706
4750.jpg,validation,4750.jpg,7afdd90796a02c892e01efc3d8ff66c3d2c930ac70ff433d6db10dbbe5c6eacb
4751.jpg,validation,4751.jpg,6ea6ea806a8696024c207a978cc0af3f6fa552de68459aa14e47c5ee38272233
4752.jpg,train,4752.jpg,950d0b130b5a8679332ce413cae22f40feb6aaecc070b741087447c96061b763
4753.jpg,train,4753.jpg,fd82551bee17ed1587bacfd1f7b487d28ec76a215ac164656dadcde01058e636
4754.jpg,train,4754.jpg,ed7d56d9212e3d2cded7fa0c9634b2d1e92775b4a86f847866674e071dd7bfda
4755.jpg,train,4755.jpg,1a69e175db23a8adb065be170ba49c31ced7e7bfab4f24655de9eee97c8ffe22
4756.jpg,train,4756.jpg,82dec05668a26ae143bb34f778af1e95b137d5ba70fbb38e17f67a457635e877
4757.jpg,train,4757.jpg,b93fbc136e53f8a929368266e66de7065af835ecf15b0611737a27b9a9be441d
4758.jpg,train,4758.jpg,a5f20759671175966038b5ce98632602d64605835c9e0e1fe655b3cd682bf15c
4759.jpg,train,4759.jpg,67495fe999f1a1c0f435f5cab162a87266a1d923ea08ce6dce54566c13c5af07
4760.jpg,train,4760.jpg,4f26669af3b54faed01e61af2168add6b17761e96a287c920b38d0ab9a3b065d
4761.jpg,train,4761.jpg,35fa8ad37085794851bf16e7049dc7d8d0beb30c53eff344b15ea00d2211c5a1
4762.jpg,train,4762.jpg,b98f10bb8cddfe46dd7fb1c62973b45bd2e504095037be483ed0326980163994
4763.jpg,train,4763.jpg,984e8f080aea2d391ca2a7a0c62ae12e102ed017fa807fef8443a8b75a6a8aa3
4764.jpg,validation,4764.jpg,4694136a19a91b27dab2e6f5c9f6e09c69308cfb6e749702f18ec53277538814
4765.jpg,train,4765.jpg,6a29162c0850a9865d1dfc4416c0a3cc22703d31e4f3b5a46734e8f912f7a14e
4766.jpg,train,4766.jpg,cb9e10ad5c09e7d13d945aee9361eb3314aedb9e9e9db295cf13383502af774d
4767.jpg,train,4767.jpg,9c788e717a076b37aacddf0b69189e1d9b103561925ed47ba1e8a8978c8c4504
4768.jpg,train,4768.jpg,3991f4a8fcfc0847e5c2a4ed451bcde8f17a530020192cdb5f0b1f9da8ab4d59
4769.jpg,train,4769.jpg,56d9fe623d5495b39124038cef8f5ec33d78b131ebcaef08bfbeb417b0848fe0
4770.jpg,train,4770.jpg,922ff8de4c0409a9d6947ff90c1d9c6774005f69bd7f71f9da7f2aa45f2ab0a2
4771.jpg,train,4771.jpg,c95e3a3f36cc1b0f63b89bb311a87b9efad50f1fcbef3d8988dbada02ad99e45
4772.jpg,train,4772.jpg,89adeba23f49301f6cd92364758fe5f1bda19d228c14bb016f60f3e4e3156bf2
4773.jpg,validation,4773.jpg,77a84f630e1be993227ea738e624258bded584d319c220dfad38a8a356ae80f7
4774.jpg,validation,4774.jpg,681f63f805a3343157ae9c9324f01ed37d4b1d31a65eb1b8033b3ccc6dc41b0b
4775.jpg,train,4775.jpg,f7c7cbc6a9aa05b5b91b15f754e4c584a189edc3717e7f2e2d5b3d2fe681cf1f
4776.jpg,train,4776.jpg,c983d7e7c9a2c61441569910938b71ad62131d75ecc2dfc74dba2bcfba5b2585
4777.jpg,train,4777.jpg,b4c98fc588fb22f18fa12d76ac75ede6ef11b2ec22a46078a3a49e476ea65f1f
4778.jpg,train,4778.jpg,814f282c01a855a5af6d3b0e6e112c38bc4ab3704cf0e8191ba33c4e4fe3a1e5
4779.jpg,train,4779.jpg,a2e16f2b8f9efdabe4395751d72fa0528f19dea8be22efdadc0eda43e7e48079
4780.jpg,train,4780.jpg,d112c1849f53541138174b133af0408041c80dbf146dcde3c50ea66ad9797263
4781.jpg,validation,4781.jpg,2eeb6cbb712c8e29fc392b980a1c292399de0ec88728128818eb7a2f576f5bbf
4782.jpg,train,4782.jpg,ad67113d6260589e734e5f9c7a00a9f18a997aed1d145473145c6bd026ed198d
4783.jpg,validation,4783.jpg,1dfe0197929e60d3382f4266f738e4e14442efa550719282be9fdddb0e51d914
4784.jpg,train,4784.jpg,932700eb2debd28cb98f3a397083fbc9941a0284d29c5f972e2020a460c347aa
4785.jpg,train,4785.jpg,bdef01be6f4c1c0885a50d0236205ad04bcbc47e76ae8ab58bfbe552bbbc6064
4786.jpg,train,4786.jpg,75c15757121336a23079cbbf2f0fb9c0820fe9ba69c10a8d3169b9e8c7ebc403
4787.jpg,validation,4787.jpg,93a8cd9d5aff8f4beeaef5e87c456ac4e2d1a4326a6987915be3c45604a443fb
4788.jpg,validation,4788.jpg,7b0178fcd08969ffd3ec9ca44f3bb80b2531405d3859b8707046ea2405ad7899
4789.jpg,train,4789.jpg,26cd6aff19650a80d7ec48c4788342e58107c32775dd406deab30da75e5e76bb
4790.jpg,train,4790.jpg,6f34e54827f56a2b15275a1bf45e0840822c75ec09e5af8c1f00e5e91a9ed8d6
4791.jpg,train,4791.jpg,7bbd39c84bb843f0109b871ba77eaaee45ae1a13a8ee6b1bb0a45877469b5162
4792.jpg,validation,4792.jpg,701a1de63607361c2c30ab79c954c860231db1a6922db820792c91febc2f497f
4793.jpg,train,4793.jpg,73cccecac217c73f25dc70bad687007eccb1eae3e724e6c1a0bf5dec5ddf3a88
4794.jpg,validation,4794.jpg,0ea42139dfbd8d09a3f34bcda4f6104ea6c4d321a8bb62b615c687843cc1eb45
4795.jpg,train,4795.jpg,e64a0e5a968736e4b4366d8fe282ad4e8d13d258d7d17735f8fcf49e3f118edc
4796.jpg,train,4796.jpg,5fded8ecfd6159705bd83dc2add61baa0b77f13352b2bd701a0147aeabdabd10
4797.jpg,train,4797.jpg,93ff43740ab1a6a704a1a35373ac2bf48aae7784274add2c5dd65eae028cb1bd
4798.jpg,validation,4798.jpg,9f7d14915808ad9a674864330b164da7eb98af3b3f54d599ce64e1eae90d94ad
4799.jpg,train,4799.jpg,9a0004b58f8d1157676dc10a18ba8ec484db88892badb097868efef4a88f56e8
4800.jpg,train,4800.jpg,b6dc8ace645bb4d7955414c7b71f3559efa0f89d7dabc1531180728037ac6912
4801.jpg,train,4801.jpg,e86204a9c6367813084dd5a96b4c4d34849d5cc6ec26420c83eab691eae469c6
4802.jpg,train,4802.jpg,44cde29fc42d0410ff66b91ace56b1ae4266f73b1b13f91ef391b09b80d72d65
4803.jpg,validation,4803.jpg,4b351837950694d7281c72362f2348da9aa8b399fc84e49c5a8601208332e536
4804.jpg,validation,4804.jpg,e05e4eb802e5d89e11f2dc83b55fa2318f3dcc40925141f855ad860d4e1d6a26
4805.jpg,validation,4805.jpg,3e5bf7567d31f7075105fd8f8b50d43b4764d786a926dcce5de6648ad14879c2
4806.jpg,train,4806.jpg,e98b1e4e42e32f24a90e269d2d5ce53d5eda5c7dfe7fd4f8aec985ce68ed8cde
4807.jpg,train,4807.jpg,68c9fc65cc4b565dba03e53148e6101dab5397db266cb5d42f9ba20f88b9a4a7
4808.jpg,train,4808.jpg,85f2e850e9b5d04477bebe53f83e2fbaaf64f5e24cbf54a54e59b2270cfd6875
4809.jpg,train,4809.jpg,46694a0f94a9b87638073f916b76541f96f430a465369ed3132c33e1707b015f
4810.jpg,train,4810.jpg,9cce6648a008546ad6b449d0612abe678ed2c069536b70661343a8e2f076256b
4811.jpg,train,4811.jpg,bb45a08262f77c3007fe39506d6c2a61b46f421de6945af6fc4d2217517f9836
4812.jpg,train,4812.jpg,46aec9d25ce4028c465b2b457582ab85c436abeb7e85714e334bdb6bf61e3923
4813.jpg,train,4813.jpg,787aec2790743bcdeeba4aa4bd3ff5c75d99f42f98fa45b979796aa12a32f482
4814.jpg,train,4814.jpg,6f2ca5d6a7bf1cc43ded5a799b3dfb25c8ab53b364cdd0ff8677a383f0f13041
4815.jpg,train,4815.jpg,f4d64d2334bd3ffa4dba17fbb0507daa07ce4e013975a0f40e0b562b64816841
4816.jpg,validation,4816.jpg,2ad791e582ba4313397e073a7d74075637904973546b3fa4852efc669627c22b
4817.jpg,train,4817.jpg,65868a4944d040ac35de16e470916e579fa5bd9fd30a5d7408abcf6aeda55954
4818.jpg,train,4818.jpg,722a7c005a107b4e30f2a39c89468dc719261cf7190088cbb0d8a90886817ed5
4819.jpg,train,4819.jpg,43e74c15a966b814fe1894e5af97a9ea3211fae8e5a9f7ca795ffd56af4971e7
4820.jpg,train,4820.jpg,5fc867fceb56f5ce45bc1d943d10173164dd218417e2c9ab4c7c0bf1d58ba020
4821.jpg,validation,4821.jpg,048a2b859b40c2e8c8c23fe1848074c5785dc4887fa17542f20cf3c474993140
4822.jpg,train,4822.jpg,7532a7e39fb28e304367fdbd02a20b4d29437cc380b73379c7a414214cdca905
4823.jpg,train,4823.jpg,56146d8d155d1f9fc2f31188baf209140a69e7dfd20f00094ef17f6ce3d56d54
4824.jpg,train,4824.jpg,903d13ba9bb4c30ea19c7454b60faa572203a5dc7fc36df5e9ab568d42e540d1
4825.jpg,validation,4825.jpg,c06b7f808836186f86c759b41b379736c3db9dbf42f899e5bc06e45ce44b1a0b
4826.jpg,train,4826.jpg,d5f53556f1f8ee64f91b53dc644dc2d89d97e856abf3404f25bd95cafa949ab1
4827.jpg,train,4827.jpg,a56ab1ffa58760261ae0034728943f144d654da432b0704b42afec9c7a7d387f
4828.jpg,train,4828.jpg,aead49515b986b8ab0797df305f689f901fe08692d1c60a7e896568392cf35a2
4829.jpg,train,4829.jpg,abed57de7d3fe2c7f32f9b72b076b5dc07a60b5803daaf68725d44e6f98400c7
4830.jpg,validation,4830.jpg,e398b52ae4c50960fdfe6f848ed0bcb36a0ad3baac86eb04a744070afef79e80
4831.jpg,validation,4831.jpg,2fb357a5e5721f6ba6c2d7a10be388e7e174eb26193555cd6fa3f7c9becbbf60
4832.jpg,train,4832.jpg,b4c1d1e439a8a12bcc153b49fe310a88b56a1a9e29afa322db586c9b0da25aab
4833.jpg,train,4833.jpg,69b11b7039feca7470de3a05ea503b301930127c11c148ba8d2ca1a3cf6a01fd
4834.jpg,train,4834.jpg,63e50e323410decc91ff074bf96256cd7c213422dd735f93bbfe1f5adb01f7ad
4835.jpg,train,4835.jpg,5db1b0f2a5a82e10a33180434bb9da64a070b94e042d41fd451cdb7201b3d28b
4836.jpg,train,4836.jpg,7f0c56b028f97d5db07ed822c5becdc371ba41c57215c5eec174805fa595ed66
4837.jpg,train,4837.jpg,609135af3f5e2ea45ab54ae2cefa32dfd117925ece99079ed89171c4f5a1d2ee
4838.jpg,train,4838.jpg,5e11e478dee3f0faf2b551e213862af26966099e3cb091bdb5810a76b4cc53d0
4839.jpg,train,4839.jpg,600fc731a8fb33985b93e62bfcec364fc5009ceecbc0013a8d037e4d28cbaac1
4840.jpg,train,4840.jpg,a6583a79378464794e79a3a285984971ee412f1943411f47f4a27bb86b0e44e3
4841.jpg,train,4841.jpg,8255b7a85de896759ff7ae37c489122021bce92da5fdccea0982cb224a4b12bd
4842.jpg,train,4842.jpg,b1b686cf11acab883aa68528f32668f02727328ec1c47b2022ce6d8ca26b7223
4843.jpg,train,4843.jpg,73abe6cdef7faa50d0d120c3c9e2eb3df2e29e80b4a236dd451943b656412ce6
4844.jpg,train,4844.jpg,ec9e3b81b7be99792c96130f2486e877a3c03364f66fbd008290b2ee58600ffe
4845.jpg,train,4845.jpg,b8fc42613bc4cb8be0045983717e3a75587a2b0b47ed1df19defc65426d10639
4846.jpg,validation,4846.jpg,29a2af76558579f9d8a009a56692b17472726c53ad520b7e7656c0ab34dae908
4847.jpg,train,4847.jpg,03e2f1c9da2610323875563baf63dfe2819def089e4fcf813aba29a710761b17
4848.jpg,validation,4848.jpg,c8f84b7fcaa6de9b4d4f2867d4ab8d1f4666450dd2ca57587759511a090eba70
4849.jpg,train,4849.jpg,b8549cd954de8d7ad1c990a2ac5578d52c7538cb2239cac27fd77d55d5c2b1f2
4850.jpg,train,4850.jpg,b8b6c13a805c8f9b465d1ee67a92fc00af3ba9775970df6abe55ca58afe53cb5
4851.jpg,train,4851.jpg,922d4e4ae48b07873070f992440b39b4bd4c7ddf7d14a2068a28e90bdbd8bee0
4852.jpg,train,4852.jpg,95bfaee6ae4e87db87564490e9cd1d8a94f249adddc076a9e08eca2530aef32c
4853.jpg,train,4853.jpg,8ad9511808d1630149f3ff7b9883fea0d260ad16117c067315eb38189b14596a
4854.jpg,train,4854.jpg,55667fe29b3c23c85258ba82755194b3f5e23f3649cc4a42e0e9381ff83590bd
4855.jpg,train,4855.jpg,05bcd434fe88f0d38b50f66217bed3e01c9c015bb82c6f0902994d9111eaef6b
4856.jpg,validation,4856.jpg,f3ba10d6b62dde58a31e30e4b92d6a061b6e0073cc512e42c6f0d85223138952
4857.jpg,train,4857.jpg,24c86a7a53fb77eb3f3c4fbfed43892bc5232ecd822135d25cdad18b30f6517c
4858.jpg,validation,4858.jpg,2be08310f3153dc0ec4927eda9c49ef73afd9139b880ecffa5262a4ab039ff6f
4859.jpg,train,4859.jpg,6dc59bf0167562f2ba11c8062cd5cf680a79b8300c337522c68b32fe06a9ecef
4860.jpg,validation,4860.jpg,5e1bc0112c4654dbeba030f356e8c876aec752e704f9af4527d7fc4e80a26ab5
4861.jpg,train,4861.jpg,542525f2e2b5760ebd079aa0f9e94cb85720a5a00c19fecb5037c703ae52e9fc
4862.jpg,train,4862.jpg,4238359989503e4f133d1babf3fe194ee7f44be9a7cd27c7760c5709e925583c
4863.jpg,train,4863.jpg,98d714a76d76444330f096e49621ec287072615a7762785cd13e98eea45d304c
4864.jpg,train,4864.jpg,69a25f5dbc1b1bdfbd7ab7cfbc37532fdd6cabebef5ebdb90556afe90b131fb8
4865.jpg,validation,4865.jpg,fd1886149750a4138179828db71446d3d9adf48e7f6f14b7abf44e32b6ed6dcf
4866.jpg,train,4866.jpg,a59e22b5221875eeb046b4af2d86d4e4e5c56debf29637e80b301b46cccfc96a
4867.jpg,train,4867.jpg,d02909419e772c16a1b575da28c585805d2f451b218942341dc446d07fd9a82f
4868.jpg,train,4868.jpg,33fe7a49fda9a058ca81c4a8e1c5b55700cfae4be0df0ecad991b84dd01c3335
4869.jpg,validation,4869.jpg,9a0d90d702c8eb3f6dc33fd7a28fc04558ee692655d2efa47e07ec6b2f7e000b
4870.jpg,train,4870.jpg,5fa7695c1b3aa1ed753b6146a946464502865a48ad604610e70f19c39c7d5670
4871.jpg,validation,4871.jpg,26e990041434b5a0f8c0da436c91c8ff290ef657683835d4aebf25d42d8a9155
4872.jpg,train,4872.jpg,ae632f8b61145d66f4044e99fee1c4781b78b2ec40882a25c505e4137e7d9a15
4873.jpg,train,4873.jpg,b0b7ca8669affbacf28f81aed472c324f6a8e741914da1bc435cc3b9438bf278
4874.jpg,train,4874.jpg,cf25dcc83e60f928dcba69a95a54a2dc52fe1bc60cc6c1c6a99fad8b1b4c5993
4875.jpg,train,4875.jpg,53ef4a33cf02c99c2b495e138a545c29fc8a36474579b294df49b11279979224
4876.jpg,train,4876.jpg,b4350b410d07d6402123bc09a4e3ac946120204c6b93e65afc56e81ec1a02f8a
4877.jpg,train,4877.jpg,6c0b1ed32b9f0976def0de1af2fccbbdb8bce623bff7fea63359fc7c9c8e2776
4878.jpg,train,4878.jpg,6225ed5236fa8d838328bfd6cfa8592e07078c5fa3ef2ac4288bc389f8741af2
4879.jpg,train,4879.jpg,86406cfaaf71b87f4af06e7723ec7974a3ffce05d50a0ab6f61ff724b54fb407
4880.jpg,train,4880.jpg,1c34d4b694e3d483680220d85edb1a15b886878288338d5c73ea08486652608c
4881.jpg,validation,4881.jpg,c74cfbddd69986764e66ce0574f15ad50ab5159041bef570f8afad7878d88a1b
4882.jpg,train,4882.jpg,87551057444e1dcbf4d497493364dd4c8256e0653a7678fdad0b77491f406044
4883.jpg,train,4883.jpg,12f4fac450c4b68ef39541259c2b24d6ed747cc4f25575b36cf1d54fafd07015
4884.jpg,train,4884.jpg,89d36bc664169a5a832b8b15ef466365608df4eaf4ccdf6841e8e3aae5818770
4885.jpg,train,4885.jpg,476dfa1c4f2cb3491d72da050e4df991ba6d7b2ed7b6041b04f59288fe7d386b
4886.jpg,train,4886.jpg,954c1c0651c6d1f5f88a294c0fbeb3f380a3485ad4e68ca61a66e5cfc74b25c2
4887.jpg,train,4887.jpg,b791c6afe466d3c78af7bce36ac05683ef47c1aea4b072cf59dd3530901076f5
4888.jpg,validation,4888.jpg,0b848770cfcbbd52fd5c255391dea00a00eba064ad38b8b19dc3911c0b5ac981
4889.jpg,train,4889.jpg,5c79cd38aa205028bfe144c604cb7b41a7898811ec172a15a8df491e21d78c14
4890.jpg,train,4890.jpg,9f0b7ae5628fba12558124f121e9cf94b163a94944791c1a24e469c7a3ed9f84
4891.jpg,validation,4891.jpg,220bd7c534eeb509fbc0394d7b75ff39098577b63d06c47555720c702cee856b
4892.jpg,validation,4892.jpg,f06f98d3136df1dcfec6649f2e356b66ef36508b9054a48c66741c33fab6640f
4893.jpg,train,4893.jpg,a7ed53c717d03d1cb20500f3f9a848dd62a8c6b63c7c9ef0db61be06d2cda5d2
4894.jpg,train,4894.jpg,aa3013581dff4a98e6522a8cb2c38ab0560ba562ab0ab75b36f163f29f1c424a
4895.jpg,train,4895.jpg,20f965e0d4aa92aef04ce951f71e3ec3adf621f421cfdd882d9ca69b3c7962b1
4896.jpg,validation,4896.jpg,f5d6a20e137fa7b9656036e1c1524263c2117da51ab643603665e73b43be7a18
4897.jpg,train,4897.jpg,cbfc721b3a22faa1bf7bcfda4dc95f59b7452041ff900666d54a02aa0715c6d3
4898.jpg,train,4898.jpg,6b53c3745883c1281c51dc6a7b2da1ef4db348e15919bfad0c3109f57eb4ef57
4899.jpg,train,4899.jpg,59105e383e454d19729678ba1cd0f829cf975cab620402b4ce7f28fd70db4ec4
4900.jpg,train,4900.jpg,54be7819d2ea317892b63524cb65e4406d31d4999c1deeba77fa8ee6ca28de7f
4901.jpg,train,4901.jpg,86685b784d2236ed5feb5bbc72905f5cbe91d94faae3cee7fa9c652e02d81593
4902.jpg,train,4902.jpg,b8c7c83b517096796258c49857694e23cb57e2c5b63b8c24decf7975def38137
4903.jpg,train,4903.jpg,962c6b599cd20d36d07aeca779e0225c3b337725e710ccd191671839a53f52e0
4904.jpg,validation,4904.jpg,c03410983fc9eac70d8a4fac690405fcd811c785adf6bb5d5c48171ab585d773
4905.jpg,train,4905.jpg,52b09076eb2e4b0b2a33dcd5839cd59917c6ab08b6d7a128e9d8070a46a9da1d
4906.jpg,train,4906.jpg,93703f3a114ced26d9057952dd3926cdee1739628aabbd93cc49bac30986e134
4907.jpg,train,4907.jpg,7b2ffc8a50f36349e13db2ff2e2048279395bbec51e1865035624c8e5e1c8130
4908.jpg,train,4908.jpg,99d129774a9a38db8429611fa884df779fcd1aea5d811801e5ca1d2d6c59d926
4909.jpg,train,4909.jpg,034d6b8620a23c80a0b97b39ac016007b22cf62f3d0752a65457bb673b94daf2
4910.jpg,validation,4910.jpg,2e171af988e0c0499a64e581ca4b9cd3003402103d6e9be056a599d1c1e6c1e8
4911.jpg,train,4911.jpg,9f30d1d599e6454fa48af43c07b09ae1fccfc3cbde2363ad0ba7ce6996e0b4e2
4912.jpg,train,4912.jpg,7cdb32a3b13251108971f9b69f963e13fa18653da22c2a859b7f88f031822f6b
4913.jpg,train,4913.jpg,cf477d13713acce08b3ab48b0fc707e0663f9be184da81b304d44756b589a3d0
4914.jpg,train,4914.jpg,8b4bfbb3bb8486203a6c3e5ec6e588f146f58c623da53d2745dee8fb24e3f787
4915.jpg,train,4915.jpg,e306e3aad22efc3fa1a07f91c08b6454e8dffa6f39f21731f445a1be9322a603
4916.jpg,validation,4916.jpg,f11b6291358e35c9d3943c12ac351558e4e2e6af3b1454fb3c1e82ff8d3dff41
4917.jpg,train,4917.jpg,cbc3c4128093233d6c5bb894a355defd3839b0d61ff46570a74ade82d39c88ed
4918.jpg,train,4918.jpg,761b0b275954b9b3c3baf0d9613d000b27e624f05d362bc80f90c3e92bd39e4b
4919.jpg,train,4919.jpg,8959f84d47794f62d56b9674ef4bee54c0bda713b74a775236cd53b2d7b40aa6
4920.jpg,validation,4920.jpg,2aa6536d5246cbb9043ccf8bd91e33101964a55b6f884e8903b27fb687e9d1bc
4921.jpg,train,4921.jpg,d50a64050207f23678aeb2b2212fc99453518849da8b6acfc67a979d24b61a27
4922.jpg,train,4922.jpg,5529750a65e8b1cb93d8c4a066684850ba2484da81f4bf4891e35d52d55d3d8c
4923.jpg,train,4923.jpg,e88a08906678605e46f72c5dae6a36637c48571607232ee8f361c56834f2cb42
4924.jpg,train,4924.jpg,b959599f8b488155cd0856a6d8f20797333c1342deee6e07731b8c724ec8fcbb
4925.jpg,train,4925.jpg,7a9ab5470cfed94361e6c07c396563c0e262fa4be8b9e543ce4fc65fbd8693fa
4926.jpg,train,4926.jpg,72baddbe8af336a3cd8ad8752a78eb8f091350f421be9c2de034822d91873cfa
4927.jpg,train,4927.jpg,149f29ce33f39a03e55dc9f5106c956cf57db765402857d361fc87feea5938e5
4928.jpg,train,4928.jpg,07e4f594f4593d0712ec158e2acb3b3b514f35aa5293ac05603f20a4447fa401
4929.jpg,train,4929.jpg,2632cdba02540edb1c96eee800e444f023bdae44e11965617b67a75f41d828a7
4930.jpg,train,4930.jpg,ebbe8fc7db6e7b10ee52d43e399bd12a4fe6be891bb39c5362e5a0841f4fc9c2
4931.jpg,train,4931.jpg,add0f650839be062e8407b9f06bf6e1003c0e100d197c6583aaa01e6dcfc64c5
4932.jpg,train,4932.jpg,15a5bb52844ce3dd7b7cdeb6328a500de24618b72ff865546df8c51ebb5bf94d
4933.jpg,train,4933.jpg,b4f4edb0a74c9ecb465c19a9bff1df552ffda2492fb27d11a4208db8a5b52d31
4934.jpg,validation,4934.jpg,3710705b01d41551d0bee7e4fd360e24f5f280034d23c0b78b00fada16a459eb
4935.jpg,train,4935.jpg,3fa1fb0157c066713beda7ad12595070bbbb9f7cc0fc6cc712b0d87eec03f203
4936.jpg,train,4936.jpg,6111290a74bceb14c94dbc99f02919cdd2cba28924076dffa3db99bd349997cc
4937.jpg,train,4937.jpg,369adf40639f64af1746dd3e815168e9cf8481a328e200a64b8e7b028f3fbeb0
4938.jpg,train,4938.jpg,dd8269cdd3b820abf3ac3e1f0fcb5e59af2a431ca209c0a2da8d33a6011406b3
4939.jpg,train,4939.jpg,6c780219fa872f94a041ee6535be2c22412795897f5236b594d6cbcf3d1e0755
4940.jpg,train,4940.jpg,c79d8ef89c61a4cbfe49e0157ae740d5e67127d7a3561cedb90fef856737bff6
4941.jpg,validation,4941.jpg,492b4dbd3890b220d6bb667e6c0d406c2910ea965c17eec3792ebf3dfeb8ade1
4942.jpg,train,4942.jpg,f82c6c32f933c25278b1c192434c6d86cbb37411a77e1af84a9915cb5732c563
4943.jpg,train,4943.jpg,80d2ceb21729268c329fe3fdd08d1f288301c7dfa35005bab20bbb3aa7f48774
4944.jpg,validation,4944.jpg,1b67d3c4f8b3bd3dcfd6194331bb3d39464b8e6de2ac6d9d84d58b34cc09b7af
4945.jpg,train,4945.jpg,f94449f27923ce2fce8185dddb96f17985532b9d84b97337a6d6a1e2f75d7f40
4946.jpg,train,4946.jpg,cba18254eb0864b16da7143774bea2a6784d39f3a457cac812b6d525a2187667
4947.jpg,validation,4947.jpg,6f628fcca29e714ec71e5a0bb2513b3990c96dd820f4999b4cb20042e5702d8a
4948.jpg,validation,4948.jpg,0ce43d764911eaf9c2d1ef07fc0e1bf072123f7290e96269dc73da1e2ba187c1
4949.jpg,validation,4949.jpg,fcf94fef87486ee74c75073b1900ec28e9b368ffdcc553e6a3d698853e8a7986
4950.jpg,train,4950.jpg,f35b690a966f82dd91a1019fe486df9115f2e11fba4fee013dc0e2b905cd47c0
4951.jpg,validation,4951.jpg,c798d00944567bf159df7c737ef3980de36fc837e46fa1a8d9ed73c90a514d60
4952.jpg,validation,4952.jpg,adfdd46c07d59e23e446ef2dc7ed8907691668dfe5dba147ada2f62dd4bab63e
4953.jpg,train,4953.jpg,6c2772a97d14a62a974d1eb9a70e503e5805d181d049d803a89d7685ee7b9a6d
4954.jpg,train,4954.jpg,d794f049f0fc7bd581c0f194152d3c3481068aa3ab555fb35512ebd9ef92dedc
4955.jpg,validation,4955.jpg,8b83d5a1bf15d10434e07ef8f6650bc7151c0284714b13feed9424f63a99dbba
4956.jpg,train,4956.jpg,1e97dc03b8b439fa8efd2e776b0084d2212f46be8caef689a16b4a9ffce1c4d8
4957.jpg,train,4957.jpg,18a7294f8e2d476d01e51c6fc14745fc783c53aa93387f42bd67968579a2a5d3
4958.jpg,train,4958.jpg,1204b68eb48c9fad730e520513d99ef9717cca22d423c979bcc5a2d315a0aef1
4959.jpg,train,4959.jpg,2958a5d472dc29b7b8d5e56bb40783fc07ff162bb1ef4d4660c0947881edf13c
4960.jpg,train,4960.jpg,a7b86abda467ef161db2bf208fdaacd85f5770a9304d62bc0263cf0b702885f9
4961.jpg,train,4961.jpg,36b02b6ba7695591059caead38de30187a0363123ee42d9b01c250ccebbe9ee0
4962.jpg,train,4962.jpg,a462128ca34bedff85f417a955b3fa3481c2d39b8874b3c25a1366192171ba47
4963.jpg,train,4963.jpg,f36d69b3f1e122c6396c77f3da770034acaf3484116a800fc39bc2bf5eac990a
4964.jpg,train,4964.jpg,3fada8322f5e9dcdd05e4ddabc6b3a0f5bfb7687e447b3ce386ea90667a06130
4965.jpg,train,4965.jpg,36068678e5c91fb16f3025c00c112520089e59e15df179fe4d1e26b1cd391ebb
4966.jpg,train,4966.jpg,080ba347a9b52b7f4be4e3f1d0776e42f9eb214fec4c22d2e876df4295a40ce1
4967.jpg,train,4967.jpg,b1ba53f20ed010d6e497d876aafe0c31288956289bd4080371bb4235c684c2fc
4968.jpg,validation,4968.jpg,3b32a4e18e3cc415425948fad8ce71782ce5e1fe90fa8c753676ac7a7ae31414
4969.jpg,train,4969.jpg,6666f8449ddcf410271007cb9be51d56e66af27838d69cb75070b076e8359322
4970.jpg,train,4970.jpg,31ba8d8ea9815fe093e1385757099f3a07f0f0130ceb89cc26a3bd1d918aba15
4971.jpg,train,4971.jpg,4557a1b27ba6df4f175e30bac75f4d008561187f1a2fd1f8f11733dcb2fd709d
4972.jpg,train,4972.jpg,5de30e443d16ea3c792d902310b947b01901756fddc9122932b8ee12d056dab5
4973.jpg,train,4973.jpg,61e6a035cc5d58c45533ee644cb0260945534bf8150fd38736d8b2609773cc10
4974.jpg,train,4974.jpg,363d23e792db9e0028f05f0169e58caa4a60bb3f3e77a6aae18c95f4769f0165
4975.jpg,train,4975.jpg,406b5a1d4a3c5e8b8d56bf17b302795015ace0ee7f9b3994dd9752cedc5b9cec
4976.jpg,validation,4976.jpg,f4e7c21447a5f559ae4f760a146b59dbed65c0b85b712f37a9117f1ca5e8d763
4977.jpg,train,4977.jpg,62d6bf040cdb55a148264fa217675df90b050ae153aef1aaad950d944e012251
4978.jpg,validation,4978.jpg,4288e38a1db523adff92c85aa95fed389df8b0aaf95eefae464f7131fb93d888
4979.jpg,train,4979.jpg,98ca560d4ef0a30460c3516189042673939d0af77d8f0fb0a01f790e91e4084e
4980.jpg,train,4980.jpg,dd80f59e44bf71e1a2a7cef790c3df9333593866a563062087c414dd74303ba9
4981.jpg,train,4981.jpg,a1187b672ca3642502e00ed56e447d6d62870e9d47d1b3c49f84f4dea81c8544
4982.jpg,train,4982.jpg,9382aea858138f553b289359fb1cf6d4e04e667a763d90dc70b804f8577d9bd9
4983.jpg,train,4983.jpg,dcd3d9345caa8fa5e5afff7558e77690e98bdffcb6e1d196fa7d17971e974914
4984.jpg,validation,4984.jpg,80674bd39f3b6f8484bc7161a1e5c4d46c20a4b631fe88c0af3d1c9e8261c9de
4985.jpg,train,4985.jpg,5848abad852b01b71f12af28363255e02e972f7cbd854330857a606826be6663
4986.jpg,train,4986.jpg,8e9d01a043f8c925af195ec4f07e155bb129521cc0a55ac41f6813efe564757d
4987.jpg,train,4987.jpg,ecf57d44135cb581e5ccd237de3992dc2b808defa59becdd6ffe80add9045cf4
4988.jpg,train,4988.jpg,860455871392376ffd74bf57cbe00220151698d5c3a21dc9df2bc56afa045e12
4989.jpg,train,4989.jpg,dcfa832529003e9ccfc93f4aae9ff7d3d0d3cac1dd8d3a599998b22979375164
4990.jpg,validation,4990.jpg,d3e44e397687c6c175bcfc672e5b615c6c85bf391fd64bfa8c495c615f68d21c
4991.jpg,validation,4991.jpg,5bdfa55b2a2335941b2fece51b639f4f4fcc9ee3d6707c0e38ee51d75632d67c
4992.jpg,validation,4992.jpg,854733aebc28b2c020d3130c2616637c5d890c364a6419de44a311e447afe4eb
4993.jpg,validation,4993.jpg,1979f19f52fbf3de2bceb33f57cbfeec22b0307df1748cd3f4eb2008ca7b5df9
4994.jpg,validation,4994.jpg,f4cd6a13b1552c7b61cb5a14af7b728b47c635c47e924a7298fde93804e5a718
4995.jpg,train,4995.jpg,712e87c45ccab09a6b357972756d05131341a69840cde0203a0c32a3f637f09d
4996.jpg,train,4996.jpg,5e98231049c70e2e297406e7327636990b845b77bb186f1294bfb61dbc4c619e
4997.jpg,train,4997.jpg,eea2120c09f8616c8b24d5ad97eae7396d36559bef28ee47992419bbab102196
4998.jpg,train,4998.jpg,dcf362440cfa03c286ca890d155f387ad5e662531a1315d5d3ee10871958ebdb
4999.jpg,validation,4999.jpg,35ebde674573c7c7c55f4e749ecbef38af516e797574eb9cba2d36761731c6a5
5000.jpg,train,5000.jpg,8dd68b4a6599f7a79f0e02556e7affb2186884411dc5554b9f42a150fec4df69
5001.jpg,validation,5001.jpg,3a6eac0947748de2528155122b71eceb7b03de04c2e2d40cf7098d243bb3e83e
5002.jpg,validation,5002.jpg,4b8fff85ae7daee26f6ac8a922e51aaa59797456963f80d7dec505feafb6ff0d
5003.jpg,train,5003.jpg,15c9682547b1141d182510a779734844cd01558546f321189e1f9c174c2a4019
5004.jpg,train,5004.jpg,0ab8d46f9a31246c28d8d303fc43e47dc8aa47f78e811e82d7130ce3f58e25b0
5005.jpg,train,5005.jpg,1f988c5b0e72af86aa778bd31c3307c1568dffa15b2356c084d00361e34dfb79
5006.jpg,train,5006.jpg,ec94e84d696353add1967f49611e73941ac508454433f74afe9c988bff437bb5
5007.jpg,train,5007.jpg,21e4c86d5ae97c82fef527490d255a775a31c40dee092f7ffdea85b5ce23580c
5008.jpg,train,5008.jpg,aaadb404551dfd1c494693ca6b53c501ad99e26efafca0b9f94a5b482108985a
5009.jpg,train,5009.jpg,54b6321984a907f920d63e8b0d43ef42253b071aad5b6595c8ed1f718cccc2b0
5010.jpg,train,5010.jpg,bf5ac9f2675080299946334261fd1eb3132b50ebff6d53a4621520800ded4bad
5011.jpg,train,5011.jpg,13da2be483fb6f07c565eaf4d40a2ddfe6ab5a70335435b3470f05082d4e2e28
5012.jpg,train,5012.jpg,43fd36177234cef5d91e92d01eb451917d9cb30a94b6b14345e8cb62254fd33b
5013.jpg,train,5013.jpg,5618147f50660fdda1127cdfc56fa4cf226bbbccd9d78c01c255e704be01aee7
5014.jpg,validation,5014.jpg,b1c0ed2ca07b0995af593e4cffffde6f599e7712a349103da6c85666b962a3f5
5015.jpg,train,5015.jpg,9a3bda6b64ff4e4c900d8acf8e44c34aae28acc7c65c719e0c1bcdfc1d73a025
5016.jpg,validation,5016.jpg,6e50650f32eb4caed4020cb5cd00d05d42b7ebeb31145705ea8efdce4b259754
5017.jpg,validation,5017.jpg,89c668171393a05d5988c5eba5d49e6587743027612eaf70b8e4c829d3c85f8c
5018.jpg,train,5018.jpg,945d3d62d8edcf385bedf577dcd649a78ffa775f0f004a2fb085d74444e78894
5019.jpg,train,5019.jpg,45c42a246c8b5761432353041c749c77c0f923e2bd9b113f04148e33b30efc24
5020.jpg,train,5020.jpg,ab01f946069ebb890b293069e9034c36267d25fc79bd26da166eaa950bdd6ba3
5021.jpg,train,5021.jpg,e94e98e4d56b11e35917ef13ab291e00214bcfb0d8042b2f5da779af34916bfa
5022.jpg,train,5022.jpg,87bb423acf87ba050b91da909594e37948cc1e168c527fd9606faf81261693dc
5023.jpg,train,5023.jpg,63e5679a82a0d747226a985732f813fec9f774c165ef46d6e5a23bbc72ad7561
5024.jpg,train,5024.jpg,7f696b18e7b0a373a1aeddc343edf52625b17429b7320aa1f97ec0598a543c44
5025.jpg,train,5025.jpg,e762b647fdb05b2d574f325a63f45b616e59a0c9bae32e38e4fd293c6072c211
5026.jpg,train,5026.jpg,e1c0d601e203db5c3f5740cd28ae2aa51c04a85e0c061f129d4595f10a3e7891
5027.jpg,validation,5027.jpg,3cccdb842b52763a8b491cf7de2e32605c86b9532022443cc8ec821ecd8fdc2c
5028.jpg,train,5028.jpg,ef1d1899eb3cc5100b88fc49d93927a426ce27cbb2d20c57d975d0f9e5cb3215
5029.jpg,train,5029.jpg,801abb9bc7acab76809a37f6ad913c55fff163874d7154f2945ccd55af814e43
5030.jpg,validation,5030.jpg,c3ba1318e1758b831ec0db5e18e5755f6f32b1d498549bb754eb2de242391544
5031.jpg,train,5031.jpg,3352414831803921f0c15e9e767410fd218d9035d5b58c07669f7e21de5dba12
5032.jpg,train,5032.jpg,2ab7136da33082cee49c213a2ca2ac04c1a4bc0d2929ce1ca341035e0dcb2356
5033.jpg,validation,5033.jpg,ffa761466e227636951b87d8e55e54ec62c724db7f0f17af4f88760b9eeb83fb
5034.jpg,validation,5034.jpg,e3cd0b24c89b7a61b7dab0e5a4b6bcfa313be84cd8ce4cc34fcf525663481b6f
5035.jpg,validation,5035.jpg,a35fe808eb5ff311f343550c501047d9aa914208c85c1df29995263f0ce0cd4d
5036.jpg,train,5036.jpg,cc4d21a506f87410751da99d5d4fda3e79e934b863be4b9bbd5bd9bb0580d0f3
5037.jpg,train,5037.jpg,f5721c7c29277b12c0cb08395748c9d3cbf4dde11d6d5061ce36ad41aad28ed9
5038.jpg,train,5038.jpg,2c5d8dd6cfb4307cb502ecd24c6d568e4bcc8ef9a46a3348e27819e2cb4b3236
5039.jpg,train,5039.jpg,09706be45a519e9f46dd0b3d11d0d36492ab2c3d172b32e905dcf07e5ebb5ac7
5040.jpg,validation,5040.jpg,004ef8be83c92ee123c350085906436bb5e65fd3677500459cbcac85e7179048
5041.jpg,validation,5041.jpg,bb28830bcb871600edfefe5f569774688d273b62b36869daac20f858988d349d
5042.jpg,train,5042.jpg,a3702754cafd851df43c1ed95fe5e31af5b6a6746faaa0ed65c6be7736537b38
5043.jpg,train,5043.jpg,a449fb4b8abc55919c061c85fb3a941f3277ae77b1bb0f6884ed289ed6fb3be8
5044.jpg,train,5044.jpg,b4e0302098791c34b4dbf866637101fe37cc3317c50a7a08cc8c204d6b95c52e
5045.jpg,train,5045.jpg,da9053de7c8d5eecdcde38b8198889163ca090a0e663d5b77ce7afe5dbc0ad44
5046.jpg,validation,5046.jpg,4d862e151d0e42c27c2273c0faf344ad724051008b161e215b6afb08d5f2c733
5047.jpg,train,5047.jpg,b73a17dfb69d151097815c8759b9ba0985a07700c3ae7e8c8bde9c53c8cd0a24
5048.jpg,train,5048.jpg,7718454925a24927c4d7ebe4396e589ab0dc2d23b9b0a5bb37dc3b529325b35d
5049.jpg,train,5049.jpg,8634e28152eee7ef95f2accd3bc787ea85c029e6f64be7ec465c1703a7799e4b
5050.jpg,validation,5050.jpg,601f2e409c9871ae01a3c1e102c1faa8470bb69e4a56e9d4a0f0a0eb7d393b62
5051.jpg,validation,5051.jpg,8e84b1fbb1bf8724971fea70e4c3ff284a8156b3a93a1eadbde6a4cda0ddc72c
5052.jpg,train,5052.jpg,3b6482c62478829ff94c79e7bafaf2efba53d989acebe572302c65fee44410ec
5053.jpg,train,5053.jpg,3fd695152d3c1d39487ca635bfc3fb5c7abb2813a8d2e4af9efcd31d0441e945
5054.jpg,train,5054.jpg,a4327c1a7a539207d5f7bdb9e81d57fb36306613ecfba19aa911e4388ea7d203
5055.jpg,train,5055.jpg,99c2f3319d9bebbef39b8cf93505f998399324cc111ad1c4e3db8ac7fa808737
5056.jpg,train,5056.jpg,f4396fdf47f8c9b52c6d18fcb736d5b476d4fc070494d0a5db1f9422ff80855a
5057.jpg,train,5057.jpg,c6363e827a0f70cde54c4208e7f8049dc18b7be24a218a925e5f48e277784e87
5058.jpg,train,5058.jpg,9b1e2fccdf449b390bd9cc979ed36cd6ec4ec5fb72a98715dab37bcb90d5544d
5059.jpg,train,5059.jpg,1cdaaa4cf5b63e5aa93a95ecd74a04949b26399ccbd382470b9bdc4e1a2030f5
5060.jpg,train,5060.jpg,1de79f5329f9f4aab301ca40c4dcc84667aefa32283f812ffa6c89f1a978aef7
5061.jpg,train,5061.jpg,9f00849dda6cff9eff0e4ba31e8c64c4730e1a598f6ce7e5a808425f6f650058
5062.jpg,train,5062.jpg,a7a58c4b30b0093aa59cef4f20cc83339ab333b6259b6bfaaacba4850bbb6b4d
5063.jpg,train,5063.jpg,d5e52e0c6332798973c2e4bc61657ce268000af3d7e06e50aed380772cf9b2fc
5064.jpg,validation,5064.jpg,af14956113a140fff53ec026fe107f3ab7f67188289fe303693c55b385b1134f
5065.jpg,train,5065.jpg,e2dec936ba027c7e8b0a098bc480ef92852171c37bdcb807b9127ae9e36eb24d
5066.jpg,train,5066.jpg,903c6224916f647228742914fa6c4cd0cd574ffba534432f19d7225ce5eef9ae
5067.jpg,train,5067.jpg,dfbc1abfead38f47eeb34b2f690f18e1dc3d5abab31d4197ea507ab4eed07d6c
5068.jpg,train,5068.jpg,3e6a3bd5d94420025ba8d6774fb83347aeb7622eb38d7e2e4b15674d1ad0980c
5069.jpg,validation,5069.jpg,6d3ffd4d2c110bfc80061c8bcbde4b79eb9b9fb3b2cc80571b879ef5469bc691
5070.jpg,train,5070.jpg,1167c0e8bbe6a52171987017904c68b95ce4067b213ace79a3aa1a02647c9cfc
5071.jpg,validation,5071.jpg,821fa0346880b49bca88fefbdf520b45081f27eb8c30d7d4be54a7240f7e7198
5072.jpg,train,5072.jpg,f5a638332cddd90e7ccdbdb97e8ed14aba870bec09ec8d7e17846a573c2cf323
5073.jpg,train,5073.jpg,db83c8d975bb4e6b7fec805348bb11be1775f646ed4e20a9341e54655950d3bb
5074.jpg,train,5074.jpg,352e8bc1a4d1ac77e25fb2a0632a4306ddddbb93fee667e52de015dc11ba4d9a
5075.jpg,train,5075.jpg,d7fb0fbe3aa4ec8dbdefdf91ea41bca7c8c58c16ece09251aeea97355dfe233f
5076.jpg,validation,5076.jpg,3411d8834e07aa66156ea7e3144de3e02a55fd25ea8cc1726204b86d4020713a
5077.jpg,train,5077.jpg,0ed220f96bd586c173ddf9b305bc425a5d8ca1b1ca3d23da7bf6d48a12c5436e
5078.jpg,validation,5078.jpg,c34b4c46cb4d49192476ab596c51c950e13b6cfbee7605c7600a7abdc7cfc901
5079.jpg,train,5079.jpg,7e833b184772c5d504ba55e2a572d2e0b9cc406562b73cbeabf89cb7e992646d
5080.jpg,validation,5080.jpg,2e647a114dd1579579ca81ebdd9d784b8a0b455332a4df7a8c62e0608e304793
5081.jpg,train,5081.jpg,5aaa0b018504b9f43ead8617398ef38c3ec6e8b8237c725cfdf423b5e173549e
5082.jpg,train,5082.jpg,d88df44720966c0871fa5e768fc3628e0ac74056da7537254adfb84cb3bf15a0
5083.jpg,train,5083.jpg,cc712ecae209ed87f4b312fc70fe5cfe528afbe61afe76361092e0715f2625a3
5084.jpg,validation,5084.jpg,991ad2b4e031c87aa4c45363d92570ed6c553459865d146ba1c09a8ec94f0d16
5085.jpg,train,5085.jpg,af1f6eb19f3f93f3c4690f3e154620649df8e3ee8360002914d14d7091e4f128
5086.jpg,train,5086.jpg,d2d2c7f49e0fe44f21992f280d55f8080e00191f2b6c29dbff9f2430017923f4
5087.jpg,train,5087.jpg,7cba23e18c1f839b17df2b394ee53fc9927fd320dcc3a9493344da9f6be01a44
5088.jpg,train,5088.jpg,77a8701f3296619bc5e27c56b81247830e7ed04a2696e14674d9b548f0bf5bf2
5089.jpg,train,5089.jpg,6b9b7883eb66d6fafa7381ab70108efb2a5f02edc029496685d50b4c9f0544e6
5090.jpg,validation,5090.jpg,d890fe89e51f9401e6961815264067af00c19a52bb8f3d0d38320c2ccc5938d2
5091.jpg,validation,5091.jpg,e146ab29fe821373cd52c0de1cb776721c9b8ec74fab1f0817817c71ef7a66e8
5092.jpg,validation,5092.jpg,80ea39d16573ec343fb9269d2b1a8d5cd34617dae19a5707012c90372c67e7af
5093.jpg,train,5093.jpg,51c51cb7a57344051d921bbb46e26f388c144af7854c4b590e7cb7c11da42002
5094.jpg,train,5094.jpg,a162d95b55a5188d863aaeb0854780c04f4bc3e60fd595f9b9046f06c47a6c33
5095.jpg,train,5095.jpg,ee4221e7176895930fa4673780adb0de06abbc37f9d1ceb917339c75960f1eaa
5096.jpg,train,5096.jpg,c3dae906df765b517b743647d9de52bdca9ecb8bbd9cb557352b1ed03e0bcaed
5097.jpg,train,5097.jpg,1fd9d3458735037c94a4c5182975fbe9a65e0c25b471fc87de0025190cb55873
5098.jpg,train,5098.jpg,111f2ec710a15b1827a115c15fa21cac091c8e2d54f8d9cbc4ed6f925c2aee3c
5099.jpg,validation,5099.jpg,78f3d1ecf62f7d164fa811de35a288d6991de2111b1a4719d45afb50ef7a4c3b
5100.jpg,train,5100.jpg,5c562b98b9f84e51b5dbfa3c268157a68c4451b6c29f8747873282bab4f6a97f
5101.jpg,validation,5101.jpg,631a2ff2d71370b86d0905f91b9a55d80693cdf4c5e1c6f5d61640febc2a5f7b
5102.jpg,train,5102.jpg,c59e526ec295c80323d13447bc953177598b3e16b23b25161eb49c8b2fe09bec
5103.jpg,train,5103.jpg,5bdad7cced824064deba68163dcbf4c206f966f50a0087d3d70312bd5791e48a
5104.jpg,train,5104.jpg,e98d18da9b791bbd04ef81b6f13c0db2bdd43dd8fa79091538e544efdfe00716
5105.jpg,validation,5105.jpg,bec056d459cf697932cd84e208b608750b517f8767a0f82d422ff6032372b498
5106.jpg,train,5106.jpg,4ab7abca8cbad9533e8ad438238fc23fb958716d221868743a8039a906e4e501
5107.jpg,validation,5107.jpg,aa74a48f9682db0bca6c810720d410ba362230eccd7c88122070619f0372abf5
5108.jpg,train,5108.jpg,af5a2d2372e18f60fea632f41c03386b359b1c8b77e4401c2fef7531cbda44dd
5109.jpg,train,5109.jpg,355b15064f3a12314b49e249b91183b632e6694fa460ae66744c8f10a72a1dd2
5110.jpg,train,5110.jpg,ebb607ecfedb677de3f1ab15595bd32a93e28849b9eaecbe37a67302e72378c8
5111.jpg,train,5111.jpg,23bc0a4465cf01843d2898b1ece5ab3452d5f6359a726c7e9e3b62af44aec2a1
5112.jpg,validation,5112.jpg,7866968a14c2186cad7a40978b485e21b707392812919dda838b6ac0f2cbda07
5113.jpg,train,5113.jpg,2fe10dcf52ef69eda4e9c0e0a5e441ad3dda8ea20ebae7c13b812c16dc22a341
5114.jpg,train,5114.jpg,b9471ec69eed9376db90f505499848182ebe65369fb25ffd063730b322e877ff
5115.jpg,train,5115.jpg,fdd494e24fe521922773c86967fa1e8fdd298f834329dff44c43457b797af21a
5116.jpg,train,5116.jpg,ef53b5f8b17fe7af4a3b91584aa48bff64b22c22f317497433566f1e6e1908d5
5117.jpg,train,5117.jpg,96a93d0293a97d840590d4a4bac4d2c0cbcdd159c244b7858c8ba73e4cb160ee
5118.jpg,train,5118.jpg,aa2902edc1db69c7e8eb1018305591bce9a1218bcab9fa3980becfc0ad31ada6
5119.jpg,train,5119.jpg,64997113799b8a3e18df38f2d1b454991c1c45c72e50af6926717d35bc27b034
5120.jpg,validation,5120.jpg,577167855f6b59358c48a6643917bbbafb149827d26e05da7e1f17ab7feda289
5121.jpg,train,5121.jpg,68ec70f13ff60557d09cf4021fcb1a741e5013bd9f12fab87c74798a05ed33b1
5122.jpg,train,5122.jpg,d4279da2ca864dfb24875a72d29b01566641bb9a175ea48deba3f2c45e5d45a9
5123.jpg,train,5123.jpg,1259d289d66c2e6d0d4411077a5ad43b5e56ed3fa6c3ab27c007e3c07d2c25f3
5124.jpg,train,5124.jpg,d08e8c4b3f9440aca7056c959e84f8093cfdef8d6efcf8abed61a4e29a56c894
5125.jpg,train,5125.jpg,ab1ace48907055d0abd4b930d65224b875aa21123253a7ab2fbd4ce570b2cfa1
5126.jpg,train,5126.jpg,81cd9bf0ce8e8d8dfc403f2ed209c1469023c12b006d991555873ab274e2ccdd
5127.jpg,train,5127.jpg,596104120620fcab4166ccf020a16a5a729b5141660148d307fb75a81f944bf2
5128.jpg,validation,5128.jpg,894af67f4d2ca761bf04077abef905e7cbfce5d64a782f61529bfc19ef5fb185
5129.jpg,train,5129.jpg,5f39acc545a6d4b0b184a7c6ddfd9ba36c02f0d5bc0fa9433b6155729075b916
5130.jpg,train,5130.jpg,0c8c2a51be2f81d8edb620393ea31fd0a55b78aa5083cfdd9554dfd7bbbfec85
5131.jpg,validation,5131.jpg,adda29ec684fb34e7ea3f69a94c860916f2ece6011e7327cd702d5539ed43ba6
5132.jpg,train,5132.jpg,c8e1f61ea55f1171b0d1d87e3746f0ddc1ad564712f0fe03a006dc4f794cd3b5
5133.jpg,train,5133.jpg,f989ae18ccc48d3f90a162dc37e434d04eaf26580f43b37a83587a53751bf01f
5134.jpg,train,5134.jpg,e3362999fe37eca60b9a1b5cca85efd2aedc1e08574155c0f4c71de6bcd18b57
5135.jpg,train,5135.jpg,10b1116df9098df42f5c7373e8386d6dada1e08d8eaf404f24d9c929917e4e28
5136.jpg,train,5136.jpg,e77227ac7530990d50436adc7ba7b573f2d6c2143edf148b2c78fc90ad126f4f
5137.jpg,train,5137.jpg,6fe51120ddf304c98869bf9e872b467cc4d20ca2e197942c96d84f9af38c945f
5138.jpg,train,5138.jpg,736428302bd16c70527312eae9032a896f5287a101297ca8dab867fe0a3ab656
5139.jpg,train,5139.jpg,58a6dec910d3935a82ce003bd48a628e40986e0cce93c583ae4e1c7b5c34e4e2
5140.jpg,train,5140.jpg,7cbd8e54427c8558a5711ac2ed4dbab2157c5fe0252560796a03cd9342469f2f
5141.jpg,train,5141.jpg,a85c74b8a1b689d811011e7eb030e365425d80bf11fb7c2bf28cd7ac7e562774
5142.jpg,train,5142.jpg,ad30b5b3d6d59c0a6d25c86ed2ec7eaad9fa504b0cf0d27c047ead27fa147ceb
5143.jpg,train,5143.jpg,11afd362a0c5bf3835397bea8866fbce65fc1a942f521b3f3e12d167baac7d90
5144.jpg,train,5144.jpg,750235df166f01d6fcbd3d546f1e61a28bde4764219a0949c25d3899ed0fd5e2
5145.jpg,train,5145.jpg,a3c6655e9f43ac183663d0b865fd33b084b6e0070b32b7b66bcae79a8a132e26
5146.jpg,validation,5146.jpg,fb82be8dde97f0019079c1382ff91b83d71f95eab5e608bd85fe3786225c8920
5147.jpg,train,5147.jpg,ffbbd782a51dc5f9a0688aa285ea6d6e4d4f616b375cc195252cdc365c5dc714
5148.jpg,train,5148.jpg,1936c95a9bfee1c5c045a9fd1e4c7a863173b6c3ee4359484fd35803bcee42fb
5149.jpg,train,5149.jpg,3ad5523c042d6ca98487efb04ca3ee30cc22dac643647fbaf4d07f7d993c2f4d
5150.jpg,train,5150.jpg,cca3dc1b2cf83845be9cb436947e9aa0810ad5e5fd31abec68d5cb2a6736c744
5151.jpg,train,5151.jpg,aa5f291ca4946f954142a21cce44739d12eb755c39f1b2b8fe02b7fdfb9e1a28
5152.jpg,train,5152.jpg,7bce460a9d4c8674ba70f3c757d65382490074d316717b85aaddaeb26cf1e80b
5153.jpg,validation,5153.jpg,71fdf084d01b77430b5450b5afd954b599f584b012d20287b770ab301a981a3b
5154.jpg,train,5154.jpg,1c23f31f1a34276be90a9e268a88abb0e3e7c2728524ac90f784d58a2ce04c47
5155.jpg,train,5155.jpg,f7e31b421b5c667eba4aa59efbf6f6fb137a2c0660a585dc552ed04b39dd74a0
5156.jpg,train,5156.jpg,007b906331356da8853f280619ab8c04ded3d5431ee8bdc3e172189ee16599ee
5157.jpg,train,5157.jpg,e2a90253b1f42e6ca233d0d969085a2df77959cffb22379c0e33f619e02b664f
5158.jpg,train,5158.jpg,2ddab1bb1406b0964594ef50480e9595ffc4a902a012466c0157e0a9066abe3f
5159.jpg,train,5159.jpg,ba0cb020e2dea22eb205d44cdfbe0c28d8e1b4fc03709d1e502f6bd3331c97b6
5160.jpg,train,5160.jpg,e9ecc45b694537f9f46d8b8b621fe251fa73b17cf8dc583a9a8388b73a33c8f5
5161.jpg,train,5161.jpg,1bf6d4642704a9efa2fa9f1c47df2366e46aa7dc331960b5d57923933b86d4b0
5162.jpg,train,5162.jpg,563d3b1968f84de70dbfae7a62b8bc4bacdc48eb7368dbdbb28c1e4f6859ed54
5163.jpg,validation,5163.jpg,68c64f69f940f69a65f704ec9fb80d4c468b1f25dab1f058ad19c8f5edbade0a
5164.jpg,train,5164.jpg,cdc7b62dbc17fbb60557960ad5fcfecf9b3aaf173e2a7abc40dcf4e29d6e7ff4
5165.jpg,train,5165.jpg,704e8e9a12a5f843be9ad075b6c0f63759d5f300031d60449f5a7eeedbd3ad35
5166.jpg,validation,5166.jpg,8b879f91932e02ab8b6ce1298a54c2b20c72028a49feb98284ff8f0ad509ea17
5167.jpg,train,5167.jpg,62aebc77b527e0d0d47d041831550255a252d699245eda5a91b3c615b6db5d79
5168.jpg,train,5168.jpg,99cc4926ef374dc78234ffc4e9b98aad024126fd4a99f7ac881a1bd3baf29c61
5169.jpg,validation,5169.jpg,14adbe6cf6d36b024870f69b5a6a622a181731095bc448df64d88f959e1c8550
5170.jpg,train,5170.jpg,4391e55f597c08d37cfe8c9f53a18d641c9e9100590889cf9e67346f1a221419
5171.jpg,train,5171.jpg,fe9f4aa6db8999af91e7837e5612b661b335ff2f233cecd5ec4a13e0438adb11
5172.jpg,train,5172.jpg,3764df537480f6c5ed75426b3e0487570ff8c3fc1862a66a251cde50b895c7b9
5173.jpg,train,5173.jpg,51c7be01fc8ffa477a6f5002379cc29e567c108f863ba23366f6ebcf91611921
5174.jpg,validation,5174.jpg,588a109e83c5d60dddd760d1d0c86289a6bb4c83583cca720d11b8f7ce46bb3b
5175.jpg,train,5175.jpg,713c1e89f49fd05a40649a0ce8ad2d84daf774867e6d2beed091c4de49348aa0
5176.jpg,train,5176.jpg,ca885bb66bb5eb284a08da764b32549e453ed77f03e36172be761235a31b16e3
5177.jpg,validation,5177.jpg,518fd56bc52831117758944779a123bcb9c92b9d93c19302f980aea89dce70c7
5178.jpg,validation,5178.jpg,77388241d0659e3999ee1e7c05cead8dbd47c1588003eece1cffd331f4ad4962
5179.jpg,validation,5179.jpg,b42a72205cbc2903005a70c577236a4472897150ad1305690fba0b390dce82e3
5180.jpg,train,5180.jpg,a76b0201cb2ea1d32e8d2aab27a00b699340e4363e78c656d7dc7defeaad30ff
5181.jpg,train,5181.jpg,28adb4b7bcdb838097320408a40c70a471161e4ee59c2250edd097eb789ef45c
5182.jpg,train,5182.jpg,70e937481db8099fe65c0b89c2773f978d7e3869d47248efd824cdf182b69930
5183.jpg,train,5183.jpg,79cd1d2cf93ff58fcbb5953588bd8b6fbd2ae4b070c63a36643da1cc9f91c509
5184.jpg,train,5184.jpg,39c7e683c6c0a756256df1d4303c1f8a61611d86b464315f6cd72c016cb8e8f2
5185.jpg,train,5185.jpg,111ed1134417d99ab5477bef3a979bfcf4d3c02c661809f94793d7c3d9e5fda9
5186.jpg,train,5186.jpg,b19ee4d7232e914aaa38b92039b46f3e9215002e7ad25530136cd68e14fe062d
5187.jpg,train,5187.jpg,370f6e0ad11d3b9bda700d07864fb4966c808f76b7ee9a6b2093ab41f6ed9a44
5188.jpg,train,5188.jpg,d986408c9107238963cef609275f3dea9190af78fcd1f03a1329bc12aeeb456e
5189.jpg,train,5189.jpg,5be2affa119abbac7e8fd48b391243fececb3d185a187ce18d911de4a88eb698
5190.jpg,train,5190.jpg,4f62e76db09244d4fca6e203caa5ed711067a48c3db14d99b647575c7f2ac564
5191.jpg,train,5191.jpg,c2275bdbf64db6422b81809c5d81a7c4c63096d718bc77252466d11a5d9505e9
5192.jpg,train,5192.jpg,cdbab13fb12429e90614d4713b2f94c88e614979e16826123da1bcd90977ef8e
5193.jpg,validation,5193.jpg,b2dffc3433953f83df3d87598ccad8ca6f8c858891f6083e32aebf79999d2cf8
5194.jpg,train,5194.jpg,8bf281b751d4d29b56db35d7a00d26f916caa836ec16c757054189952c7b9a62
5195.jpg,train,5195.jpg,a7e221ee3eca4669bdfe8f8fb1995b2a130718e52b5593b5da8c87986de68762
5196.jpg,train,5196.jpg,ffb825863fc1876cf350a5d2bb6e1e64c11b395b0b6ede93968461a89a2c201d
5197.jpg,validation,5197.jpg,b106e3f5d1bf1f4d97d4c6985663c67f2fa14640f8d5633368f444e64548bbfa
5198.jpg,validation,5198.jpg,8a8b34edee8ca484aa878d4546c296e539e2449597f641fa9d55fc65193a5c1e
5199.jpg,train,5199.jpg,96980e7c4734cf9fd0be401ab00b205fd3edf0888b8a7b82bc729bf818e71e79
5200.jpg,train,5200.jpg,ee46e9c385d81c02388575d626567fb11da92ec6ae01552009a09b9a7a8bb7a6
5201.jpg,train,5201.jpg,705f9bfb4b529dcf4026e44edd50a0f258a1e274eda352cb9755181707723c78
5202.jpg,validation,5202.jpg,7d1628b9f72c8e74e859635a76dbebb22722fcc039b5c21a2aba68efbc6f45ea
5203.jpg,train,5203.jpg,25c1a7ddeee8bb3d22c90414ab7f3db7a2122af1a350045f72f9ea8a75da49ce
5204.jpg,validation,5204.jpg,bfeca90e995943730073b615913e68dd6a223abcefa7974ad0d18f6485efd85c
5205.jpg,validation,5205.jpg,a9baa96fcaaf216bd2e9e08a44e9d3fb13a30d196448c87695e230a40d63f519
5206.jpg,train,5206.jpg,c540a7ea6fc36a397aef8411a36d23790193cb9d20f2decda89fcca8ff9250e9
5207.jpg,train,5207.jpg,5b184ac44d4541df0da911b07e339e84ca19d182d24f4f2c21cf19eab65e0989
5208.jpg,train,5208.jpg,94235345da82ab877c3a9566e5b409d5b16a29a8fd5de2880c0ec81da2a30d6a
5209.jpg,train,5209.jpg,02c0491db532a1827b02b65afa0a67ba26e95c97ab8d842a4d7bb900bd23af5b
5210.jpg,train,5210.jpg,2654db566f881d5e5ecf4a53ab4540b9eef37bd307547481f9c7958ef31ad2a3
5211.jpg,train,5211.jpg,66318938b8b9a8ffbc9218cbd7a17fe68d3c584736f8a8c159aaa570134515f7
5212.jpg,train,5212.jpg,037822d8d8a8bc22984cf202e6a418cd73c183847569cc30339bea2370c060a5
5213.jpg,train,5213.jpg,cd0ed1d755714bb1ae5c9df17d92509451a66842dae223321faa998682f90fdf
5214.jpg,train,5214.jpg,1f45048b64f2a3349dc57b8c346b89b74f0a1d5b853cffb1d20a7b19154191ec
5215.jpg,train,5215.jpg,52df615668eee4812214a2331e0db8b8baa7167153d421393fc042b0d444f667
5216.jpg,train,5216.jpg,08eb1ea8037442807247858e32787667e610a66ee6ce914bb12bd9970182cf57
5217.jpg,train,5217.jpg,51588af487f10a16375998e723c4d408866f3d198d8ba737d5e9537b2f754733
5218.jpg,train,5218.jpg,c6ec67bac4cac8ae6c69cee0f5f6f0b7f20ceebadb801ae95ff54326b187146e
5219.jpg,train,5219.jpg,1aa4766c584edebcea245cb057ee5085e7d326ac8306933528301b6fa02ffcd0
5220.jpg,train,5220.jpg,6017e1a7149fed01366c8695812d91915f0197417bc483034b54ca049d1cd9b0
5221.jpg,train,5221.jpg,910d69a6ad3840b97ba5ed2670a64cdd8f7f460243cf3b971bc61e19e0a4b4db
5222.jpg,train,5222.jpg,bf3a6d50c26abfb6a94325eea357933e398970bb6ab974f158dec1d75e782089
5223.jpg,train,5223.jpg,bbed90a680fd4cc8ad6325e2a8875ca8b6963dc8246ba74d30d505e5c03b7f5f
5224.jpg,train,5224.jpg,f7a9ee03fcec902f789872ea2b59ebdba2b40f0c90032df0e9324d3fac617e70
5225.jpg,train,5225.jpg,1a41485b5058914e967cfd0b9c54f3712acee5094b3e312718bb7a06829619e3
5226.jpg,train,5226.jpg,ac91df84e156494de4e6df56a4b9ff6380e7d71fb0f208e5d519764e6ae61c5c
5227.jpg,train,5227.jpg,379e146c64bcffeb36f77bc3fc5ef16877026cf17c342ad870ee45928e462e07
5228.jpg,train,5228.jpg,5bcde24a9b0d406f14576be4b6a1dfe5f4f3ed947401d7569ea48df9610eae76
5229.jpg,train,5229.jpg,5b79c8a8ac40899c133eb1978d382f80a1f7e7ceb1619fc42a51ac87a8ecd695
5230.jpg,train,5230.jpg,92587ea49f6c9f209770d3ccdb2d395c6a25ed21cf81beb7f5e1ac59e14d5aa6
5231.jpg,train,5231.jpg,3cb675637364e6e4c3c803c1cea349b82bae99d3753b67b76e95b3c2fa491330
5232.jpg,train,5232.jpg,0156a45b7ddec87bcc3415392a20e7f556f492417dcdf2db3d1a9dc823a5950e
5233.jpg,train,5233.jpg,10808d350075035c2e6a6f012263fe09fd08a544a73923ae1be50b6bcaace51a
5234.jpg,train,5234.jpg,1d00c83db3cff92bd09eb432dda7eeec727709f10957a501985c65009b440fbd
5235.jpg,validation,5235.jpg,1377cab41dc0ecce40a12245498429901d113d2afbc9cf9841287262ce3a3ebb
5236.jpg,validation,5236.jpg,71c2f2c0b6237a7e1b94a6421d152ffb7ba1cb5275edf8d5716ad180b589f7cc
5237.jpg,train,5237.jpg,50f40a1eb5d5a591afd7bb7f697c8a8339cd7697845dee6e4f7296eb8bdea575
5238.jpg,train,5238.jpg,8f64caa8a418b3a9460978267659cf3744aa6d1241f901b2ba560bd69a9660e3
5239.jpg,train,5239.jpg,344f9fc511e154d06d88707004d544183b32c949c65fe2310dffd44501c64c13
5240.jpg,train,5240.jpg,dd117eae52cb8a4704560c01cb88a6efd747f961cc985fec51c8a3a41a1883c9
5241.jpg,validation,5241.jpg,de629fc83b35af8488382e823aa3f03e07e869fed702cc6acc95169ae8908882
5242.jpg,train,5242.jpg,9e6f9b4f1f2a8e03a93d66c96a0711f25a0e6a1459f18336dde325cae1ecd037
5243.jpg,validation,5243.jpg,374b4029a3d95c755ae8edef9b703babb94ff9c97d2da91c92ee062bf7ca29db
5244.jpg,validation,5244.jpg,33153221548d9dec81d9fa764446e7800900941d3d2749cca39e535ad514cbf4
5245.jpg,train,5245.jpg,b793dc04883bdae3203df49c98c8bb0b38081672836dd2b86d2d08ee2b427f9c
5246.jpg,validation,5246.jpg,f15fcd5523ffbac3a91f020424cc981f5737430607563f3d2e1ab40eb0e54132
5247.jpg,train,5247.jpg,587f68a52314be2d26997f3a1816d289031b397aa2d5d55986668bc87aed3a83
5248.jpg,train,5248.jpg,ec9ba339e194f7a1124521e651e92ecfa27ba7f72437b110635e5e8a4b238810
5249.jpg,train,5249.jpg,e40136a01fd17dcb00b7787b73c5e8703e19f2aa2ae75c19a7144fd5693170ce
5250.jpg,train,5250.jpg,f869a24574e6d677353fdaad6e2e988bdcb2acd9dc94eba7bf904bb778922d46
5251.jpg,train,5251.jpg,a59c056389b9478b1b866b002cf5e793a6700fc40921fa2daf74f1b5027db76b
5252.jpg,validation,5252.jpg,e78e5dc1d894e2834515d8117eb8373c9fb67e70bba8251e4aa2d4e5e94d786d
5253.jpg,validation,5253.jpg,37485c239d9874b93b9e6cf83b1efc407c3c56dc81d008fa55c18a828da2df88
5254.jpg,train,5254.jpg,f7046e694eec3fdb1f29d9b70dbec91d8933ecfa647a938af074f1959d9d43af
5255.jpg,train,5255.jpg,96960d58a2edff786bc931f59fc1648395364593d78edf968ec8a5bda7b5fd7b
5256.jpg,train,5256.jpg,3b87e0290019d60a942a9c360df3465af4cfa46d41986a219a74375f0a185d47
5257.jpg,train,5257.jpg,b2404ed0b1fcbe2c1363b000830f0fa6370ca0411ae1209f28d5305b81dd4248
5258.jpg,train,5258.jpg,41fcbe9865f962351cf42f3343585b721dc79829f83849a0af8e3ec27c11750c
5259.jpg,validation,5259.jpg,4b503c7656b12369c517ae9a24f95f7ca97d3a4d96a1a151a4ab465476142cbc
5260.jpg,train,5260.jpg,d1844a0bfadeeb892416b1f1b4d9e9e6346dfa1737ddf39e330c3c4be83ae43d
5261.jpg,train,5261.jpg,2bb2f9b956cf40d76667d26a136b7b9b0e222bcb891165de10da0e08e5b4493c
5262.jpg,train,5262.jpg,6bf01b0ba9c043ee1d97f361a4797ecdba7deaff742ed85a35b977fb9bc270ee
5263.jpg,train,5263.jpg,e504ad5a2229cb9a107946861e8583adbd460b49ac1c9e35404bffdfcfe27e56
5264.jpg,train,5264.jpg,9bb6c0e3c4e0ace4283ebc5cacf3bf6644bbf072d5e83b69c8a0c8afc40fc7b7
5265.jpg,train,5265.jpg,84aad602df3d9d49729ac20d388b6a254efacbdc1ab62eb54f14731f8bb33e50
5266.jpg,validation,5266.jpg,7960eeaaf31cfaf4c487e85f36aeba586ee109ecd8de4119bd8769d61656a616
5267.jpg,train,5267.jpg,126d2ca89596b01973fa7ff822a9cc4856e0c1057f3eed2311d8e673984acbf1
5268.jpg,train,5268.jpg,9fdb5228d7770dcb1a4646823e07db00ced78c44d758b261b5ec811c0bc78218
5269.jpg,validation,5269.jpg,f12da01992ba4b87775f0c86fbbdb55ebc574ee6c022e72c771b4896a5a9a9b6
5270.jpg,validation,5270.jpg,8692f879cd90c6683f4e24a8bde9e9d803350acf364d035d6f1e3b454b3ee1c0
5271.jpg,train,5271.jpg,cc32f517a4d2084b22196112ceaf2305d14aadda01081cbfd5153d404e5690c5
5272.jpg,train,5272.jpg,fcc826f54b81ab48623063cff651801d688bd909ab067c045f95d097aa250d87
5273.jpg,train,5273.jpg,1b0790c701bd43167dfee72a249c8a914a937f809d710ddcfde3e631387a8a82
5274.jpg,train,5274.jpg,0a5f722f413ae1834d4adf4ab61dadc6465f7e5f6edb9764954d4b3ac53f383a
5275.jpg,train,5275.jpg,12e855c951b784dab41732fac36a970372119ec15cd0ddd6f6e18cc2ff9178e7
5276.jpg,validation,5276.jpg,c96caff0b2ef1e042bc05aa0cd6ca9110dc252b10a84b0819fd14df3e275afd4
5277.jpg,train,5277.jpg,d2cd807f83c695321c9dffe4e841fb8cf27d1a7981ce43c6c8cdc0e5ae2a8858
5278.jpg,validation,5278.jpg,4dfbf66e3cf88e6d0b2240e7f09905f01bd6007d7635d1f6be752136d4287574
5279.jpg,train,5279.jpg,ae1fb1283480810ed1d0fff29e0eb1f8472687b9e9fb67fcc8c4ba552b5f33c3
5280.jpg,train,5280.jpg,98f87fabe62292108d04b4b6252cd0ed6e83db9310c68fa25c9dd2aaf2e5e266
5281.jpg,train,5281.jpg,bb6064ad2a19a1eddd1598bff56af826e0f16ac41a6a781ff350e4db711e4d19
5282.jpg,train,5282.jpg,896f85750a6a001f987045785e29dc41690fe691e9188100374250218b83fc3f
5283.jpg,train,5283.jpg,e1c59bbc581e974dd5539cb5b44c08cda441d75b723bc6afe9475e7e08d32069
5284.jpg,validation,5284.jpg,5a3938cde74ea8cbe4f83544d76ffd513a4e74f206b81c1f771049321076ad2f
5285.jpg,train,5285.jpg,d1c7ee2a43313f0d0f283f4d365e164b38d65236537cd5954e9f5fa6a7a9250c
5286.jpg,train,5286.jpg,180555ae7a1fb3b464b70d346663f2e702bd8fe13753fc8f7920abf12fa2950a
5287.jpg,train,5287.jpg,af7b03bd2335e19139dc31acbae26fd5b8cc942cfabf34af57766c58c889b12e
5288.jpg,train,5288.jpg,7515946fd2965ab8d386345ef69155a4e342958ba1fea94efe9eaf302f024020
5289.jpg,train,5289.jpg,028a2d66cbb227629fa560eae613d69fda17abed6f3e54bdf8e456c7e3470f86
5290.jpg,validation,5290.jpg,456d2a6d3b937a463e6beb81f62e74d8d631bbb38c42d03f55e2194bba635f8e
5291.jpg,validation,5291.jpg,b2480d6c055398e37552140ed403722e0bb0f0290d4e6e612b2c451f7d91fc5c
5292.jpg,train,5292.jpg,0057ed32824e26512706bfcde721ff3cdb28ba003bb0ed7e67590339046addbd
5293.jpg,train,5293.jpg,c92a402ff22137d9f3d569780d5108ab5ad3b3db84740612938ede937c8dbb4a
5294.jpg,train,5294.jpg,7b20d4d6c506efb5eafa8752a35e4a657850103680815217d12f6ff6be568e99
5295.jpg,train,5295.jpg,a19b3070f9964c4f9a02b27a5e1075ae17b35b18dcffcf0a18a1824dc89624a9
5296.jpg,train,5296.jpg,ba14b16050e7fde5655d942d8558dfeff1c2333376131dc960290e4cf2d82162
5297.jpg,train,5297.jpg,c52b95d5ea33d2d71790c7a54e6c766ac1b63df0f1da8176a01b53f133a4e793
5298.jpg,train,5298.jpg,468f55849eacb0726892099ec92e4c062a7376dded39c7646f1c24d8013a7fc4
5299.jpg,train,5299.jpg,a049cd55593086d484aeb12f98c7be45ac7e99de28409eb46f9b4893b2b7040c
5300.jpg,train,5300.jpg,42803138142abd18dd09b106fd69ea8bc32764910c6cab8117b8a471664f795d
5301.jpg,validation,5301.jpg,29f671323fcdba2e66c3c5bdcc4540c53cb2922833660c7d80223c60d4a8000c
5302.jpg,train,5302.jpg,919e508b02a51f443f73799e21b7ba7aba6c4826690d21f200103f6a22190641
5303.jpg,validation,5303.jpg,683521baac2419434f0103b6e589ca82c7fa1b5f12fe23ecb6e6c49c65616cb4
5304.jpg,train,5304.jpg,ad6a2dcc84163cc5c93e8e80f6f19285dfbfe8de829535e304cf33e4c5c99ead
5305.jpg,validation,5305.jpg,4430beadb046af4a8144fe453ee39a12f59e64604f881e1e28a5726761a4adb4
5306.jpg,train,5306.jpg,94ef92f4acd6bb46de5bf4c5554e8ec247e298701e4ca442ae3eef2294be0bcf
5307.jpg,train,5307.jpg,a6dbe648fc89dae9d256bf76d78b6f171a30b8e4e3e2e8b9421c0848230d78ab
5308.jpg,train,5308.jpg,ee1abc31c693c3209e3e7a90c7263beafe3559b837293594a82200619ec25a1a
5309.jpg,train,5309.jpg,c126015f170924b4c1ba737d2f252230fa92610949014bbdd3a2b896247b22f3
5310.jpg,validation,5310.jpg,be370f6935d9485a7cb2fb56ed316b59143c5a5348fb79fff432032aa7019c3f
5311.jpg,train,5311.jpg,c3f8c6cb2034059c9bb5c14b246dd3f47d055900465e0625b6ec5a8bdb71acf7
5312.jpg,train,5312.jpg,287ff457d9ad4f6021034f897de989a16555e559e34dbdc1387843b192404aa8
5313.jpg,validation,5313.jpg,2f6fbedaa6f2c27c9e35df4d532f0eca3d6b732e96c9c2f1936f35302a6e0e65
5314.jpg,train,5314.jpg,d7fbd7330014be9cdf3ed5ee971fa99a955117d3b6d3194c5ff5fbb452732ca9
5315.jpg,train,5315.jpg,f781148f084318468ce63540be0ef2c7fba1da2f1e558f675650509aa5151e28
5316.jpg,train,5316.jpg,001d51019c67f8e55ba5ce1e9482aeb4ec0b2aa166e66ef995785de574fc253f
5317.jpg,train,5317.jpg,eaed411045a3ceed3f3a7abbf5d14eddf76ce8c3c7cd8d81a66f28be3ed42660
5318.jpg,train,5318.jpg,a53647350271085f395036abc51dad1720e079936d49665e4bc95e2e90f2630d
5319.jpg,train,5319.jpg,e134c6285f708b4daa4e48071407f9af7113cb0ba6a438e0c671bd07775ca295
5320.jpg,validation,5320.jpg,03b404c438a1133d8bc2385fd2e572111740aab2c67dad361954619a8321dbf5
5321.jpg,train,5321.jpg,5d22324f644fb22ccbb01337e1de73143b559fb03af604730ff4d9a6305d4e0a
5322.jpg,train,5322.jpg,11e907dd667915c390cef518cafa0167ff964790d2dac1d9a00ad09bd64eba4b
5323.jpg,train,5323.jpg,fd989bebb006caea9baed3b68b3cc1e51c0d578d35aa2c504b833670aa9fe382
5324.jpg,train,5324.jpg,ac406c63d679336d4061ff1757431ef8f8ae12aed0e7908e175f4dd1efad77b5
5325.jpg,train,5325.jpg,29d9aa12aab06d325a31f6cbdf16bde14baad86275b5ae21e1bcc6fbeda6bf17
5326.jpg,validation,5326.jpg,11b59817a37cbc3db582ab2ba216fa4cf22416a32ddff082c1e0d328b8a3de65
5327.jpg,train,5327.jpg,04a1e0f6a06ef9a3a7f2dc93ec799379ca88c7d61578ef10038703a9e7aed597
5328.jpg,train,5328.jpg,8df73b8ae911e705d921c2ac94d9481a1f2c15ceffcb2799fcca9d29f852e6ab
5329.jpg,train,5329.jpg,cb7c89d2458bc1acd22d75638d432a4973d1548ab15c08bd574846ca220714cf
5330.jpg,train,5330.jpg,f58e9b97c5af36ee052604e5fb6b2168a187c46c8686a10a06c18e22b832a454
5331.jpg,validation,5331.jpg,01704df534e8984dfe073611e1ec00eaab9cc430cea2354f7ba10cfc4f5c06b5
5332.jpg,validation,5332.jpg,933004e30a7e796ec92e12a20741c837c82b6e8a40bbd0551671eb8b3f1fadf4
5333.jpg,validation,5333.jpg,9b600c0f62eb263f4fb973ff651f91ea8aca326e09f6c00876e712b8b86bbb08
5334.jpg,train,5334.jpg,21a56cf3b0f436e7d657c8538f92db51568b245fb74ae8af171d5bbf16fea2c7
5335.jpg,train,5335.jpg,bdabc22364c3918ad794e4b5e96185cdd70efe948cc2b6b813d84130d4f60f64
5336.jpg,train,5336.jpg,8c068edba9b72471c84823cfd47ac943e4e2aa26b4a4c1cbd5a07b65fe6fbb36
5337.jpg,train,5337.jpg,603aa7f291bed4daf2b4f668ec868da2a9cdc2b4e05acb68e468a0ae1a61e54a
5338.jpg,validation,5338.jpg,906c0b3dfde414c6ae39231d04d59baba26b2e7d53728334a626d6476fb97d39
5339.jpg,train,5339.jpg,c77a8f5a81f4d57cbfcfe9b966c6fdb0fb0ffc552867855c5cd9843230009e35
5340.jpg,validation,5340.jpg,8d0d65207d737df85b8fff3bbb0aa0ffb226659794d4e08448b293b4d3de78e7
5341.jpg,validation,5341.jpg,15de26a2fbfc8b23f66ce39f4f576a1a3ebf4ce8a61ee4e6e780bef09d615316
5342.jpg,train,5342.jpg,8b6a9af64e18f238aa4358788b121fd02434d5a5a77de0a369db6259b457465d
5343.jpg,train,5343.jpg,e9898a8424df57e95e61c89bbfd6fff725de95c9dabdcbc95c4406737f5620c7
5344.jpg,train,5344.jpg,9cfd7366ae66584802ae912d42c7b8bb7d5321faf766b93914c243fd4f176c62
5345.jpg,train,5345.jpg,7a96811647780d516d1453d8b4efc5ba30f429d955cbe76b5a3fcf88ab00036d
5346.jpg,train,5346.jpg,c2ec4272ca1b1c3974bbe24a73e2067e855e613dcc2a522c33e9218d847df007
5347.jpg,train,5347.jpg,e2a340d8d1342ddd74726705598e9c8db32d238448b979a77d3cbec3c9ffaf42
5348.jpg,train,5348.jpg,90585ed221f277b704e9f983fca2cdc035d23804d6adfef223f93a46b0bc95bf
5349.jpg,validation,5349.jpg,05b48ca055802769c0a894280d38431b8e6b43e397dd2245d4f052c6a17608db
5350.jpg,train,5350.jpg,1a36b88eb6654ad1408ec0406062e0db97dd06922d824b5cfb6e432c688e7392
5351.jpg,validation,5351.jpg,dda8d30a70bad52beb137c63e9125dbe0db22cfc3da859e6bb42cc8244accd74
5352.jpg,validation,5352.jpg,ff88e4b17e834fbe9a13f3e44b0978f9c09cb00991f3562620d108a5a823e995
5353.jpg,train,5353.jpg,52baa21546b3a346092d343314b1b748def313ddac9bea186ba4b6d3ac7548a7
5354.jpg,train,5354.jpg,051c81a43ab054cf29654f253d0fdc1e50113d20b4fbde6453790617b99d4673
5355.jpg,train,5355.jpg,f89c0590d0762a5528d877387e5f5492a0958cafccc99d43b793cf9fe1c5155f
5356.jpg,train,5356.jpg,915a0a2479c4240abe8acb9fb1d013586e13822c72419484079f3e6c98cea3af
5357.jpg,train,5357.jpg,f2e8133d6a4eca667afb758a92c4ad0cd3f722df375dd02ba0f0025dd1dbe6c2
5358.jpg,train,5358.jpg,664a41c65855b6ba18ebf98c1b029e78a8e03bfb05d28b6e7c369c4ceb942fdc
5359.jpg,validation,5359.jpg,ced4ad193282ef2b4fd14a2b8c7a814ef6a1942912905d397272f15d94110a39
5360.jpg,validation,5360.jpg,97f1196652ea68761e1747c378168756fe0a46301a76cde761ce1e0052c18c63
5361.jpg,validation,5361.jpg,55895be77c079e229ff8d375bd266bc2e832d323b9ecaf70ede3fe12f9df26fe
5362.jpg,train,5362.jpg,1d2b53d6b0d29c08ed74afba6315ce55c12806860967d8bc939d381bd450b9a6
5363.jpg,train,5363.jpg,118f6e031eaa64c0263a0ac8ccb51be47629bd86a53e981f5cf347256224a8c4
5364.jpg,train,5364.jpg,f8cc52eb12f33a7f98da8bd2bc6fee731445964e0d1556517275feeda3edabe0
5365.jpg,train,5365.jpg,b58512be6b4e48c84ced560f9f2303fa2819c5b4b9002d11587a1ecd7c002b1c
5366.jpg,validation,5366.jpg,f6545ba333962f38224ad1f6687b3e2c5c041c7338da02a140f629e15a4951da
5367.jpg,train,5367.jpg,ab993a755a603a05d2b0930ddcba6413ddb07509ef65143d33845649d8cafc18
5368.jpg,train,5368.jpg,97026de7ce8be866999db93e902ce3bf646b2af26598bac65920f710c3f7a637
5369.jpg,train,5369.jpg,d1fe0ae632d6c12126064eb67097916bd07a1af4c3feb93a013afee03b2bf800
5370.jpg,train,5370.jpg,390183bfccb47a8998ad746074b5710e389f682815049f5f149f808c6a01c961
5371.jpg,train,5371.jpg,c6c62d70cb2bd9db6c10bbe59e88131534f418e668def35abf0bbe25711d7d33
5372.jpg,train,5372.jpg,333db1c981dbd3f30eec7fc913d557d13d062d3d484053baad98e46a8ef63ed6
5373.jpg,validation,5373.jpg,d76ccc3eba769806b8e418fb399b9183e740e7a85c55f1608f51345adec121cb
5374.jpg,train,5374.jpg,fe12b25b8b6f36db2b1fe51f732c6467582a84c62e93cf7a256aca995b48e5be
5375.jpg,train,5375.jpg,0edab541893543d13ee7b0f110a41c68c793cfa108f5f6c42506d0876401a3f5
5376.jpg,validation,5376.jpg,85d018773cd417ac1f8a7bb0ca86b7e8bd01f151a236ede7e5517028d71f6287
5377.jpg,train,5377.jpg,d47e456b3242da19166cd9825d39c6fa46764b255e5eccb17e06b4bc705bf243
5378.jpg,train,5378.jpg,19060048a8cc960d1f94c0f25c92d8d99bfdada0a978199befa6d83717d1e460
5379.jpg,train,5379.jpg,5493ab86d3ca9773376ea1b046ed5ecc7d79c1db488709835dd903f7c3a851e9
5380.jpg,train,5380.jpg,e097d0c23426eb4e87db55398cb0c80483af251448c50712cf8aee6d470b22c8
5381.jpg,train,5381.jpg,69ebfc66358312b05865ffeb3f05c8fcbd3d216ea5ab5b6a306258d9a504c5f7
5382.jpg,train,5382.jpg,016a3b24687a75acdb1210696636255e3286ae30f9083b10c6098054512b2068
5383.jpg,train,5383.jpg,e184ddcdc4777a615ba984d605cd7851c6b6a1aecdd9a07b40e481d780697143
5384.jpg,train,5384.jpg,670d5c0e1dc6743340436361a2eb9932503266f60ee4e2da908bcfb9d48f78c6
5385.jpg,train,5385.jpg,a2f76d9822d69a67815a8cdf87715d40ae794fe7938b51aa718d7cf122d30c38
5386.jpg,train,5386.jpg,e54a868ae0eece73b6f16158870589c9c5fd5f795b2390a0aeefef0f8eeda415
5387.jpg,train,5387.jpg,8a4a654592042629010d1647edb8e142a3802b4d44e8f1281d7e9d3b88fe685c
5388.jpg,train,5388.jpg,3a97d4c1985d48bd516e51eee87aff05890abb146237dd02aefa12ec1d4a23e5
5389.jpg,train,5389.jpg,0fc2cf21c9d140ae35212ac903b83884ac4fa6914879bb349f4a70f8da4dea01
5390.jpg,validation,5390.jpg,a220dec32e14c2db5a79ba9bfe0dd65e9a5185bc4be4a25061cba13b6249c348
5391.jpg,train,5391.jpg,a739444993ba97c639c617edfe1cf24b3d166f859e4a2d8a2fc5684084528171
5392.jpg,train,5392.jpg,6cb149124beb8fd6a15974b6c4a111c59cc8ed6f05c6c102558ce4694d8e47f5
5393.jpg,train,5393.jpg,2aea578f654af6fdc948b6090be462a173cd1db881a051daf3e3ae3948bab020
5394.jpg,train,5394.jpg,055a8e7484abde02ae619abf3f7e04bae56aba60d2ea653cc27a634fad9757f2
5395.jpg,train,5395.jpg,4aae7d3913b5dec030608a71d4053f274845874346ab90d69f207c192d1a5c51
5396.jpg,validation,5396.jpg,d82aeb202103b224e9efa2119f68a3677dc8013f58e997da762980642448fb15
5397.jpg,train,5397.jpg,17c36e7443c41acbc8876079a7f2baf1cf4294c604fed9cbfbae447da3d93683
5398.jpg,train,5398.jpg,2217414af5a082d19ed562233f0d6a5968a6733988561155659eefcc3a43431d
5399.jpg,train,5399.jpg,067e30e87fca2866911e94cfc53247c5aa60fcc940d26ead6d1705204c3fa7bf
5400.jpg,train,5400.jpg,7d554f418497a3df1cb9eeaeca3f84bc6eeda1273e0faea666046225896debc1
5401.jpg,train,5401.jpg,959c4c454008f94f64a26f7725385991a0b90ffd32b4ab7722a1abbf4c187ac2
5402.jpg,train,5402.jpg,3c8df18f5083b4d85e20dc7b81382beae75aefa5353dc73378ebca461b8a96a1
5403.jpg,train,5403.jpg,675cb9c5b61569a782a689d2391b3f202a3653826475751e00b98f0753210811
5404.jpg,train,5404.jpg,d0f2a715c81d88f342400524a56264cdb215573196ce36c739927fe9c424adbc
5405.jpg,train,5405.jpg,3aacc0c67f52cfa67ed94ed5e8fb45b3b9e7645cfdcb6d50713c8cff87446d48
5406.jpg,validation,5406.jpg,32129d8e4306bcf17db565518fbdf95d66ed5a91eec716f59e5cf2dd606d17ab
5407.jpg,validation,5407.jpg,6039d472a3f55c93b80abda956d7a6353ecb178ab91a2fa19ba5bd78bec12b50
5408.jpg,train,5408.jpg,95839baceda11821b928b6e51226da303881e03cc3a1ff28674ff66e65f5d293
5409.jpg,validation,5409.jpg,57036a942fc06c51e75be530279a36e009e24022f3f23a3a09ed378a83408d27
5410.jpg,train,5410.jpg,789a1fa241d10059c447ef39f2c1d8c6bcd28556b3ac8003b018e454a570c1b0
5411.jpg,train,5411.jpg,41fc94a8f6fa3ba9d0b5fb3a856953f35d78498f7549574b55e2e52d1f9e4d7e
5412.jpg,train,5412.jpg,5659b2100b6d064d326ceb3bbac7f6548cd986ec03687748b624bd85a5164e4b
5413.jpg,train,5413.jpg,b9ef645822fb0f9abf256d4ff50081b4368c4e88f5ec5c0c87b4c9dd4d1bb532
5414.jpg,validation,5414.jpg,79d505a5ed4334cb0b52df03a6b4ed1ae20cc363cb590e9a53ed74ed20fb3b91
5415.jpg,train,5415.jpg,7b42163c28eba08ec701effd3a4da7bd18c0ff5c823fc129b1bb2a2a60439636
5416.jpg,train,5416.jpg,2423a43fbeb682ff0650d5eceb25784efd84aa79a6a60f7fec7b595217d6f8a6
5417.jpg,train,5417.jpg,8a90be597f6d6160a3528723ad7f1c75322fffe246f2520ae21c7c2042a36e7b
5418.jpg,train,5418.jpg,07b5b383ae7ad00f6afe444bb5e8f2f8afb4074a077383bcb8aca7c05f9de8f2
5419.jpg,validation,5419.jpg,6774a26fa28b804261cd0b05c952122cfaa6d4476d9473fe83aedfae65fe1f4f
5420.jpg,train,5420.jpg,e14b4a81b6f81be4841af2d035345ab537d73ea2fd407ae8f0118770204a8f25
5421.jpg,train,5421.jpg,37b48cf24c6611e166f4f81524ca7ee7e5778da200c6a7fd1693f76aa5214117
5422.jpg,train,5422.jpg,4cacc5d1cb9613842f552767010aca5e10b28cafcc77c38d678c0b9633985c2b
5423.jpg,train,5423.jpg,695fbb1f8bec3c98c3b592eaa4259556c96ec94d2cb884abc08a37fdc91f9554
5424.jpg,train,5424.jpg,aaa56130ea9c98baeeb72d940e4b0e0110e74936188da64de2938e6e37a8f680
5425.jpg,validation,5425.jpg,ab782643dd02f1887f9877079397d2c5a090efc1db1b5894552e609c1e10e68f
5426.jpg,train,5426.jpg,90d86794ee640f0804d7350911d3b29619e6f3099f324c6fb31ce338e1b7f261
5427.jpg,train,5427.jpg,2fca17817905a28b19f6a03262a67373eb43d71389179def3c00be587d701725
5428.jpg,train,5428.jpg,75821c3f655fc3a776998dca5ac3f7017e757671248e675597156e7294abfcf0
5429.jpg,train,5429.jpg,586a8bc1ebbd5c297c1141d454ed37c718929f540f2a9d377a5de96a1ca79f54
5430.jpg,validation,5430.jpg,471118e4a4fccf82f7d988c39d2394c1034285c860e131cdd3ac65ba547d5fc0
5431.jpg,train,5431.jpg,90ca5b6e36db1fc666d7bfa8dbf35564e02ea043309cb58b83b0963aeebc0dcd
5432.jpg,train,5432.jpg,5f0943229be04f36cbdac7d2c2c6a2a64afa4c6b17654fb519fa903fff3823b9
5433.jpg,train,5433.jpg,8e87c58614e29a5591e78bb9e97b297cf5a794322b28b2d68cb9a90490a56769
5434.jpg,train,5434.jpg,25dfdc599c18d1d2ff20c0533c530e09146f837e8e5852e02934cc2803373daa
5435.jpg,train,5435.jpg,164a8e86c78138b631702bae26e435713ab76fb2c70d8760141d82794503aec1
5436.jpg,train,5436.jpg,acdf4532d2930d3a1da83bdf1c7d697e1a6d584d9449afb997ee37f5ba01c35e
5437.jpg,train,5437.jpg,c20c67b6616b5975fee375a4112f39843301ed8df329aa17dd1650c51b13c62f
5438.jpg,train,5438.jpg,e30ab3f412113f5d9b3647d29dcc70be2fb17d4d98164faf93a91bb989b8a3cc
5439.jpg,validation,5439.jpg,031acc338e991a093f6cd326e2f32d7622a0efc8de7a60f13635f04495217cba
5440.jpg,train,5440.jpg,7e55fffdfa8f88be872effb5ac7233b574cd9d2551ad2b5c4d75aa0bb6043f23
5441.jpg,train,5441.jpg,2be73a65cfb0a71282e24ed06f2dfd6a58c38d1b59b88818abf196e7fe21410c
5442.jpg,validation,5442.jpg,2cb3cad9c9ef500683d56fd1ecba571870a1ef1872daf07103d6527545568bcd
5443.jpg,train,5443.jpg,0bb17a35a9cf59638aa0fc962b9b581666fb93ff5955859fa16d0d4c452a5a25
5444.jpg,validation,5444.jpg,7671cc726800d491f291843c4209915fd619cc00849c59ecd3e56bbd38349265
5445.jpg,train,5445.jpg,a5289b7f79e92d5d9f018536ae9c342268cbfacbf66457a4cd7c226a818a82b6
5446.jpg,validation,5446.jpg,0c03efdbc5f3d5cb2edcff4b6a91e7cb4fb0d28649c463e4e9da606664942a8f
5447.jpg,train,5447.jpg,43fa55fdc137970cfb4b744b09eaac07612f014d9404bb9050ff0a3e6653c020
5448.jpg,validation,5448.jpg,4457138ccef3cc9328e9b6a7527d54d98fba8e1fda88236fdeec3be643220e52
5449.jpg,train,5449.jpg,3ead23027778b6742975cb15d5940aa1f354a4baa161ff1cf4c801eca1d382d9
5450.jpg,train,5450.jpg,db2178d86f10aabf39a169681979893a01e56082ddf771254eb3271a1617577c
5451.jpg,train,5451.jpg,8c15a7afbc7f26a662799c69c9d75cf3ff6af8c9afa60d3626709338ef886dc5
5452.jpg,train,5452.jpg,3571275ccb4c8692bc5fa3c092bbb98e06ca7a5a8a9278cde20f087d6d4ed4ab
5453.jpg,validation,5453.jpg,e695aab9aded8d921677db07a244f64cd53db0ddc9ca5275646fe74734d5ba09
5454.jpg,train,5454.jpg,4894d3791ece6d57def09e4cf4cc39c015aa05c4b80a1f582fb35d13dd5e9693
5455.jpg,validation,5455.jpg,59d8b2b3472f23e9e032d31aedcf00524b9e5ba6022af71813f5f65da669235e
5456.jpg,train,5456.jpg,641d5e640f115428c49dfecebab0db7e27cbec4e517bad75940a7c22b8faef46
5457.jpg,train,5457.jpg,003187460968fc48c0cda5470b2f94fba562de304501b31de3983adc6e522de4
5458.jpg,train,5458.jpg,351d5e882ef61282e652ad495a9029183bab14ad3dc7364443f21b54cf3745cd
5459.jpg,validation,5459.jpg,3d7bf4e5f7c7fdb01d11d4726f6fc4a6e2202f010d83562d15de4ae35ad5572d
5460.jpg,train,5460.jpg,d2427d308faa27a025359492719b9b5bdfd2224d40c2ad20880e18ae0c2d0323
5461.jpg,train,5461.jpg,48f56dcc3e06992b42b293ad54cad77d60f130bbb0c4ed94ac7b1a4c9d741542
5462.jpg,train,5462.jpg,3d1b4102264de735bf4e7c47fa23b54804dd19ec912c7a8853f48843346fcf78
5463.jpg,validation,5463.jpg,954ca941202c227f694d371ae75d04220919a9fc40938c45e311bf9d87a49958
5464.jpg,train,5464.jpg,0eb382e06afe11dcd7f6560eeb255d6b15512d91077832b93d5d29dade4bc829
5465.jpg,validation,5465.jpg,a387333f8a511eb748de6f72565a5e7e7559c0222a09bde415f1587558b4a534
5466.jpg,train,5466.jpg,c018379ab071693b66e291a940c4f22b3f9da665f6148750b1593ce57cffa58c
5467.jpg,train,5467.jpg,fd848f457dc6f6413469ea431bb0121fa3bf550e751f78525dab6d955cc4713e
5468.jpg,train,5468.jpg,009b92f25f99a9a9f7c5ab88a19c070252d6b0a644e1d72d6095b361147f90eb
5469.jpg,train,5469.jpg,8496f31b8e0adfaf1eae7a32747418549802993b1456f70f189a82d322a770e1
5470.jpg,train,5470.jpg,7be6c0fcfd1f8b8ea016057891b85f530555543ba6e5d339b3cb008f7a3bb8f4
5471.jpg,train,5471.jpg,1446e8b79d2438006dafc6117c75f65f6110c594a48db846d8ab5b4c4935179d
5472.jpg,train,5472.jpg,6899e9d4aa90f728ae37bc430ed3e03c87766dbbaf6987f831b16ac4f30d8734
5473.jpg,train,5473.jpg,6b200f81e3356081278bb85e92baa95f9768dda6a7d02e64c68dbd0fb1302147
5474.jpg,train,5474.jpg,e179ee3b2f582662d29c827350bf864404d13bdf27c88987bb7e693b1c5f7e5d
5475.jpg,train,5475.jpg,9e85748fede76140d006a698f6c7ff83f96a4f4826d37e55babd0bc067c71db2
5476.jpg,validation,5476.jpg,75faf9142376ae90b6c6ccb46b65612e8509d301d0edb1177f640495aa785312
5477.jpg,train,5477.jpg,293454d2c47c24594edd242c11b60c0694938b243a45008e1cb3ffd70e8dc830
5478.jpg,train,5478.jpg,177689e6d8891d8ffe12b8cde6d5754c442bbb8a39bbb9538b7d94430c50d138
5479.jpg,validation,5479.jpg,182d42830f6ffd9b8255df783bac45591450f8d29e25a1c183c12e4842841511
5480.jpg,train,5480.jpg,a7358556d734dcea86bf2bbb4da45e1ea69a09cabb19892701153b02d13555be
5481.jpg,train,5481.jpg,b90f0045393ca7f9e805763911043d7d6f69ef1295b8284941502de0e92943cd
5482.jpg,validation,5482.jpg,2afae01772ca7584ea06cbeb331fc2b66200849f8b1330377c908458f5b5d702
5483.jpg,train,5483.jpg,c491c3214cdadab988a80181a6faf0fe000ddc184ea911752654aadb1d6b582d
5484.jpg,train,5484.jpg,1e833e472dd5fc13c2964d29ddf49f0dae5be70c62118cba84faae04a4516da5
5485.jpg,validation,5485.jpg,767471035afc6f44bfbf3113c327b25e0d81509c320da7b222b8619de587cae7
5486.jpg,train,5486.jpg,3beeab9df90a6e0fd2bb01bd000a907455a31e345cc7014e10ea33bcd50e5119
5487.jpg,train,5487.jpg,2f9c58f0d335e47b72e4ce4ecc26783c802124c7ee3926a060febd29c921233a
5488.jpg,train,5488.jpg,0c7d5321e63b3758ece72b29ad45c4fb7a6cf7cf32ef9e67215577781619ce52
5489.jpg,train,5489.jpg,3ca68ff3e168768b6c3f14d881c26796ccc1ecbd88942eecdba3ee17ba2bf53e
5490.jpg,train,5490.jpg,55afffe23ff485034cc4eee22c382287f31c1b16485592a431d6846875c89d3e
5491.jpg,train,5491.jpg,444150de23e2d3be3600fa86757be6a3688e070542cdeeefff85b7061e243b00
5492.jpg,train,5492.jpg,9bc4f86674b3824b8a15df2e1abc4447a3fdefcc83f694bcb5def9251ed22120
5493.jpg,train,5493.jpg,c75c0277dd2e9334e4f66fa290ca9990b3a146fd8aa0ac8ceea938c3f4f040e0
5494.jpg,train,5494.jpg,e12b5f8de840d07600f2fbd5172c91a3e67b802d228b46111fdddaccd2198231
5495.jpg,train,5495.jpg,a01495b32d4ed9593e802df036aa489db7110b18ac94a5250fe7c5e16435979a
5496.jpg,train,5496.jpg,89f310f8e15bf39a935cb272b1c58135dafa40e889b4b64ce82cb173a99fb285
5497.jpg,validation,5497.jpg,dd00b24b94897d1bd695078721926c482e7a7c94897c7555fa3ea9941cd0427b
5498.jpg,train,5498.jpg,495f601edbf07fd638a751148f3ef96142edcd91751db961ed36bd98db5804e3
5499.jpg,validation,5499.jpg,f6742ce2189474c5040b36d50d6cf075b9e66354c126c004e53cd64cb333b001
5500.jpg,train,5500.jpg,7850be2eb764e169085c64f415c434fe119510f35e2f31774b22312fc3bb868f
5501.jpg,train,5501.jpg,c0a6944ed27cf8a854ee09df9c24df0043368951a25494b5dd1e37b2b9b9adbc
5502.jpg,validation,5502.jpg,7916d1648a639e9aecf44b050149561686b4477a35fc3aa36b9d06ed2d5b561d
5503.jpg,train,5503.jpg,ea8bfd4b56685669c93275b64914aec518b04ba532f7725f754efdcb56b9f933
5504.jpg,validation,5504.jpg,5c85f0b9ecbf69532dce3ec499c8add949a2ef5c0b1a30c83d9f674028f37228
5505.jpg,train,5505.jpg,21b9f6f1fe30c581890548cebacd02d79b9ec05f666fdf47442acbb04e6bf1d3
5506.jpg,train,5506.jpg,129f4b05cbd2d981674d3f772c9cb6043312a0cd9464d9c1f8687eb1a9331d77
5507.jpg,train,5507.jpg,cdd040d309bfca4df26272cce7f9cf35adc27f55d8acb15ec934b7ed365893a9
5508.jpg,train,5508.jpg,f6f300592dd61f8df9afcf465bd549c834f02f044d3d1b1cbb0795aa5f8c3b3e
5509.jpg,train,5509.jpg,69d569355f3bc15bbebcbdd1cb277d417d6ed2955eb50fa10fcce2e96e63a88e
5510.jpg,train,5510.jpg,0efdaeed7cc98cb2af8c0431447154f3a4ae048ba65157006e68986c83c4f7af
5511.jpg,train,5511.jpg,cebe6f941eb3399376b016a2af73e1a4ab1e28d5ea170504c98dccf2bcbb72eb
5512.jpg,train,5512.jpg,050843d1e95210c60aad8cc0da0527fb86ca4e752e5e6287f14a23ddcf2806d0
5513.jpg,train,5513.jpg,b1fe220fd124567be096d92a27029db271bbb638ec653328b096c032e8bd7c6f
5514.jpg,train,5514.jpg,b032c4148b24f9505830ab7df9a913e705696af18ad754386db792e61d7de508
5515.jpg,train,5515.jpg,edc89758664e72eb0ea99327b8d4f477457155d63a1dbd1088e9a2ea771d04f7
5516.jpg,train,5516.jpg,c3804ad5f2ad0aa4ff1dd5850ba033e6714ca5325fcb1a9e13bb69d88da30f01
5517.jpg,train,5517.jpg,a9bed9330b5351330a6a0a56b14e02e7bab4b0eb81f9c4e57191fc63d09b6a56
5518.jpg,validation,5518.jpg,04212351a9b73037443431d9c62e8fa5227c9f0ca17c534a9ef1e122dc5d2b60
5519.jpg,validation,5519.jpg,fa353705895cf5ff5dca0fb76eace769e18f9aaa51850cb308c412601f329b37
5520.jpg,train,5520.jpg,5a75c5be9e04fed557d7aced1f3ed6d1fe325a2e22047cc62dda4df82f3b9454
5521.jpg,train,5521.jpg,9a296f071113c61e70f95d4c785449a3be39fdd2e01c5012f500703ebbc902e6
5522.jpg,train,5522.jpg,631f9c1606f62770ec36e9751f5bb7e535a66880580817732c0757ff0aa059f2
5523.jpg,train,5523.jpg,8824f1be249bba36f1c06212f58b11ea869500cdb16f1662ebf4dac8cf950b50
5524.jpg,train,5524.jpg,59298bcc17992e89fe27b871345972116cce07efe46b4a43378c3bdb595f0ce5
5525.jpg,train,5525.jpg,b64c71d2a7ba3825c937a34fd00a14040867fd011d90e1685515911015486693
5526.jpg,train,5526.jpg,d0fde37f8871c4cd5cd837ad9e1e1074a308cbf05be814f832f5c0d2dd4faf44
5527.jpg,train,5527.jpg,9588094b29a1af5a61e1702ac11c8467571b3142c708ac4fb08879c85f8ed5d2
5528.jpg,train,5528.jpg,b053e49d3f83037c19feb994a79c6ce756a544950ebd93402819c230e135bc85
5529.jpg,train,5529.jpg,e2c4a3821fc02f6d97b450146b9fe5644fb1b4b2de91f82464433294035da0aa
5530.jpg,train,5530.jpg,1df3bd10dc028d8c903f098ac35b38ab18c139498fe7577ac6742ac128a6a376
5531.jpg,validation,5531.jpg,e2845a6bb4dc2471962fb9536f652ae5651330b6935d9b50d9dc6ffe9cd0fc22
5532.jpg,validation,5532.jpg,f492ef7c81abdf353c14b286309f7aa6c0e35315d7b0012ba81ce37c6bd3676e
5533.jpg,train,5533.jpg,b1ff4ee3755f469331f235281ba36942566799b83a46a623594291ed1704dcf8
5534.jpg,train,5534.jpg,921fa3cf19356258b9ac8c2e73af1b481c8c8dd0de852163dbbb67eabd630a02
5535.jpg,validation,5535.jpg,eaea900b490eb50cdd4b507689ae8c18b60d8b8c4671528bcd6cbd08dbf2d90b
5536.jpg,train,5536.jpg,076f7bb1743ea7d87a8efeeda423f64bd1d650444ed930092b7bf5691a15d75e
5537.jpg,train,5537.jpg,f959d77b44e9e5ca1a7c297c70bcf31dbe5fe159c61726d261506d3b93344010
5538.jpg,train,5538.jpg,86557cac8e394e3d92063f148482bb81d727c6b9991d256edbe77e71c055deb7
5539.jpg,train,5539.jpg,fa7a59cbd788dbd71168acf550bcaf6ed7c4843ed23f6fb7fd21408ad2e5a9a2
5540.jpg,validation,5540.jpg,253d7c536ac59d08c868f51faa74e2b7aa048072c9a2796195e4db9a0e583aea
5541.jpg,validation,5541.jpg,9b209c5901559f7fd06419051d4add7cbfbaadba56d84f982b5cbb08fb512f5f
5542.jpg,train,5542.jpg,a81a82319fe742002ad50b2778767432ff33233f8b2521dbddb8f3476d449ce2
5543.jpg,train,5543.jpg,f86d9e35e6d8573b5f2d1749d970f0aa75a74dd84bcff6b65d87b53e8e8d784b
5544.jpg,train,5544.jpg,75ba8f0c0a1df4c58c3b1c08a6fe314c16b432f298b43bbf5d96c37289631b70
5545.jpg,train,5545.jpg,def602f94f1d9387f19143c63c0c3ddee61d3ecbe6d4f5ea6bbc4995427ff333
5546.jpg,train,5546.jpg,8ce83b4d739a2daaa2d8080ece10ae9805112054a4c8c7d89b3eb84f5d4623f1
5547.jpg,train,5547.jpg,37045f5aebc87641d5ed1ba8df22c01721b0e7946e16a70ace0e679e72949919
5548.jpg,train,5548.jpg,df4ff71315b18017f3e224d7f0a20b1e8db9315acf226f4d8c8ba17b887a35ef
5549.jpg,train,5549.jpg,f2843984bd443bcf606f213396dbb1766d5e8ce8b26d75bb2f3faa45ef8f9e67
5550.jpg,train,5550.jpg,8fd49f97f7f1e5e25e1135beabe76409803b5b68d67b5da08d64acbcc90d4e33
5551.jpg,train,5551.jpg,fbbc28afa26b810817441d5e6d06b59864902c1ed5da9a9cf69ee4a642ea16b8
5552.jpg,train,5552.jpg,06cccdb1a461fdfbd23b5ecdaa5842e9de5491a51f215ccbd397895c896ed02d
5553.jpg,train,5553.jpg,0bc095ff9c398ea2335891bb06cbeff7308f23c5051a87aad8a0f09f84c34bfa
5554.jpg,train,5554.jpg,c25be93a4aadd7fc35f6098ee7e813446c7c2287059e2560693981c0824daba8
5555.jpg,train,5555.jpg,68a17b60b78356abf9b030465e62159e75e09a29b2913474160daff3c81c71ed
5556.jpg,train,5556.jpg,723758e1cea247fa48b4fef626d07407e94459bd3abb68d7a6a18dba9b094c9a
5557.jpg,train,5557.jpg,9bab3e162e3f8a0f80402d4ce9f93c41b7c3fbd593cf55453a8a107e67ec1624
5558.jpg,train,5558.jpg,d6c36c6fc93a1ae40f79725471314f4142591be55cbf426f1a3b0d0123a2e371
5559.jpg,train,5559.jpg,76daa98b157f25f406391832423e472af5a0419ce47b435e2136c795170c7244
5560.jpg,train,5560.jpg,53594f98d663711447aa2243957c4a5c49ef09eca2854d83dde095958243c1c3
5561.jpg,train,5561.jpg,7f52d9974675cbd05a6d76e79d720dbaf66d444ac8e5accc1c0adcfc40ec9b94
5562.jpg,train,5562.jpg,cb4c3a9adb9615e20432089be02d24afaf0e8de3f7da788f2a073ae4a22d4c1f
5563.jpg,train,5563.jpg,a8814b99d97e6b44acccebaa93f798a0fca344e4a5502db84da7e733099a1c92
5564.jpg,validation,5564.jpg,cdd6b3de00ae95318a29170ca78a1c2dc477b47b3b07c3f55740e2d05bd110a2
5565.jpg,train,5565.jpg,908077963f42fc570cb9a3737ea58fe5cf3a9f083decfec232570c46df792080
5566.jpg,train,5566.jpg,84f2d1f0603fe06010d200c5b665f7ea94b9706d048dd830a0e9770da224bade
5567.jpg,train,5567.jpg,741c0d8c71dfff4984e3c4481ef3515284674161ba04e74be8a2a257d1fcce8b
5568.jpg,validation,5568.jpg,d3706efff3e4f5cc6ac19d01f3bff28a2d67411464fe745946e8b1d310ea0b6a
5569.jpg,train,5569.jpg,8547a326200e3d23d4c0155306b34e277fda48bdf5cb503ebba4136920ad15a9
5570.jpg,train,5570.jpg,73dd6e3b0eb62eceb1b06f795f32c337f0df310edc378345f72263b320cff93b
5571.jpg,validation,5571.jpg,ba6a168eb514bbef61823a9887a00a60e51a817d8044635c04e9abdc015086d0
5572.jpg,train,5572.jpg,e06912690bb4e47ff6f283bacc7fc88270d2df47c0cd5b90255df9142e240f4b
5573.jpg,train,5573.jpg,1b6d63f58e2b7045986366980a0ae10e7c60452911b51a0489a0d4734822b220
5574.jpg,train,5574.jpg,3e4a448f791783fac799a7e7471796f8038de4b14849ad5c6413026db55a9327
5575.jpg,validation,5575.jpg,76c1082c532c4ad5ffde5d09ac11058e5991a70140be13ccb84bf852fe43d94d
5576.jpg,train,5576.jpg,0b86c17aaa758478703d62202612034bdbf619fd41b5e14045b5f55321e479ca
5577.jpg,train,5577.jpg,a611d177a8470abefa24da1a6272b259637cb17f471975b2fed0fd75e349b279
5578.jpg,validation,5578.jpg,5bd7c627ce17c704c07314216ac9a5e3728c6d15d6ff165092ec01d9354b160b
5579.jpg,validation,5579.jpg,4909d870365371638216cb2c7b5aa6523887548376a5246e371bce2ba1c5e785
5580.jpg,train,5580.jpg,ec173bdbff7b8a7cf11d1bc00a24413b8661a68bcfa420a217078a3ba8f9b13f
5581.jpg,train,5581.jpg,940cd52f4be3a6182b416e4aab8f4ec37d698e5512de5e3465023eb72043aac5
5582.jpg,validation,5582.jpg,30138d9e56911920452db4b4752daf856af256cf0cea82fa811a8eb7bb098e09
5583.jpg,train,5583.jpg,0e97179eb62e0a05129f242817d2fab8596bcf1f15c8b141f0ff81d8403093ea
5584.jpg,train,5584.jpg,1e72572e76dab30ccf1e004991c5aaa773c95a5fd39a745924ffe6c2b82aac8a
5585.jpg,train,5585.jpg,0f55366f2506353495bfe32b2feb9132afd318c794a237ae65bddb38f805a6d7
5586.jpg,train,5586.jpg,637ce4fb6b6b892c97cf206ec91bd567c938ccbb4169144c97607e2da45d581d
5587.jpg,train,5587.jpg,074716c1d0884c27675d988c8caf0fc23a368c9a308a6621ff135db47f100f0e
5588.jpg,train,5588.jpg,b3c3386a48525482fc923fb474434c9bf5f71582b92701d99745a3e9273dcefe
5589.jpg,train,5589.jpg,359be2a413f08c608e838862a6bf32b31f12d16e65c492d91fd2570aa9349af6
5590.jpg,train,5590.jpg,9ecd633ef072922083defffd3918c1bf5f34e2005f35d737fd09f383ffa13482
5591.jpg,validation,5591.jpg,305b59998cf31b2901285f21ff972ccfdca5bec62f31cc49abcaccdb1e93b13f
5592.jpg,train,5592.jpg,f7c83fe399b0c23bd97310a4345f26cc06ea011aac26c81238819b3b93b99d15
5593.jpg,train,5593.jpg,989e2f4e692b03854a22a5feb6fea2392179559c36ef1f116735c4da78bf425f
5594.jpg,train,5594.jpg,f7ce68a2b424ffc75fdd7c99e21d8f0b8fa8847aacdbe8208bee3304a403a680
5595.jpg,train,5595.jpg,8f10d324cd39201166c78b047a1a1de19f38ce82956b21522247b5dc87a4d32b
5596.jpg,train,5596.jpg,cf6da4126c63e36237d8177fdbc982b1ae0181101df165793d7ed25fae6e786b
5597.jpg,train,5597.jpg,a8030f9213c4ff012545bd2641b5c6e92ab1e7960d9787bfe463f69fb3cf26dd
5598.jpg,train,5598.jpg,ceba936557a8762aac3401b172088131f6ab3041c2ee69f8f9ebe9189c1c7887
5599.jpg,train,5599.jpg,880651c9b65183e879fa9c8aadf7cb81774946299c5b7791b8d755a8477f152e
5600.jpg,train,5600.jpg,be782b1730b398a15aa5c65ec53d03cbf5f8f4caf640786d48fa229d31da7256
5601.jpg,train,5601.jpg,fc06a1a6dcbec4d2c4d504b056e52c2aae9ee211b43c2e61b331c9dc7adbab3a
5602.jpg,validation,5602.jpg,5238f4f326478d18dd9289924085ded90718c79d87fc4f0e55bb47b81e55f9c7
5603.jpg,train,5603.jpg,09ad4df12f00a433e33379857f7fbd64dc82984726d6b7dca8cf39160b0f22e0
5604.jpg,train,5604.jpg,cd03860c4f93566acd369a339c3bd9011739e45be093bbc0966a910ce7a7aff8
5605.jpg,train,5605.jpg,71978e030e15492ab9863e750c273019ec5fb215c48368557db09bb5e8811008
5606.jpg,validation,5606.jpg,ce284189ceacc2945b4dd2fcd667ca2e5f1eefff1d70f170e45c3ea84714fa69
5607.jpg,validation,5607.jpg,fe9e4b01a927b9351231106fd1224a5f8afbc0f1cc75ad3fc3acfff12faf3574
5608.jpg,train,5608.jpg,dcf2a14aff7e8938b4978e3bfb0d1b092b79ec38692d0ed16401f677903e9764
5609.jpg,validation,5609.jpg,bda3e52f4757910c0ce4a3e6bb45de58db287bdd81d6bce2d9765876ccb7d6e1
5610.jpg,train,5610.jpg,1c1504dc1ce482ddbe46092351d23e38892730072828f3e52b0d9f0ac50c951e
5611.jpg,train,5611.jpg,6d697eeb630cd6592c47f98b7cc6c819f0da3c065d320fb8827e972644ca7898
5612.jpg,train,5612.jpg,b743a50d895c2aa100264a1f4419167dd53aba7d466eb35d78d10ababcef0138
5613.jpg,train,5613.jpg,79cb4a083a9f72fe867f9da176c2f374aaf428cb59bf1d608adb265b4b11ea6f
5614.jpg,train,5614.jpg,50f6b50353b37aa561e71b80d27ef42e2a9ee145a770152ec4b80e66688d1465
5615.jpg,train,5615.jpg,58f9e4b426bf297c4b66c476292526454e44b8292582362bb505e5b2f756fb5d
5616.jpg,train,5616.jpg,1db641c300d2a6952e5db29b4065a849b259bf123ac85ec225f717a1fbab275f
5617.jpg,train,5617.jpg,2e3fd7dd0029306afda75ccebc23c36a9acdb39736117be5ac5cee5ca8b57fa3
5618.jpg,train,5618.jpg,f5bc86ff07a9bab82f6625436c81e44dbcf836ccee0435642137801b9a9e979a
5619.jpg,train,5619.jpg,2e515f43c530d9e44f3c6bc78ee0744026edcadd3958f1d882c6ddbb2a44e9d1
5620.jpg,train,5620.jpg,e16115dc272c113ff3e3348094450374e4ab5971a7b32825354ac6d8442b2f89
5621.jpg,train,5621.jpg,a611f0a67c7fcccea0a432c5f8c6d0bf07e5ec180fa97ad97ddc4b2bdb523aa0
5622.jpg,train,5622.jpg,3f88b3c404ceefb076d4d3f1b7b3acd6fc1a64f7ffaf037f9b05e7f3791e6ea9
5623.jpg,train,5623.jpg,79e6b5267b33012a3d507f107e7b5b4a4ad14145558d36d4907a6c3b400bcea3
5624.jpg,train,5624.jpg,5b32c9702275454eb35a5571315f31482f63818e82aac1fda050805fecf1847d
5625.jpg,validation,5625.jpg,c13ae4e3a0a3a4a54bbc1b83aaed41383ac637604a068fd3dfeeade444988306
5626.jpg,train,5626.jpg,0882d09956703e3de9bbf23d10f45bfe68f6df5dc96f5497545cb3e5225f0307
5627.jpg,train,5627.jpg,bf105e948a6ed1e2c6d300f2c17f401dc0b55a22c3093cb4de16ec2681910d51
5628.jpg,train,5628.jpg,d5d02aecc5be1ae30f6dc541db3764c52c2bd0ee6b27b7221b60c63fd412a20b
5629.jpg,train,5629.jpg,dcfa2ee77c645e5473c7e35340f007943830b35b3c696b2b9e461ad8374f7ec7
5630.jpg,train,5630.jpg,b9764c6281b7d3b9969fd9357d24f717e4473a59a9a081e8a36953d580db9a7a
5631.jpg,train,5631.jpg,625db826691fd23e9d66e6e16aafbd323528ab92fd3d298363102a8945cfcbde
5632.jpg,train,5632.jpg,d94c7d710319044541647982c81cda65ac447c2426218a77600070fe9c387781
5633.jpg,train,5633.jpg,b7632b214d38002e5e7a98827d20ccb2b457406ae0d086e6d77c7ea50ae803fd
5634.jpg,validation,5634.jpg,6bf55c4ebe20412d1fed0f7bb2549c304ca6c93c2c659f2d54f182def9cf286b
5635.jpg,train,5635.jpg,3c5cb61b4407f90e58498c25c47d01c55a52cac23276edf6e748998d9ac973d6
5636.jpg,train,5636.jpg,3992efcf5bef6511a724b5fd0983ccd0c43afdd957d0ca1c798f53307a648903
5637.jpg,train,5637.jpg,6d3f700a199abf39c76dd30d5ae6b1a4fc88d4642c896633f3d8b8ae8abe1881
5638.jpg,train,5638.jpg,350f0fb3cd90d0d6f0b5cd67ca577ade4131a152ebff88919ca78d571b6332ed
5639.jpg,train,5639.jpg,dc1bcb5438db417282aa27bdbb1cf496d15b4fd8c34fa748b8da917338351cde
5640.jpg,train,5640.jpg,939dad7c0a44a0614892082c7bc295a2705d47d4335c081a2830bc2d1bc9213c
5641.jpg,validation,5641.jpg,1d009d5cb7af300c8f5b9a1b0228600287c40ca47eee721042de9ccffd41ae21
5642.jpg,train,5642.jpg,454dc21bb71e35b7d90d3d69d5b32f6ccdc7ba9caea8d22bfbc411423598b8cf
5643.jpg,validation,5643.jpg,4695795d11af848dac306b14b03f1ee2d0d0132ec73d557f9ca823eff596f3de
5644.jpg,train,5644.jpg,5c3381f47f1cd22e27c1459d4a2323f4fa82999ce708fecc91b7cdeeb2ef171d
5645.jpg,train,5645.jpg,77f153c2c8c6ba2ebf03b494917c242ffb5d45a279bf412bb25bb13c9506a728
5646.jpg,train,5646.jpg,9813ed937ebd538773680d2ec4f0f66c4cb2ede966dc7813f6ed2e9c47125cf2
5647.jpg,train,5647.jpg,856e47d849c2b262db5b28d462f2ee3f7dcfc30714e85a30a4754bfa3b9d733d
5648.jpg,train,5648.jpg,0f6060a4be59a7afb3684dd8e7db7d445a5493ba78dfc9b8d5bd97ea0e9f240c
5649.jpg,train,5649.jpg,8291dbef101bc338dfbf7ceb0010375e14bbf5032e53f5122b8a24576d970bca
5650.jpg,train,5650.jpg,6460dde5c3069cecadf410b4dec557d0f53899297baf52a36b25b5c857e71df0
5651.jpg,train,5651.jpg,d1cbdcbed5ba675b3526ad3b012c3b8262c2f56358858b08bd07d75b79d7573d
5652.jpg,train,5652.jpg,296ea13c4ff343b1197d06ca1f8dc4151522adfad79bf355ae167989e8599d83
5653.jpg,validation,5653.jpg,acec65e0b0f8887ab5295fbe4d2156dc3416289169c36d672aa87185f81338b1
5654.jpg,train,5654.jpg,6cbac133b0137990d6da82bb482413c0da5f405b52e5c034f199adff7a31353e
5655.jpg,train,5655.jpg,234f38dce1f57b7931b76b8ca825e4d5ab40550f4b9fb612efd4ed632cf7b594
5656.jpg,train,5656.jpg,f823ef13c26ce3bb5018b4c6498af2724e2c6659b0aba17c7c7fb43072c8784b
5657.jpg,train,5657.jpg,53e7be6e48827a80aedc6f3a4200601e3521f0e78aae3b2314323d679a0913cb
5658.jpg,train,5658.jpg,8a125f6c669860fe2edcb1952d9579690044c6e6c752916b05a60c853e0507fd
5659.jpg,validation,5659.jpg,fb74ce82ac215e6ca3da45ece36668efdfde371acb51d3ef04a8df62d6257673
5660.jpg,train,5660.jpg,3a8ead674c0dc115d72bd7943287b430d196ce5590950f54d85a1258e377497b
5661.jpg,train,5661.jpg,ea616520eb67572a40153ab3967e7646bf8f127c377918a8d512f164007af3de
5662.jpg,train,5662.jpg,8378ac395ef4c6ac83fba0d020a28195cfffb2843e17562046335c2064de9fca
5663.jpg,train,5663.jpg,3541f2afe9a922e34477455b0c0b0756a863d1b6ab27a0bfd3a5ab7a848858e9
5664.jpg,validation,5664.jpg,00cbc7014dc05efc20348cfeedfceede7cf51a5239850e5af8cc9f254cf09d81
5665.jpg,train,5665.jpg,9ff4257ef0a5ed51e9ff2e81eca10db7ab819b00ec12142ed7f3e9a344939dc7
5666.jpg,train,5666.jpg,1d30318c214205177fecfbf662782cddfbee5c7f1c3238ed8ade2baed52b0769
5667.jpg,train,5667.jpg,937545a71e4a1aeb25364f6f58efa26636fc6222d5cefacbe08a4cd98e4d1426
5668.jpg,train,5668.jpg,167cab71f150383581cc33844f257cae13a5edd00cd2ebbdf2456b772481bd9b
5669.jpg,train,5669.jpg,c57f109213b4046ef0fbd18d93f656b3151b496890742890bb5c7f4b8a2f5d63
5670.jpg,validation,5670.jpg,5b4dffecbe81a435440d9b2653c79a880b0baeab92982a912b6028c07fcc970f
5671.jpg,train,5671.jpg,95d7c9708777b55170d60ae8b40b78c6dd7c4ac96668ca46bf13babbd8525d46
5672.jpg,validation,5672.jpg,15fe8aa9c09e1997390afe62643b0df2bc8686d43ec311fb9deaab08cb189aeb
5673.jpg,train,5673.jpg,771e551d7beb27e434dcd3633bd4e4de4f8e62e2c6eb713439f2d1fa4f6965a9
5674.jpg,validation,5674.jpg,d50dca0e7167a84af190ec11e12a2a8e6842e1f32f1fc6a4998c975a64f65183
5675.jpg,train,5675.jpg,ccf85513e63f92f30a3f30242e55adcfe33ad020b40310defd69d53ad459903e
5676.jpg,train,5676.jpg,3a08b20455b5126e8438a23bb58b14494b1a7efded7d2fd626fb175b3008ef5c
5677.jpg,train,5677.jpg,ea96481000425c116d6696bc4389bbdfac45b044487260ffa9000c283ba00216
5678.jpg,train,5678.jpg,2d815cb0d76304fdbdbf12538751d2e688bf855be37ddbd9972660de0b1cd73f
5679.jpg,validation,5679.jpg,d3d3d71c13688120d6f493de8a4736148afeb2ab05197f2e8661a9046ebfcdfa
5680.jpg,train,5680.jpg,d163509f5256ef006d6b10af5f5296a383784c3f3b07800af05fc2377a353f8e
5681.jpg,train,5681.jpg,326401d111c26320fd93356e790d56ff4effb767bbff5b88c434d78b5902b3d8
5682.jpg,train,5682.jpg,de995461d5d663534f45f25e04f363532c80e303134e230b35e4353a0a6dc8fc
5683.jpg,train,5683.jpg,b7ff6bf8783f4f0116f1083a61b2e19f27d8485177b318ef294c30ae0c5b2186
5684.jpg,validation,5684.jpg,0ae5ec3bbf1029f73d18c79ed0c35018fe3cec8ad70c5789809cdcaa21991a6f
5685.jpg,train,5685.jpg,b4ac43e11fc4587635d52cbc097a6c258609047d92c797013be1340b5d2eceef
5686.jpg,train,5686.jpg,222347e9b6beb7bf0e9305112f39294870968bc3ae38e9988c2fa30e5c96659d
5687.jpg,train,5687.jpg,ef585b433c677bb0153ea3ce3923a6130a2d4767ecace0bcebc3f8096b14aaea
5688.jpg,train,5688.jpg,04638d9dead854a7d72c15e55c3e0e2c15e5a1da9db34fcf095d670799933cc8
5689.jpg,validation,5689.jpg,d2bfe773fe3bcc09ac1bac978022b38ae823ce9ba155ea9d8546fb03017fb1b0
5690.jpg,validation,5690.jpg,e27546174f7755d2705eb44376d439eafe4f4f1f4a5206347d0513f8e537c17d
5691.jpg,train,5691.jpg,62ebd6175061c2b18aac733e598b79b11be65f04d951a576b084d8909403e05e
5692.jpg,validation,5692.jpg,ad127cca5456a29c9f71f42a3b9842e6d15e53114edd78656a3ab484f250719a
5693.jpg,train,5693.jpg,02a943ca64d06fc501e8bd1020beefff3403df5b7b1def4cd428ce4ed8050716
5694.jpg,train,5694.jpg,4c1ef6d07c64c5f9d23596b9e07bded1dc802029d4c190da878d188d6078de2f
5695.jpg,train,5695.jpg,a55457dcdc0886ca744150f0b21345d89437e82068799d3de9acfa777b9b277f
5696.jpg,train,5696.jpg,62325d8f1ba74f613bdcf02bf7fbdd82a41f20b52c7eb79a20fb798a07acba23
5697.jpg,train,5697.jpg,43806671524bcf3a7563ab27412623fd8331c612fee517084fe89487ae562033
5698.jpg,train,5698.jpg,14674292f6ee4bcefdd8d1ed2f6877ee1410c7f85cfa8930561914141a4ac64c
5699.jpg,validation,5699.jpg,4e4cc8f76e065240eb62dfb0f1eb31c6a52803c398282a91f3bd374acf60da37
5700.jpg,train,5700.jpg,538fb255ff3d5642c8ac6d086eb03eb07efe047996d6f737d612150418b63dde
5701.jpg,validation,5701.jpg,5f8c38c01c96183f25823fa67975e4b105e086dc1ff12498a7cb5f6ad5cee7bd
5702.jpg,train,5702.jpg,17a40bf50fa543f505af6899e85c67bd37d5e4b2a166c4d89caecac2d3fdd8d3
5703.jpg,train,5703.jpg,91c82583ae67f3817a1277b26213e43f618826e4bbd6a5cffa06c313c00b5dcd
5704.jpg,train,5704.jpg,ee33dbf346075818e96829126e00f61bd47d12b179f85ff3378e0c91dc1d29a1
5705.jpg,train,5705.jpg,de5fc8b70b0da49e687bcdc7ccbcac769a197650d1d03713160296c29938b36e
5706.jpg,train,5706.jpg,45713087a258bf32c241c59b114c9080a1e8b892008862411c1644faca594a07
5707.jpg,train,5707.jpg,f26fd74c128f91074c5edb281eaa03686811834b98b3f4fa421e1adbbc8fb808
5708.jpg,train,5708.jpg,190f7c064c0a02e41ecfd6dfe8475a6d00055fa0c3dd80bf3f46dff8d997cb95
5709.jpg,train,5709.jpg,cffbad9581312c8366ddd5ef3f55f20000e8b089e88e8de9fff988ce4350c89d
5710.jpg,train,5710.jpg,48f05d5e1650341918925b564edefebb6f919677e9caa4663a574d82404bed62
5711.jpg,train,5711.jpg,f5f36804a9e5d516cba844deb84e9349b83c7f4a8b8c22da23e90c0c70594108
5712.jpg,validation,5712.jpg,05a3f14afd502c95e4d707040bed0c35a255b461a65c682bf72b2eddb85dea05
5713.jpg,validation,5713.jpg,992d07cda967757382b5e92ea4a4829f68c78db23e894d5cb46895a5d916d87a
5714.jpg,train,5714.jpg,dc71242ac944fe7693f6f40458931c43ffdbaa8be8c55877cc4823c4aab1dc87
5715.jpg,train,5715.jpg,272773d8edc2979b0ba6e20db2a6df9ea8fedcd04d55a25752d5ff28b50281e6
5716.jpg,train,5716.jpg,5d5b2bbe5d78955af8a9641260bb94cb450aad3c34b00f3128a7d15a6e0a4d72
5717.jpg,validation,5717.jpg,2fd5fa1db78e22a47a55c8957389613a5b9ff6f8c490f34b8b1388e1ece53c7a
5718.jpg,validation,5718.jpg,8e211c1045e4091583abf6a2fcea97d23f5910aa4f95cd8df8b991c884117bed
5719.jpg,train,5719.jpg,42ac90608753a1a87df51371c717f46e8af6ca0271f7c736e0aa9f1b08f25156
5720.jpg,train,5720.jpg,ac521b09c4bfb5f3698399dfb61ae9b6b6616eb28f1bdbe8dfedcd77c8038fdb
5721.jpg,validation,5721.jpg,a3e9eb55de50bedc64333765be738749f286a38c73584e0011253501aaad2640
5722.jpg,train,5722.jpg,53d7ffb73674c36e0d79cf8aa6ed6f63816f7fb09c02434fd151fdf332aa5a6e
5723.jpg,train,5723.jpg,24a6f797dd3711d65aad3f4571909bdf4bdeef6990e11f48ac27cdb3c3d7fea6
5724.jpg,validation,5724.jpg,a2e507aafa69199ae98b655c8ed682763a018f4ce5315d78a6639f2d95546fba
5725.jpg,validation,5725.jpg,671437c8aeab4115873de14de87fcaac4d0f9698dad06fec24463c6c9601bd9b
5726.jpg,validation,5726.jpg,e2623020b2b5ae58c6be6349300c85c5c7275cd73690d31a4e52618665439fde
5727.jpg,train,5727.jpg,096d9ce8b83109eb821c1e499e4d99d1b698b6ad99a1ea2158b323757879fe7f
5728.jpg,train,5728.jpg,a3c537e6b578af87ce66faf5443d731a4e00a4ce4b60a8554a0a1d93da2af741
5729.jpg,train,5729.jpg,8d458a245b2564cf91a54c1627086b1f36fb7bd6cd3402701f14923c58b044e6
5730.jpg,train,5730.jpg,d81b81824b17d8cc9c36556d11ec2ad03d8de54225ed50a35cb33e71d9331f87
5731.jpg,train,5731.jpg,0d4c23c35286c9e4ec63b688a62fd5904c18de3897750d4bd68705f2f70ea96c
5732.jpg,train,5732.jpg,06823e64b013d4e7ea0b607b30c493d6871d0c4974b60a5fabf282b2edce5b82
5733.jpg,train,5733.jpg,e8408f2c63da876e92ed293b91d483daf99f4463ca542c821a922a7e1402fd53
5734.jpg,train,5734.jpg,0be30f66d9ee42603552b6f115d4a6d26954ac1af8c3719fe08a8b4689b0390f
5735.jpg,train,5735.jpg,f5e1356b2a537c1fc99d2c0acbd8a29e4e335c23d988ef32a112388331474432
5736.jpg,train,5736.jpg,e5d8ed9222abfb9227dcf53fc0eb87dba93c2706ac89d307a93b4920d18335e0
5737.jpg,train,5737.jpg,26d78a45ff5536f49930adaaf495db3f2f50c462a6d1a9529c29337618d1647d
5738.jpg,validation,5738.jpg,5480027bd63919b226abecb2fc90c15bdf72ec69f6f21e495d3ed9750a785398
5739.jpg,validation,5739.jpg,7ad86661123334a4a729699f3d6c68a8303cc242556d5638f506f8895995d052
5740.jpg,train,5740.jpg,5d2667fc992914f49b11ab4a83ae568526cb38cee1165fafc50c461d1281998e
5741.jpg,train,5741.jpg,3a1f791bb57ba7bbfddb7378ec9192d24c2839ba1861cb76bcc7124ae8546a2d
5742.jpg,train,5742.jpg,715dfa3b14ab9b1a44f4d6741e673078a21e514e156d984ba3edf4e9bfcfbefe
5743.jpg,train,5743.jpg,ebebf8b64b5a9ed1f3aba827e03536dc2666dcea9fb4f5419873cbb444472102
5744.jpg,train,5744.jpg,e9f88cd4361cd82dbadb1c60ba0726ceca06a40f7ce133bb256e7707e9565e24
5745.jpg,train,5745.jpg,bd5d7b27145c8aef5e13a70495596d0916ee8fc0ccffcbc99374ab57c145a32e
5746.jpg,train,5746.jpg,0aec1419a17864f65d4e19dc4ed2567a9e0f28d845e7eeb155bdf72469c65652
5747.jpg,validation,5747.jpg,d42155e19abd88d48fd6f5c1565cada93affa4d503148bc45187edbec3aa8ea8
5748.jpg,train,5748.jpg,b421e109dd997ab974263c9898930c506a04c97a36fc9a150238b4219c78f218
5749.jpg,train,5749.jpg,283b0c718c583bc3c12ca1f3e07f2b4587cd23bd42d899dae74282f9a33ac61f
5750.jpg,train,5750.jpg,9fee39be890521a68edaca7b66a038b56f2b5716bf60b15f6ea27ab5195cab18
5751.jpg,train,5751.jpg,99703f58efa6dbdf41c69531a0b5554ce95e213b7e26479f9765bf08e4cd1f61
5752.jpg,validation,5752.jpg,9a759b1341d26550b717cf584cd6a1fe767c0411a1cc6989ce2c2ee148b52e28
5753.jpg,train,5753.jpg,a0cb259aa07b42998bd87e4467fe983ee998a87cf96b9e8b6ae1497aea9e795a
5754.jpg,train,5754.jpg,1e69a7b242b26d4deaccf50cd6168b3e635890a510a82b9ebbd5d1dc292a099d
5755.jpg,train,5755.jpg,26f9f2ae25ddb2e3c15aadf3600cfc454b56d0702fb7dbd16a2e20260a20e301
5756.jpg,train,5756.jpg,fbc929dd51e97bda89176f388186964d3579230b07938e5dd51d2c3541fd92b2
5757.jpg,train,5757.jpg,4fbb68475f3e62fdbff5edbe75678f66a1fa710bff051a02a90d894363ffe507
5758.jpg,train,5758.jpg,2af9e01d04624c0ce7678556da616d7eb260751d971a2111946021040907fbde
5759.jpg,train,5759.jpg,1ac9ecf30834c8a3374f5022c91039b02fb038d25f3b8c542f1e0c532bd7ca36
5760.jpg,train,5760.jpg,f9380e4b7bf20d2ec4727e78db013462ca5bf890fc4c986403c4f4fe3d0f00ae
5761.jpg,train,5761.jpg,d11ae5f2095f9018781697b23aa4b3b9cef1e6e019121801ccb7c6c18d9cf6b5
5762.jpg,validation,5762.jpg,5bb351e761fafb5caec906a5f2bd03ed73c5b216f719cc221dcaae7bad03e6c4
5763.jpg,train,5763.jpg,6a34304cb6f4091cdc70568b9b8780e7109f65a083ecfc60ff729e06132407fd
5764.jpg,validation,5764.jpg,7e521d4febcb68d92e09d193f52c31b511955d90575c399ff535d8b7c235a517
5765.jpg,train,5765.jpg,5a19d467142b1087990f72e39fdd8bad657877fc6c1e0fa9afb19eba8d0bb7ce
5766.jpg,train,5766.jpg,cccb29a55da045a7758bb71f6ad04ce69bffa7504c9162b8379aeb36b2ccb055
5767.jpg,validation,5767.jpg,cfe6604dbff756409fcb41f4daee32cba908c838f52d261319a546e603935d9a
5768.jpg,validation,5768.jpg,ed44cf52f794ab067c48d7b5d711d86f12d811a1eb59b8b4de7976ea1cf1476f
5769.jpg,validation,5769.jpg,99ad20c29162a2dcc4f79579e6c61717a851c1505833b63ea1128ed96c108152
5770.jpg,train,5770.jpg,799aef9bde9bb0c837778e52a572406ca8fdbceb40fc34ea3d5a93075d0cf329
5771.jpg,train,5771.jpg,ea922037affb7794cf767427360a70b4d71dc5f20b4be51c10b60b28f394a85e
5772.jpg,train,5772.jpg,5d107a6784aae918e845e3084c05e04b01be99a3d56f1d2c8d4b3c6ebf61994a
5773.jpg,train,5773.jpg,b4c5a4db99fb40ffa97bfcd10241a537940b4509e85cbbfde2e66bdf9eef8603
5774.jpg,train,5774.jpg,dbf95558c92b904bf96b91554792a9412771c15791460d4b7080affb2cdf87da
5775.jpg,train,5775.jpg,7de966dde65095337e3ad63def988cfed3e97e3839ac517f99e796a02b3cbf62
5776.jpg,train,5776.jpg,cc76c39010dde6725f13b5d6da067fecd6be846e9f2defbdf8706688c6ee6df4
5777.jpg,train,5777.jpg,2660f1319fde2a229cad05c6a928a1c989a29a0ff51e3ba99b73e2af1af7b206
5778.jpg,train,5778.jpg,034e3b6679f1fcb6532627b531f0deb525fe30a46fe55284bd7734c8affb66ff
5779.jpg,train,5779.jpg,54db6f1166aa082178d6dbb21527ffa74c0439b75c122c3b48ed403a4de969bd
5780.jpg,train,5780.jpg,5ce1220185e5428012d68985c9bb81ee8a1de9432836a7430bd04cbd29b1cc4b
5781.jpg,train,5781.jpg,5a0923f281b438a27531ea8fb3b10bd5fd3e0af836af1dd880c399e2719f63fc
5782.jpg,train,5782.jpg,829d12fb804f38d51c14e5a05df56e781ff12cc288ad804baf86edf469b22fb9
5783.jpg,train,5783.jpg,2cbec4ee6f17ca4802bc1d0a2ef9489faef61d515aed7b6ae3f5df242c71e9a1
5784.jpg,train,5784.jpg,6dd44e32bbda8f4ea7261fcf4ce36d3f063d58af9ec83a3de81493c2140b3ab1
5785.jpg,train,5785.jpg,905ee12958b5a1f371583908ae925b0201dc240d8baf234c957e4e4bda2cbb41
5786.jpg,train,5786.jpg,760f2d5111c1d7395b80eba0da42662a37ac59197c9d2110c24279a0e0c15d7c
5787.jpg,train,5787.jpg,0d298b0be8cd64421726d1bac9bed7e03413e2600cada7218581d255deddd2a7
5788.jpg,train,5788.jpg,c1abd5a14fa73813223bdeb5af99c3e8f0b503d6fe76d2bc00b380d46d8e65e7
5789.jpg,train,5789.jpg,a4433deb482a249a917d566f028fc8cd80651e23d5e06cd9438562b333d50912
5790.jpg,train,5790.jpg,87022d469847f63c2c1cf397e84b09b28a567608bf2ca2caac705efa06c67c13
5791.jpg,train,5791.jpg,9f5eb2c2b7e0216183411179319900fa01cbbd11dc8376fbe1dfc39398c7ad90
5792.jpg,validation,5792.jpg,255317279cdf719fe6574f973a35ef5bad6d7423c52baaa98b9c111ca5fcd5ea
5793.jpg,train,5793.jpg,3027df59477c162c5536bc3fd485ad7c0800f1376ca9f073524288eaa4ec97b6
5794.jpg,validation,5794.jpg,0827054f8be66a5e050a63bc24d8ffde280c9941682e45ad48f317b84282e524
5795.jpg,train,5795.jpg,f4672452854e3b8a4064d4c416310f305951a726225b73dd57ec62ffe9d22da4
5796.jpg,train,5796.jpg,1c1a641aa83f144d206c5d463af38a1c0f4f0b5dbce6f5b79ddbe9e89012b44e
5797.jpg,train,5797.jpg,8bcca8f3253349dc34cea142cc5c1c307266c9abf6b49bea788077cdcf14d7e2
5798.jpg,train,5798.jpg,08b102819871fe12aecb0bde5124eea4e9bd83163ba0c2dca0a49329ac60fb15
5799.jpg,train,5799.jpg,506d3a6d45ec278d7db3e6d754ad3e9028956fa22fc4a4c03d6c1f15b8d1b6cc
5800.jpg,train,5800.jpg,e394575e6d404ca5b4fc76853db3bfe502e1c610f247a585eadee51f0ccd43e6
5801.jpg,train,5801.jpg,b8a511cefb413e13336fde6b8fdf1b949c7024cf84ed9c9fd52dc475388115d1
5802.jpg,train,5802.jpg,e01102515248bd9b1aface2d2629fde15a18efdc325dbadfe769db6d3dde06b1
5803.jpg,validation,5803.jpg,3b65fd943e40bfc0bb035c9ea6d0512b0d393a0a4704aac46f1d8fc18dfa05ae
5804.jpg,validation,5804.jpg,5a7c03bdf005954718529467fbff0c01b0860d4feea37249641e72de52282de3
5805.jpg,train,5805.jpg,212ae8d417dc6f8dc748dcc0f3a713c54f00491b38374fcaf04b9c154ed47aa9
5806.jpg,train,5806.jpg,0358016be13dd165305c661f8edf3793344f62a3ec9fea782b0dbc63e119682e
5807.jpg,train,5807.jpg,33bfb21a1271f17125a6178963758eac0bd27a809141f95095322486fbfcc73f
5808.jpg,validation,5808.jpg,5d1efd27c472e3d0eccb47127c635185fe902b6e736c5c1f76021c509bb7d094
5809.jpg,train,5809.jpg,0c1080932211976f1290f740d850d114a974ae381557fe048e943ec78d5027c7
5810.jpg,train,5810.jpg,b611def81973c279c2427e0a2159130dcf285e12423e2a3e585c23497ff42a50
5811.jpg,train,5811.jpg,2218e29a3f682575e7856b5da5be4c5506c2aee60a2326068488b2245ad05472
5812.jpg,train,5812.jpg,3592868e6a5e6e005ca30473aa5d8b7153a20905044a570ea40ba43eb0ce2561
5813.jpg,train,5813.jpg,0c4693f28fff8fcbe67091303592835dc2e25e4947c653f35db1b0d6ce257f3f
5814.jpg,train,5814.jpg,7b6149b5eecfc31aa2041139907286233f1fc07848aaf1ab1ee30aad9845615e
5815.jpg,validation,5815.jpg,e2a74ab457b24786b2a44f8cfa6cb3a575903563ef41f18848073240fe123aa1
5816.jpg,train,5816.jpg,e29d102251e657711dddcff0bc70954fd01e3c51665df141f05b8a1156b0ad6d
5817.jpg,train,5817.jpg,21bb334911f06830a0ea86194bdb57b67d2e77db89d96b5c2c38247080f8482a
5818.jpg,train,5818.jpg,4ca032b919f030c1ab89bcc16c1f3f2f8478ec31a7c58cd939cecac156801bf3
5819.jpg,validation,5819.jpg,f5e4e979c2213dde6e7ebd410a5d25a81bfe80223fe5da814b5d8b3bed7cf2af
5820.jpg,train,5820.jpg,540607fa05660a467c27e1cad8ae1d30b09da02ebd5f2dcb6699a087027fe899
5821.jpg,train,5821.jpg,c09bb2a7c44cc95ac44f7902391865deb4e4bc1da0fda562906059501c771936
5822.jpg,train,5822.jpg,d015d7709ed44f1d9dea258dc2c80fc9dc6d73322c55f2045c3f5de00bc28308
5823.jpg,train,5823.jpg,aebf979e5fafc224342ec003cce9d25deb5c6f31dd4b289b87ccdea39d684efe
5824.jpg,train,5824.jpg,10f7a90b915d6682c9a83a17685b0d004e75422b3b9667e184e1d75fce829885
5825.jpg,train,5825.jpg,a572e06d084a35d03ee7af7ca6e451054d9f009dc54a840aea7be5f53b547434
5826.jpg,validation,5826.jpg,2c2d50254a200665ad91f7554b5f787c6067a74fe994438e6f6f2424f53aeeee
5827.jpg,train,5827.jpg,23999af578a9ece5422a435b8a05d44c885757b89f7b98e27e430755b9313fab
5828.jpg,train,5828.jpg,15f5d098cd000b7aa18ded119f02d79d5765efb7e6a41643bfbbc984b99aca83
5829.jpg,train,5829.jpg,c29f202d2c6cbaf418f7b878b166ccaabb175f7fe081fdf4a2bad0d0141e61fa
5830.jpg,train,5830.jpg,983ba16ac284a541e3f394ac834291aff0725a8a22b38da97551ca9bbb8f2831
5831.jpg,train,5831.jpg,6928140e91bb38de419d7d3fab2b980be0984f6e76b6b388dd5ae4fc365545de
5832.jpg,train,5832.jpg,183b7c5aad6d065518a0847dde1964dc9cb31b084a57bbda6da3f2941a2cdba9
5833.jpg,train,5833.jpg,7603fd0f475ba203f5d910d8a0a1b6917585b2c87d63457123df15c4726ec12f
5834.jpg,train,5834.jpg,389a883ab49dafd70b01ac213ccb01f9d4a5110fade18d8987e814cf01963b81
5835.jpg,train,5835.jpg,74c91bfa68135980012a72025253ef4a246e471b6245efd76e237c329c2b4960
5836.jpg,train,5836.jpg,3808ef384036ee00138b26eeef0f6a04cad67a75bfa9cc4ff28634d26a255cfc
5837.jpg,train,5837.jpg,6f0855279ae64c1dda8770a7ea33e9081cdf994774c2acbc7100c46df29d4c9f
5838.jpg,validation,5838.jpg,ac0710d926f62fb406fca8943f33d5130957d445d34520624b54fdaea4cfef6c
5839.jpg,train,5839.jpg,b9e11cadbe84887d6c0f8b7cfd89306d3ed7407a69c9365245cfa04343d2712f
5840.jpg,train,5840.jpg,9522543ce7de3fad30e4820c684860e465d82bceeb0d69086c40a9fe0db11d0e
5841.jpg,train,5841.jpg,2c7d72464dc8257d2947154f90d3b49ee74e1cb5ec43cba61bc7fe47b75a85e0
5842.jpg,train,5842.jpg,3414256f0e9f57eaf455b05579b4e4c24cae2e63850840797c849f0c0c5ab842
5843.jpg,train,5843.jpg,3dd6352e64841b70f010b57b5796a293ab0564a2333719455cd7f50dca896d89
5844.jpg,train,5844.jpg,09c1be9836bce104d39075569cf868685e24eb5b7c33a57788d8444f6ff6c553
5845.jpg,train,5845.jpg,80756fbc76369becb8c6bd1255357dd423061cca2b19fdea7488e7b1b1ea767e
5846.jpg,validation,5846.jpg,c9678828259c165812b8721da3b96511751660c561cef14d2a6e857bc47f62cf
5847.jpg,train,5847.jpg,aff01d018fc734f8f44c497c6cd3128c8fd376795c9d59f3179856145622e04d
5848.jpg,train,5848.jpg,56fe0229b5e03a82c6fe693744b4a21430eb2ffbd4c35a7498bc9c67091efcdb
5849.jpg,validation,5849.jpg,5404b83c9dc14d358c3771416c9965dc47921ef65827471da42cbe9bcf5352eb
5850.jpg,train,5850.jpg,cf6c08155e55e9faaeb2de86bc11aee5339ca12a5801b1e3fc5d7255d1f62ee2
5851.jpg,train,5851.jpg,2a86354b8c5133e89a917dc99e8201572b81f527b4050c7bb184b70c070d2980
5852.jpg,train,5852.jpg,fe83f35ea745b847e2c66b4558638f1106c23e38f99184cd6c9bf33afcbad29c
5853.jpg,train,5853.jpg,eb70f26f05879703642fa3dba23e9ed7ecda421c400a4a829f4b6d0b2bce42f2
5854.jpg,train,5854.jpg,634cf11bc677bbc99822d5633b1ba7cd17e8229bb6181b8505c864f822e53f09
5855.jpg,train,5855.jpg,e13f52565d57372c36c5a9771bda39f3c2e02675d3cc5334ef38d8bec56e535d
5856.jpg,train,5856.jpg,451b59e38a23cb74115c338563183cea70186010d707cb5b15ed7e0132d8c5f8
5857.jpg,train,5857.jpg,f1307d81e49866a21da83f2d6e5c5b7173d8ef06e50464a27a42fd6a3e106dc0
5858.jpg,train,5858.jpg,ecbe70afefec53f87972e651478dc58547d9f92620aee8dc30207076a51a610b
5859.jpg,train,5859.jpg,c14566d1309b8c646222532f9f0fdf74ad6e64681f66e401fefce2fcba11bf90
5860.jpg,train,5860.jpg,213a2834b40543b07a8eb6fb691b856eb9c0450df66cfdf8f75c5a128a488c50
5861.jpg,train,5861.jpg,a30180246bf1eeac924a9ae4587915dec2662d2f14e28fbe1a2ffe80b50c71d6
5862.jpg,train,5862.jpg,cbe1445ef9b222100920a465d54ae71dfa6afdaf50927a91786d48abb4b51dcd
5863.jpg,train,5863.jpg,94b296e7455154e639ac6e1df9025f48e559ab0e50b85c64a2ba9308b7d27edc
5864.jpg,train,5864.jpg,631239a0e413d39ad8fad095fc119a9dcd4cb94a51c6c01386fd3d73d04d5a13
5865.jpg,validation,5865.jpg,9d14e8ef16b729438871f56ab29deb4cc5215e6756ee61acfa1e20dac909defb
5866.jpg,train,5866.jpg,458d0308fad998e525b8c5beef827215a6d1f21b99d0995762e8d581ae8e6022
5867.jpg,train,5867.jpg,62a2a52d9b9bd472e341d2ccb6c6d677e0d4399de094ac9c5ae1a8d577ecd4ff
5868.jpg,train,5868.jpg,a8413d9987e56c696676a9ed5dad72fb2c90ab8bb1625daa8f5081cb86a1e147
5869.jpg,train,5869.jpg,81a339f39d04ed0b58b8a7e1aa9b6b1106429c44a45b3feb17f5469a21c3c762
5870.jpg,train,5870.jpg,b94ef8ab07b7fe7e68417c721ea8b1c4e0a8b6dc5f4bd82533c70bb0784658a3
5871.jpg,train,5871.jpg,1f5d905035ed6f4bf8674c1b42130ade534479c96976e2b0a808434e9929a13c
5872.jpg,train,5872.jpg,e28bd6fb873f007d66a2dda1a5b6507fa13fcc02e7a639175291a14d52704599
5873.jpg,train,5873.jpg,91b56be3131f84159d8bff4e04636beed39a2e265076a1d71c305040c0be965c
5874.jpg,train,5874.jpg,bdf55f405baff3b9067d4d2ecddcd58a959241a60b6a999f59e51397eeb08309
5875.jpg,train,5875.jpg,7795ade595e944a018caaa689aaad6011a05b1d085fc2fffe71631c14f2e82bc
5876.jpg,train,5876.jpg,88a750aec763d5aff4dab9c7d8f93fefb60bdac62e9c00f5897ac8fd98a3b782
5877.jpg,train,5877.jpg,ba9ac59ec05b003788856981b62ef90dacde6cecfdd2cd529af081493e3581ce
5878.jpg,train,5878.jpg,405f570ea197af0e628d326cf3897f268a5d8e77fc20a237dbd4767e1ea7e6b0
5879.jpg,train,5879.jpg,598c7e158c830088ea3e164e04e140023ae47befdd04aea2705f4960031d8333
5880.jpg,train,5880.jpg,c1d58ef3cd5c5ff312787e490c802c6414a59610e7b00ce0bdd4b7d8c9924967
5881.jpg,train,5881.jpg,071885365f7b0066e50680a815cdf12435da11d27989367e2a627d25d77060e7
5882.jpg,train,5882.jpg,628af4825d77bf58bf40c1eaf0de06ac63f641444ffaad69a05c58527b1ade86
5883.jpg,train,5883.jpg,e357ab67ac5434692685e6a7ccceda05e1791cb6fbbd676c26affeec38df1999
5884.jpg,train,5884.jpg,6a566f2958cb3ac8b09989a5519227d68d2d3156c1855ec2b04ff24d9a46d50f
5885.jpg,train,5885.jpg,4fb1f9ca3e2c653bbb10fd5df8ee31be52ee6f6c49a7a0ee8c2da7a309def9fa
5886.jpg,train,5886.jpg,14f6cdae86473d0ebf20946dd4e231dbc76a4d08d8c24d44ff1af9441702df66
5887.jpg,train,5887.jpg,72aae1049eb718b60f281647d486377dabfc027fc0438050b9c396133e23cbaa
5888.jpg,train,5888.jpg,5a08172fec69dfd15c848df8341381d12ea77c254e7a0da54478c76057c5b922
5889.jpg,train,5889.jpg,c8d0f7c35726158103269e638a162718cd6512d13cbf6c7cdd5a8ced513b0c57
5890.jpg,train,5890.jpg,7afaa73905a8ba95c67727f26f37791f1c0779d00592ba9c7e14290473bdf1b4
5891.jpg,train,5891.jpg,de92a11f35bf75effecd1a8544442aec70a1223b36731727190fc12b509e7b1b
5892.jpg,validation,5892.jpg,b85545d5fcafdceed7e059762a95d07e2e1bef0c8bb5aba87e631c17fb8a8e7c
5893.jpg,train,5893.jpg,e32542298eac2564ac3529c1eaf0ec5c517a87b9f1fff6d686e9164649639289
5894.jpg,train,5894.jpg,c34dc3aa3168a0ac009e7c917736950ce2047f9af2fad0f7d1ca4e1a7b3cac21
5895.jpg,train,5895.jpg,7dd486bd68067f40fa3666936139903c5439055aa40e79ea8190da581438c08a
5896.jpg,train,5896.jpg,74f538f3b6e55c306ce92d3cff53fa79e697a0df55902426d81ebc7f571228c4
5897.jpg,train,5897.jpg,cf38780a1dceaabdaf30f670a0dafdb725d2cce5858a4d13ae4ec7ff6c3b3be4
5898.jpg,validation,5898.jpg,e698a73a5bafba981db8764e381aef6070ee6b38e7f570f07b7e1cebf3e1f947
5899.jpg,train,5899.jpg,cc7d5b977f17d59de18b1cacb0c3fbdf6b8d79ed1e240e8193a76dfd274b4ab3
5900.jpg,train,5900.jpg,7385f3eb0750ed711c26faf5c017edf5a5448c23c55853dde3ad84123523dbd6
5901.jpg,train,5901.jpg,cfa097d6a31d5718f67377d2f4554f81ec05d1226296b068e91eef88e389d4fe
5902.jpg,train,5902.jpg,a83299c9051ab060b76460792e74bec2d67c76e2bc49c6c5277746f0715ea112
5903.jpg,validation,5903.jpg,e13ba19d4a84ac18716be661b1949df0e9d5fc67dbedf2b7e6a9602cb6f13820
5904.jpg,train,5904.jpg,26ac463c5bfc43f1b75b411289d396e1b0ced04136c59feb4f36696d1a0e8355
5905.jpg,train,5905.jpg,cdd5613e5b11b1b6f58ae580c48b6892cafb6131e3cad9fea7406bbfd03368b3
5906.jpg,train,5906.jpg,1d6e999cacd9dce2a47962a762c338d7dfce2286d73f42eb79fc8843ee41811a
5907.jpg,validation,5907.jpg,6b77269c034398c59390f9694a90a3bcce277c12f72f07e82af995312641c547
5908.jpg,validation,5908.jpg,2bda13b4b5dee771fe5fc1d6f2a47664272087e7fbc23c0a6641d8a7825fd8c4
5909.jpg,validation,5909.jpg,00fb87a1826e411093fdaac14948efc1813b1d4716ea905e0679d4fd72a53bd6
5910.jpg,train,5910.jpg,7c4fe9e6cf17212127d49eae21dfa20ff13c12f0c3070f977e13ad5d8c8a5abc
5911.jpg,train,5911.jpg,7985afb0fa97d8ef1b5de3ec9c7f203ab157af382ae3669c4b411d72fea3aedf
5912.jpg,train,5912.jpg,e315b1531850f5ba095764308caaa175730ec87d5cb5d859bb7e6bfa3272ff12
5913.jpg,validation,5913.jpg,cad345065901b26fa80437ee48e7606448afff0015bbac63138d7e504077aed8
5914.jpg,validation,5914.jpg,795dd0427cc9c061ad31ddb1df7f69dc8b628afc025e5f50e99edca2c5dba8e1
5915.jpg,train,5915.jpg,735d68596e6c6fdfd26bfa51b7e9604ac69294e610184dfb165b2c4b330c9150
5916.jpg,validation,5916.jpg,8c79e4f0e8184e0ceae49099e2e445c8dc20f27b8cca23223a75135ea10f0019
5917.jpg,validation,5917.jpg,e5196ec0a0f1c9e1f59928bedd583855b48e5bb9ad231100b96a2c1a10660e1a
5918.jpg,train,5918.jpg,674a20bc3b0717a464d1d57a4ce11d0b0ad725ad17d725db0fb1a97c0f11f9be
5919.jpg,train,5919.jpg,6505f3c7dcc1e9791b1dc2e39ba47f62efa7fbf97c17bf05641abc352ae5f541
5920.jpg,train,5920.jpg,3a93054a709f7a9f27f0c6688f8d41b8de2c0fcb9bc75b0cadb60f64448e4b59
5921.jpg,train,5921.jpg,56d106a5a7561fff91cd701fb04ae2390ab46127d75dc3353e66598b409f6eb9
5922.jpg,validation,5922.jpg,7d29921f10fac1136d4496dba8bbb7c5ba3d358752247329f5cd587133fed3cc
5923.jpg,train,5923.jpg,238c9281d7880f86624b774dd8bfa5bf19a3d9f8c77c6b1623757411f25049d0
5924.jpg,validation,5924.jpg,75fc4c89709efe4a72f7ff35f8f9635900da5da47687c47ecd17218eb2421765
5925.jpg,validation,5925.jpg,e88b313d2b29adb41629356441043193518439149f5c502f7462f1ddabfe9de8
5926.jpg,train,5926.jpg,234cb480b504d0a320a578470ee3d527d1b6a0114c0f2d8ae19b341eca01212b
5927.jpg,train,5927.jpg,0730618a845e03cb84aa2c4b41e23cf4b6746d2b05bd58f68422fcf1ba375c36
5928.jpg,train,5928.jpg,61fcf9e61203053367908fe3be16f6841d38bffe9f13b34e3d56a0ad8e00e7ea
5929.jpg,train,5929.jpg,eca245f4747b430a4de910f92e770d39cf6e93882073fec24975bacf8a13867f
5930.jpg,train,5930.jpg,be2a056ea8a2e1a28539fc7719ec986704ffd8cc8bc674575f8a31bd2fc59edc
5931.jpg,train,5931.jpg,c52db28b608d8d9449d84e0d6f05193c97ffbe27edeba0d34d9a92afbbcfb8e7
5932.jpg,train,5932.jpg,55b33e1f44e81b9393b3cacea35866cbfc1685f78a3b33a97ad780f724a0c161
5933.jpg,train,5933.jpg,9c13125235aa627d859cc831da76a8254f57893501b19956bee4ea34c50326a2
5934.jpg,validation,5934.jpg,738529e9492de6634de58895afde4d29530e98c5724991e30475064274112d4e
5935.jpg,validation,5935.jpg,d94a912c3fb52ac2391e5e783a3902e10ffb455ab606449817c979bff68bf788
5936.jpg,train,5936.jpg,c8e483a4c46d56cdb809b6fc0db1bc32e1050cfb66f5f384c66009c4d487e63f
5937.jpg,validation,5937.jpg,d763dca0137d078a5b15747dd31d63cffa0141f09fde5cdeb029b998a1082786
5938.jpg,train,5938.jpg,522ed572d6de2ecb964ad6256b6ecb8eb7c3d2ffbe3c195f9642cdab46daf86d
5939.jpg,train,5939.jpg,bb10bec696eb4f8d9f2ed32a23b402ded5b58121f886288fb2b4b58378ad6a43
5940.jpg,train,5940.jpg,aeaf5fa6ed13f3d0ecdc78cb0408fa5c45beea4b9f9207bd9d1f4f92d01933f2
5941.jpg,train,5941.jpg,157bc51c41c4102b1091d149c152ff3957311f8c82a9f48cf5e0ab4d2ee3926f
5942.jpg,train,5942.jpg,304abb6afca13e88f97f4e42b4b01696d78ecdc42a7869a524294328d0d50729
5943.jpg,train,5943.jpg,5c4a67c83b551e18b9d398180aca46f114051bc3f59b6d9d8743882226fd0f40
5944.jpg,train,5944.jpg,e22b6dea2fa3268efae9d8bbc838d3153445b1cdd9ec74bb071c0aa8ab56ff4e
5945.jpg,train,5945.jpg,791ef82745a48f3c72e274bdb0f94753f31897fb6688da52a3f8e738a92b8234
5946.jpg,train,5946.jpg,26f1a190aa207c451489e9a603545cab2f6ce68e8a54739a6419cb930d8d384d
5947.jpg,train,5947.jpg,6e4f216b4d4a1e278ca6ba39d4a09120654ba6013bf332bd59553f4fa8dc4557
5948.jpg,validation,5948.jpg,eeb785bd5bf1f4a6b9d742976417889a5486efad492afa0f93a1cb4bcf12c739
5949.jpg,train,5949.jpg,44904ae681b6e5088760d5f885ed3c81b1141269b832ce862e4a01877254d30b
5950.jpg,train,5950.jpg,59e339c442a5878b0e6d191b2d6feaf9efb04ee5ea581d0146f8c77f506a84e4
5951.jpg,train,5951.jpg,54178e56d46da348f33637e7ddb1b864c81364fb5e94905a4352ef8a18c3f6f7
5952.jpg,train,5952.jpg,06e8b760298832ca99f8d59bd8d4b0e33c5c74f7bfad9f0d0aa13b7065b6abd3
5953.jpg,train,5953.jpg,f919cfac8464c84bcf6c6cfb4644f44bc1d548a9fce6d1f7083a818a5cf79221
5954.jpg,train,5954.jpg,fee62d4af93a9ca0a832f9ceea2d771e12eeaad4864524014d1073f858c3296b
5955.jpg,train,5955.jpg,eb6e075ce1bec9d0c5ef8a9f0cc54b410186597dac97e4f9a4d7cba36f801698
5956.jpg,train,5956.jpg,a9316694c00b09399ee58832eff58617d9f688e98450154fa52d814beea3d79e
5957.jpg,train,5957.jpg,87549ba47f9a393a618cfcabbdb544554b354ac1f49e35aeb67280e6c2c79c77
5958.jpg,train,5958.jpg,6811decc3d82c537b4207332202c7c3c0dd6d5620fdce01a904709441d61e0f3
5959.jpg,train,5959.jpg,80c2d0557e23da6bfd25a8a9d12c4e31a12b3f133a11f1818454e8fb2bdef062
5960.jpg,train,5960.jpg,b30fb4d9f9381580eadf0b2dfa58e067b213277dee01deffe3f9156da42e54c2
5961.jpg,train,5961.jpg,99900f948117a54f056d5c9b9969b0fb0413130a9cb92a190626227004a9c35e
5962.jpg,validation,5962.jpg,5b6fa7087187ae22453575e2fec6f037588c349a993ad2c42cfd2726a2e178ef
5963.jpg,validation,5963.jpg,f74a127673e1ce826ddcd0cc91834d5f7a77f917759fc1963a3db3bbb705c5d4
5964.jpg,train,5964.jpg,2edc1483f4aae2998fc23e53782175186651be82209b56a3247348e3fbb7504b
5965.jpg,train,5965.jpg,43cc52d77f460fb9d65ed489e0ad5c67803d161ad2ca89af82d63a3b7beebd62
5966.jpg,validation,5966.jpg,6ac12a56340f0338b324faaf5380f9b8185072ee41367aa4c13ce6e6bb67c221
5967.jpg,train,5967.jpg,92b74fb3ed9b1e61d6d510b31cb379c8f4904ac62ac0b89596c4088cae0c0f2b
5968.jpg,train,5968.jpg,e54ae10739317e3611c0f639a99e267fbd8d95ceefa26f678e6e5f85b73d2aff
5969.jpg,train,5969.jpg,f002613c981c5a81e219e47532d084c89bb864ae9f19d0e987c0328ac731c649
5970.jpg,train,5970.jpg,0efc7b17dde3d272101d0a184f97fdb3e5ba872ef9ce979b06a9d65b48dc7058
5971.jpg,train,5971.jpg,31af1c38132f7da58c737cf38a897ba1ec1d56e4565e90f1c07bf5f16f770966
5972.jpg,train,5972.jpg,c464fc2f1df1ed8cf250625536d810aedb3fb78c10edae02f8d1d9c6e8b02430
5973.jpg,train,5973.jpg,61493880daafe705d94612daed12080421027a6d1dd5b73d9d10d36140f16500
5974.jpg,train,5974.jpg,07513a3c60ff7584ca8dbf021cd3fb224dfe5ab3e2ed509c1a0f880b7e750547
5975.jpg,validation,5975.jpg,e80b7ce52cf8e7a1452bd95b9f1e7f07c25ed0a901e52c9bfd1b2878ca882de3
5976.jpg,train,5976.jpg,f6a14b55d58bc697cdc7e5b7ae39442bcd7dbb1c320e46203d0f023fea835d01
5977.jpg,train,5977.jpg,b7d3c627f07c9c81d66176a20a261c87fd61d0ae584d54699c32088e12a6407c
5978.jpg,validation,5978.jpg,4737e47f26a3104eff47cddbcd80644f49d3f369e946dea4110348793c5779f7
5979.jpg,train,5979.jpg,a0677b456ec37f88b7e8a7b4d494239dfbba594d91f6d8eb5cdc90395bdaed2c
5980.jpg,train,5980.jpg,70655b5a549a262a361a07c5a8ce17aaaeb27dc9c50f875138aef8df74330d70
5981.jpg,validation,5981.jpg,dca6ed831cf496d215a28767cead8130cf8e69c650e2555dad3ac02aa7c7e5fd
5982.jpg,train,5982.jpg,36129700e540e4613065bf7990bf8b418b9d7ddc8937e042269e7801093212d7
5983.jpg,train,5983.jpg,440dc8bfe6cf3f8b0c3958ee0eecb0b97afcb1da163b05a77199a60fd65bea90
5984.jpg,train,5984.jpg,a2b6ed68d720429c1e1428438a1323078457eee705bc837ce68e4da34e6742e4
5985.jpg,train,5985.jpg,23863875c51544c81af19f1398245b6c5fa3d7dd514a38a16a264dbf53ba1c3b
5986.jpg,validation,5986.jpg,b81411005a50247f2c8da9f9ed7f3f1cdc36a5a131d64502e587631d65bbe8d1
5987.jpg,train,5987.jpg,03b8dcbcb44fd7a9e749a5140bcf3dbe023663a51702b56f9f79d5a4fbfebd46
5988.jpg,train,5988.jpg,a88c455bd1f89beeeaf5111e1696a8622bd75eac5bc32acb12a5218a9005372b
5989.jpg,validation,5989.jpg,39d1c46d2d17f6ee2dfbef8ba8116b5f62707d2fd83ecfa809271114a04d1db5
5990.jpg,train,5990.jpg,16e25bc7dcbbb1fb17088a83199be848c1fed9fe15ce1c9b35ceed49a5bbfb1b
5991.jpg,train,5991.jpg,4a0f982be89395c1851c591f68af5013abe2fefc78cf2a7ec9cc8cf4f85438e9
5992.jpg,train,5992.jpg,31dd7d24ddc505f4a4846cc5f37434e42f3f843be30aedfef718e796aaea8ddb
5993.jpg,validation,5993.jpg,f2e6de1f7c2ad3e4df5af43812ce68f31b13a8daa5038cfa6a6cd19229aa532f
5994.jpg,train,5994.jpg,0cb7304de04e8b79f031e81d68fb5e2a88a502b61f70ef31964169078201c9fa
5995.jpg,train,5995.jpg,b06c06d6cac9a8c4dc44ba8d3c9d796c184e4a6d1d37aefe31e5e6410ac60090
5996.jpg,train,5996.jpg,a15c6fc06a632d45adb530b0ae423ad5c05952180c269647f8a531ea37d9e1c4
5997.jpg,validation,5997.jpg,4e1cd83d71f1ed7e59032ce11b44e4026c9fce3271e5d3ce0b2ac1f7a10a0ce2
5998.jpg,train,5998.jpg,923eff8c8cae470f36a1e28ab5dc73776e8e6f8b4b8c20ddbb49be97b7566882
5999.jpg,validation,5999.jpg,fa5eb794034771beac4e7ad3d54621230a48bfa2b122e5ab445251145b3def43
6000.jpg,train,6000.jpg,b118fc112ae1f6a0c3deb7317d69f2e2bd65f5d0b4a91ed676f3ff63db9af061
6001.jpg,train,6001.jpg,b85a6da516a0dcd1fdf4f4939763ea25a4ade67eefce1c50e43f4fa8e7eae06f
6002.jpg,validation,6002.jpg,b6fc23c823b9ffaacbce73cb6089fb68c05fd2b8dd262f1000aa7eb5acbadff7
6003.jpg,train,6003.jpg,3a91241711ff6584febc1e1c10ad7dec29a346e0eb1ac722b6aa3c10d4e552dc
6004.jpg,train,6004.jpg,34f8055c9535d491cd87df09c1d797ed5241460143d676f68026754eb35803a3
6005.jpg,train,6005.jpg,d2995c589febb49be1be3dccff247a90d537126c62439380f83f36ba6ab3e53e
6006.jpg,train,6006.jpg,30b01981722083524584529dce03aa1d2219170afd30a794f1d0fbeac72f924d
6007.jpg,train,6007.jpg,9dca5c87f96436c21e8747c2298fe6bd8324a972103095923e33bf3065a362f4
6008.jpg,validation,6008.jpg,8705c9313ecf5e7bbb91cd0aed07eacec0dd734f5d67f607a8a447fd185b5822
6009.jpg,validation,6009.jpg,b991d4c87d19ecbd66e9cee75ea73332ff2f4d31c8c0ef823a595983b992b9f5
6010.jpg,validation,6010.jpg,c13a560525bc0756d669b6b3e0f3b7d017a37d941ffb8c689acafd76a5382741
6011.jpg,validation,6011.jpg,d6c53f5d2dda2f207a8e1146474af93df8a778765afe7b0eb699492352e6db5d
6012.jpg,train,6012.jpg,917369fa5963b018a26f62c4269537d82b307f4e2487646523e7bbd23474d48e
6013.jpg,train,6013.jpg,9bd04943ead4786cee48bbb95233a3b3e33a026bdec956645e7156b643d0571c
6014.jpg,train,6014.jpg,5db8844dff3fcd62fbbb32a449a24056b4e2bdac3c0352f89ab9d9ed55936971
6015.jpg,validation,6015.jpg,e8ef2be6841cf25b94ce5cb56bbfa2897b7222ab75a1ef0ad8aace0879d26b42
6016.jpg,train,6016.jpg,888cf008281681c0371529c461d69e26a4afb44de0922ced2dda4a9b318ebff6
6017.jpg,validation,6017.jpg,ba6e77b8f45de08a924fdae8ae2860fc98266ef9d29c424084c47bad66568027
6018.jpg,train,6018.jpg,c74c721fcb0a6b5ac8a3765edd07bd68846b67f4b3d353d0112f753297475cbd
6019.jpg,train,6019.jpg,45e58971d1c41b3fe2b919f44aa824244a91b04b85a2c33c58d5afa00db44a71
6020.jpg,train,6020.jpg,d5c1b184a3b78c553770018b5b85eeae7da73e1a1ecddf9d431bd020e286f85a
6021.jpg,validation,6021.jpg,9397ba905085bbfc5a64f054d6b7e5dce9824ac273fd567e23a7f2c849c3dedf
6022.jpg,train,6022.jpg,434b4116a05483544abca95f0fc701451de3c0a6aae5318e2c7310e4381c7b1e
6023.jpg,train,6023.jpg,672306979c38f7b3d58f8660d9097e78b68655e546ec3687149788e7294241c4
6024.jpg,validation,6024.jpg,f0f8fb8b19db8346dd8e6873c9423cfdcab16440370b00c675a4bff77cb51ebe
6025.jpg,train,6025.jpg,6d137a7f4d3c39453f046a4dda98fb18500d951c185840c1c266bc87c8193bea
6026.jpg,train,6026.jpg,894de1cdc188e42ddec554126338c807a0d00055c53206b04de025e8f132a044
6027.jpg,train,6027.jpg,23ed62255f4de227212ef8f6929dc0012a2cf4b439f6c0da19c031cf89776716
6028.jpg,train,6028.jpg,401c4fb615aefb8912b4f974c1e344c953b6cdf3265358d4e302334c94fa130b
6029.jpg,train,6029.jpg,27168febd08a1c07b7850620c976eedeb925b77f68060c860d13952852eaf954
6030.jpg,train,6030.jpg,159c0cf0072acfd316c5a8911d9913af66fb6032e992fcb339450290e584e538
6031.jpg,train,6031.jpg,557b626fd13c8708f548815de0b5e26816d62a34d22f54e62b399cc9fe70efbc
6032.jpg,train,6032.jpg,5863048439fd188bf91e2fc42f344bc280c435c07040c836375db32d4d3c1a12
6033.jpg,train,6033.jpg,8a7f941980920f0db168ef4e4ff26e98f71f05b1cc384d2196a26b341c9a8ad9
6034.jpg,train,6034.jpg,54d0f8d17074eff59ef2e0e7db2121f40f07dc47435f2d1d71a0077c628ec5a4
6035.jpg,validation,6035.jpg,d0fdc9daa6ad187d73e4178382176b1b6f84c7f85c0a8d5fda91ca3d95d2e0be
6036.jpg,train,6036.jpg,f08d2d770782451bcf21b6823ce75d148f669372849288189d0c84eb6802c811
6037.jpg,train,6037.jpg,7371f1969bb07103d517b579255754ad39774e5f72ba4f2e10f8133a233e482f
6038.jpg,validation,6038.jpg,c18e587ef5d33c407b6dd548837c8c834f3a0946dacf98ed6873488c71f48752
6039.jpg,train,6039.jpg,61f143b45422271926682ce4c7ead0eb02f6c3e85710952b5a4d81c426a32c40
6040.jpg,train,6040.jpg,b61218ee434d45f0f9623e9135015e2bfcc6a8727e3972765217fcf9ba86a73f
6041.jpg,train,6041.jpg,b82f96802b9fe3821b431d2082befafd901a1bc626aff44a83bb8fca6ea756a9
6042.jpg,validation,6042.jpg,4ba7ba5f84e0e40f5e84314a8dc6b966c296b22ffaa52e58be5674d70f297381
6043.jpg,train,6043.jpg,653b51abc4750980ace7f66b7a889595a9f624c0235df9590f1804f9e4795036
6044.jpg,train,6044.jpg,f91b25747737790485bb9c852c41bca526547687614b69c3f8ba8f5265feee6a
6045.jpg,validation,6045.jpg,661d2ce68e0cf93cbddc3f0370969bc381663c68adf92ff2f0b01b7b93c31218
6046.jpg,train,6046.jpg,a4b22e76420f15ee4de2ca9e9a2c9f8508a3988c60e3ed21777082d77dd63350
6047.jpg,train,6047.jpg,a80c21855cad8dc476e026389e9fcab07173b374bce23757f864b3b4e3df990f
6048.jpg,train,6048.jpg,7bee2f54360b8c5a57c8ffdf1f5ff9e1e5c5533c0e57433857591a3fbe40c52d
6049.jpg,train,6049.jpg,bf7b42526454592d122e702225f2110eaced01a3d9bc79a332ab9d5b0877932a
6050.jpg,train,6050.jpg,478e3c98271aacbde8f5053289ace4659b10cb73d13be5dea6b214850f3ed742
6051.jpg,train,6051.jpg,9e82ba87a08fab5004e0966d0bd33b965846df8d2ce78db3a4df02b9d9d6b1d5
6052.jpg,train,6052.jpg,92efedf463044d72e49e9b31934e66fca0b7f9dcf2e05adf144757c86f28ab54
6053.jpg,train,6053.jpg,d87019d0a34b905032b0c9461f1f02918097ff86c40dab6714b4eda9c7f3b893
6054.jpg,validation,6054.jpg,c43b1d7eeb7e325c493a8912953a4d519b40e25f747a21aa48fa557cc1ca3a34
6055.jpg,train,6055.jpg,cf56195bc7005028f971bcf46333b8b9353dff629b4060a798c9baa74e6fdf68
6056.jpg,train,6056.jpg,2d8944a9dfdaddcf20c6f5ee93184e3533cf955aaca3f38a98ebe177a743b429
6057.jpg,train,6057.jpg,361149a13f8e55ed230852ac9e1a03ac6b1109de30e6e3bbe5269a76469ed83d
6058.jpg,train,6058.jpg,1791f2e176fbdf3c5eb690106800acd7faf96356f9906a53344843df85cf91b5
6059.jpg,validation,6059.jpg,eb57b36bce21e8594610d14d9beac87cce0a21c37114dcfc486b292d7677790d
6060.jpg,train,6060.jpg,b9d3d26368fc67dcdc8955e53939d54fd21b089c5a5850df5ce74c99381515f6
6061.jpg,train,6061.jpg,791217123c9c2d58157d1878bc44de824d54f7ade81708a2288aebeb37d4b904
6062.jpg,train,6062.jpg,413e926b012ae354932761ba37f7ccd42f657cd299d41950bcca1be87256fa60
6063.jpg,validation,6063.jpg,54aa0d5fca08cd876c0b947998e13220e814761c36807ea3683182203ef3c377
6064.jpg,train,6064.jpg,1cdb2cd2092ab630864c9844d2ee7b7ff562f6b79b9420ad4bd01677345005af
6065.jpg,train,6065.jpg,4d37d66eaa18e48f8ee63064b38cd7ca342e3e220cd7e0174b268ca127946d70
6066.jpg,validation,6066.jpg,cb266c5e0fcf3f0c8a98290c3a8ec1d5fdf97f8e29270a701c523877fd85e098
6067.jpg,train,6067.jpg,c9b0a17280fbb4410f9c5b0a377493dc195a02131191fb1383e95a502d996250
6068.jpg,train,6068.jpg,d3cecc32330bd082782a142b84b5ce8f5ae2d275ab3e1def6e68bca1567947c7
6069.jpg,train,6069.jpg,f1b6199d002b96b2ae208eb25ec31a26966b8861cce900f899de813899e439b3
6070.jpg,train,6070.jpg,4b28b16f45ae87983d49c1e46e7a15ca6fbe71cd0d920fbebd1fb0734ba22c6e
6071.jpg,train,6071.jpg,915fe443291d285a356dc305cd04395afc6916faef01e2fe6968f7a15ce4c38d
6072.jpg,validation,6072.jpg,8b9a54d91369ee45209ac98250b491d7ec19e572ed9fdccdd8b4a7dbe9986f1e
6073.jpg,train,6073.jpg,1c4687f8fcc4998e4ee6dd687c3b1b22282261f63e71238ac140e2daef9f1383
6074.jpg,train,6074.jpg,3c685ed4ad049213203fc39768d9ea23149836d18ea25f2a78e3f02801ed2d02
6075.jpg,train,6075.jpg,1cb11da01d462ba59b446b47acb8c8f21dc262c2ee79dcaf9c3a3636177cb1d1
6076.jpg,train,6076.jpg,cc94e3eea84fc65f4b21f4a700e1308504523f2980ccbd79a13890d4f223bc96
6077.jpg,train,6077.jpg,5290bdfa37d7eabb87a8da002258018afe9df3f7d3821fb2587eb453bf9c0729
6078.jpg,train,6078.jpg,54728c586118b96f0c2cdc90b0108344202a4acff2289d700b493cc68793af79
6079.jpg,train,6079.jpg,8bf58f34a7e6b50da92648aae9d16450f1d49aad66d3621f7c380bba6001b0d7
6080.jpg,validation,6080.jpg,1d62b3644ad3edc6c065ee83267b51db1a963854c0076831a9790be2ebe086d6
6081.jpg,validation,6081.jpg,14d38019a5e7f3318fc38af1fdb19ac8999f1d564c4c7fd89d65ca765b9e0a54
6082.jpg,train,6082.jpg,e3d381250f02b522284446ce1d1603a6e169a3e8d933bb2bc1cb128368e0dd4c
6083.jpg,train,6083.jpg,d8d01df1a6cefccfb07ffe9334a846a7e1eb80351a03477cdf2a1c0b12d4fc6b
6084.jpg,train,6084.jpg,8a63ce98a802775a4bd6eddba4efca17c5c2fae581cad0a3ee0cf180abfdc39c
6085.jpg,train,6085.jpg,aac80582a0d19da38b1f7ff9b304c60cecef70985dd9861ec0628d60dd965e98
6086.jpg,train,6086.jpg,467f9157ccf4f73965cba6c74131947e3a8aeacf16d67bad7d21da34c762152a
6087.jpg,train,6087.jpg,afd67ac2947da7c6e9575d1a6d2f3305b5df04c2d785158ea2bc60e04f78ea30
6088.jpg,train,6088.jpg,a3078ec7996252cb599ed58483fdd2f780423653a09073051eb28b1a75d0c193
6089.jpg,train,6089.jpg,3f8faedc923453bdd9ff8a1dd366d9ab0b927474bff88d29c307ff20133bdd78
6090.jpg,train,6090.jpg,1827a8f3da133f780fece57c0fc34eff8580f9b30f344abeee6810ffb20186f6
6091.jpg,validation,6091.jpg,9f4c959d9fd4814c3696e4d9249f22a3932f1e95bc969a84e7ac98946390aab7
6092.jpg,validation,6092.jpg,fc444ff2b3c0c3d48fe8e33c7d9bcd65c31d9d79d6a1571c97611d9d86edd8cf
6093.jpg,train,6093.jpg,9e933c8303fa5d049113a977d82cda63d79246cd31480dcdc2816d5eafa78184
6094.jpg,train,6094.jpg,18bef9274db38261035fb9825477f4ac1558eb74c7b131d760c9220983edf360
6095.jpg,train,6095.jpg,ed1aeb956cbc3d0feaedd8464a3fad606352616acd02bb60ca2aa16cf331eeca
6096.jpg,train,6096.jpg,d6707f6d87cf8135c57d0dee5822d98865178b3b88b89b5783ed1640d35d5bf5
6097.jpg,train,6097.jpg,4a6245fffe4d2993d5219069397eb869f3c9d951ac21ab9c5b5632656e85368a
6098.jpg,train,6098.jpg,c41416bcb9edf6191bcc312aa8805a3e59d23b733326b63de47d82025c9ab382
6099.jpg,train,6099.jpg,aa9d87b1be7e01ab3ffe27027e4786bc822c0c9ccfd4d6cf699fae421b8e1e6d
6100.jpg,train,6100.jpg,f4384f22aa09df00efceb6c63497b412148a92e406202ec8af4dc54fc25a82f2
6101.jpg,validation,6101.jpg,c8f1a355964b86d38fd8dc85c75d4566b2e99f9ee5bf1daa226137cb60af546f
6102.jpg,train,6102.jpg,b8429b13f0474adcfa3e6b8aac6582985209d17b23fbe92e5c4dff2b298e04aa
6103.jpg,train,6103.jpg,f8a3c2b620358baf41f56cad17be7f725806674d3cb43c699c065a2e0f70ed0d
6104.jpg,train,6104.jpg,fa1006c53e03f2c4c224531ed66201cb338102588df1ae36d39659759a0e2e7b
6105.jpg,train,6105.jpg,85c7afe3a1eb038179071bea581226caa23ff1177770b35b41a3a763e4ab16ed
6106.jpg,train,6106.jpg,e7dfa7fe49919312f72c16f649ba7f662e522be9d04f19ad07bd184a38555889
6107.jpg,train,6107.jpg,4c7bd0c2b8387273d19bf409cdfbe34ff883a5bffeb1f9670b2e38ee93696e13
6108.jpg,train,6108.jpg,cc129bec75c0974864256f9c716c20ffdb5840af2a5bc7ca411404c95f2e9a1a
6109.jpg,train,6109.jpg,f0d8305182be7addf89fcc3df95a603e2af5fdee7a50ced134e1856d5277c91f
6110.jpg,train,6110.jpg,56f6838314b2900a0dbbf0d0f7c8752f9fef5800722bf8f6f6216e6a191fbc12
6111.jpg,validation,6111.jpg,7c4ebf76d5d32acf16612bd052a49bca075919169755c3cd9a53dcf40385a983
6112.jpg,train,6112.jpg,b629632e8f57ab3e19b333706365d42b5fbc514714c29fd12b64a1098e0a7e44
6113.jpg,train,6113.jpg,c5db7322512f002e60f7c1df9a4b1f3c0896f31609f2a770a0b8cf2724ae6b5e
6114.jpg,train,6114.jpg,9a14a8d1a7a5691b608d9d1257b86dd014cb90147e437e44243db2afcc690542
6115.jpg,train,6115.jpg,b1b9d023b84ee021246baa230ee499f96b1e9fe1999fd8a8e1c73ebc70ab2fac
6116.jpg,validation,6116.jpg,5eff7a686076e315c90994ec6e2c54899c7fe3b25ed79311c4dc8639934638ca
6117.jpg,train,6117.jpg,2926c31989b921052ae2676e7fc98bb637f3a147e96a26ae4237d4e92df4f9cf
6118.jpg,validation,6118.jpg,dbd3815439b63ee1d2578d3e69d0e819f75cb9086a47e63cf80645e8e0b4b3eb
6119.jpg,train,6119.jpg,1f8eaec993aae1ab6712f55825ba177ac7fadfcb1339dfa022a44181563d31ad
6120.jpg,train,6120.jpg,c80488ff203e6b41bd4c5a213c3a349fa6bccadaf0c6a73745693e71c428ecaf
6121.jpg,validation,6121.jpg,6b69d246206211a1ae5943d0ecdd0524423d967485f720f03b8934d777df5a96
6122.jpg,train,6122.jpg,a71baa62572fd6ef0d1613fd1dc867abc71ab5bf610f6c54424fd33d152d1b58
6123.jpg,validation,6123.jpg,75fe89856aaa990651959f6af280950e66e542b207532718c97668559c58f355
6124.jpg,train,6124.jpg,1a56d5b29387e3a25cef9002a6682ec29ba1bedee1921151cfb955c670ee48a1
6125.jpg,train,6125.jpg,c7d6aaf76369e0f87398d67a241a5af8400fdf675b03f1f31497f01414e66ddf
6126.jpg,train,6126.jpg,557f4e4f25be3800a45496ef695f57792de22e8f53f76972c0506bfcf079b481
6127.jpg,train,6127.jpg,6b8b1cd8e9643a249b94bfc04e5c882ec4f1792e1003c9ebe55f0f51c4f62d0b
6128.jpg,train,6128.jpg,a3d450bc54101fa406da61fc8c5aaabc7f86622c93065ff0b8503bc552573af5
6129.jpg,train,6129.jpg,be12205429678db808f5539769ab00ee6326df3b8a93076177f082cd4161e745
6130.jpg,validation,6130.jpg,1a51b45f84cac99d267b7bcaf36ef783433b121dba72d014e8b858f61e4130f9
6131.jpg,train,6131.jpg,3fe624c79ee17984367c949d721b76b665d8effbdea94c378ccac0945014886d
6132.jpg,train,6132.jpg,1072bf642211f094cc8e825578cfdde148d48de91d2405287513ad43dec51c88
6133.jpg,train,6133.jpg,c49d9a6cfea13bf2b39648d3aa958da4b23eda3aea74e0118a33a1575997cfec
6134.jpg,train,6134.jpg,72f7bb98024d78a617b15e1ab3788f4c8945cc94007e8225562a2b27a32b0281
6135.jpg,train,6135.jpg,3c654618edfc1f76b4d6b0f8209ab6236ac69822a36ecaf635bdcc37949b869f
6136.jpg,train,6136.jpg,f48b9674794f95d3ac9944af19611c96cf749c43694ffaac22953cf5d31b001a
6137.jpg,train,6137.jpg,41db31212519f6c62bffa713a15645badafadc6ddd88ef575497f19d29100a33
6138.jpg,train,6138.jpg,5b5e67de82655eae01dad634515167b1501d58e2321075cb2cf053b9cee03871
6139.jpg,train,6139.jpg,53e54bdc9a6652da65520ff44681efe3678ae8822d872349a35500d90f7b4e5e
6140.jpg,validation,6140.jpg,6824e7d8db07928607a2d3f04ea8d5f654e78048527652f857fbaf50a2e53deb
6141.jpg,train,6141.jpg,570517857bcd9eb025c39661baf5fec744e7a8215f88b5f965279cd59170e3d1
6142.jpg,train,6142.jpg,6d0045c12cce120cb15531fe506a099ca62d7c27e1bdc500c2e79cbbfc2938d6
6143.jpg,validation,6143.jpg,86a94afa0d3252f97666078fd302f1a7e1c6e3e0bbcd6b1e8303240146676c26
6144.jpg,train,6144.jpg,351d093086ef3a895e16eeb0b1c134cecd45fee5a922267a24efc04e262436cd
6145.jpg,train,6145.jpg,0aec5190746a136d5e7a1692466b9e527b677d4617d4b931e8c8d8d3b12d45b4
6146.jpg,train,6146.jpg,c2b1b64dfd851c66ee5719b570cc6d9460c771f1f5712ad5dcc365f44a35a4bd
6147.jpg,train,6147.jpg,17c88136c42b2f5e2f2ce5e7fe1393d1dcdcf0d4840a1f7d8723e4b136e3fa73
6148.jpg,validation,6148.jpg,44b8b850ee9ecfad25834d96aea5a30ffe2d034d477f08f0f6f6ecbc243ec87b
6149.jpg,validation,6149.jpg,82587c42f370b5d31e5ae29fc0ca9e4e009a6fcc88661521adb9f5c681395eb8
6150.jpg,train,6150.jpg,885edaed9e29ed01db870806a0ae844a8ec80464d6aff32eb4425323a42e2055
6151.jpg,validation,6151.jpg,d915336799c00e0e82e51b6224ef26766c4735e00d21f8e9c7edabf24493fd6d
6152.jpg,train,6152.jpg,36e256e54615551645ceaf127ac911d77e127bba7dbf9a5ec6506b45b3887199
6153.jpg,train,6153.jpg,84e4e4f9c60837df2c804628d036137139840bb3359edb1b11f1ebd2b4bb125d
6154.jpg,train,6154.jpg,f20c87196e67947acae84e952ed65f0bb762a67dde72543f3a7136f7114b19c9
6155.jpg,train,6155.jpg,144a21bf153107aa5139af792567289d992dbe4c2914f4e8c44b6561114d8835
6156.jpg,train,6156.jpg,b9415a6c606f5a3bf5ff89add880867935c1f83db1a2d86f6547b076fac88582
6157.jpg,train,6157.jpg,a1217f848fbadfc345f0c7affc3c015fd8343d3b5bdfc75878783a7d6d02425b
6158.jpg,train,6158.jpg,69d6ac0c6f8568835ea7d8276d26e7f6c18acdd1b65a124b56b1d6ff1fbacda8
6159.jpg,train,6159.jpg,8980586df5ef5649c4ad6f1088edd4cc9f62f0b4c4701893f12b971a2f3beeab
6160.jpg,train,6160.jpg,03f03dcc5d313a748ec33ac660674f5848e6a4f2ee346fead915df8b0b411979
6161.jpg,train,6161.jpg,f327d4883c10c0a65abb62be869bfd47f5f29f71d2088b1f2ed9339e6a76a7ee
6162.jpg,train,6162.jpg,6234d736b33f348659efe120d0dc8e60aeeb1d51c2304b2b06318a74f3ae2d8f
6163.jpg,train,6163.jpg,d2a69c2d6ea8687f2930363dd0f9063706992069709ce09d8c4c116f7a25eecd
6164.jpg,train,6164.jpg,9a7277ea3df8e34e81960dd6942a00bcc0997eb87604af9532803e621fc5ecd9
6165.jpg,validation,6165.jpg,34b7a7154a540227b211b702354a3f122dc4258408fa674bb16cea6ca9d1a66d
6166.jpg,validation,6166.jpg,146fec7266d7c23df36eb0018222a5b12a0343ce02bd9223a3ed39ddd885944a
6167.jpg,train,6167.jpg,4ee3f0eebd96ac7f6935c44fc8c315473434cfd628f82da764e63deb22da6e85
6168.jpg,train,6168.jpg,5824946052e269c3a952b0bdd16d2cb7975073d3d2ff134c731529f4f3355f65
6169.jpg,train,6169.jpg,2081503686d3b82d4b3b3f24ce027088d328450593141fd31297529350620597
6170.jpg,train,6170.jpg,b5cadce2db240fe41048740241cb689decb73f873e5cb72691fb66d8b661b3df
6171.jpg,train,6171.jpg,b315e4cdb3f70d2055408e6f850094072dcff4f039c9cc0fab9b0a58a9b9eb68
6172.jpg,train,6172.jpg,ce19c421cae34e7b87aac8f1e72b953fea8754cb010a4e6e8a6214aaaa58cc76
6173.jpg,train,6173.jpg,dddff7410431e29e6c71e186856adaa2bb97437733cef374c6556c4089b0f004
6174.jpg,train,6174.jpg,890034aecf709a69646518a082a96a446bbc3821e33808210aa7669a889d7656
6175.jpg,train,6175.jpg,c09cb41f2497ee003aafe14861bb68703f585ca47720bf43caefb2bfde8a1ff5
6176.jpg,validation,6176.jpg,4dcde7eb5754b3b121a0d8def296b498d2323da69fa01fa6af13534efa965498
6177.jpg,train,6177.jpg,d8a3535abc6118a8af26bbc24b80fe236633dfc89e686e8669e8f38dbc995dc0
6178.jpg,train,6178.jpg,22f3fcdccc560f234e632b1dc5d3a8cb23c8fd470f296832ef4f71b5a963772e
6179.jpg,train,6179.jpg,964ab957ec79ce3c25ce6ebb753e651fbd8b4d9e5a719fc84ed9add1b20a0fbc
6180.jpg,validation,6180.jpg,16f1ae20a5f4ee2952f8749c4ac4a55dead0eefa3bb807c19f700ea6853bce39
6181.jpg,train,6181.jpg,bf6fe040c91be93364be1ddae45dbd17532f4dd752382900445f5fbd58ce29fc
6182.jpg,train,6182.jpg,d6efd632d6b4cdc59c8b94a660e6f94989a19104753fe7462953be97a5a9353e
6183.jpg,train,6183.jpg,c871a1d0d9f9a9b94c60fd1cae63e12e8026097e22027d90c5df70eaec3f5897
6184.jpg,train,6184.jpg,4a3f137d222379173977b691dad6d33eb336c71094fd9777b0f725968d29ea6d
6185.jpg,train,6185.jpg,ff8c8c067ff09b5cfd731af35a0431909f0e56cb666d17d71fdb322b457f45ae
6186.jpg,validation,6186.jpg,dfb2d95bbf0a67eec636b1a0f3dc51678e9d5b78226889dc18ac2193d233fcac
6187.jpg,train,6187.jpg,6207f434011a7cf18983cf8bcaefb924c5f9eac405a1c83ba7679bd56461da75
6188.jpg,train,6188.jpg,442989245aeffe8e52641baa7234f34b4865ed5345d9299dabcc4a603cfdd30f
6189.jpg,train,6189.jpg,c9d8899e86a68f9943a592810d571c42e0a3b0620debfcfdbe4f47c88a1f434d
6190.jpg,train,6190.jpg,c9291335fb684661c5f58a9474439df6f99ce3ea4515248820c0b05b6f428472
6191.jpg,train,6191.jpg,70d0bde012119e94d6d14511267404846f797c5edd34f8933119ba41a3d14329
6192.jpg,train,6192.jpg,141cb7a9732f612ac9a2610afe9ccc066da7a0e655e58d406ceffffc61e749a4
6193.jpg,train,6193.jpg,825a8b7d66c303949a2e0dafd70568f354a417fbf4489fb9295cea27927b13ac
6194.jpg,train,6194.jpg,3c253a620fdcb25d5cd7872d950ae17f3f120a66e9826a2d7c2b86ddc4657038
6195.jpg,train,6195.jpg,507ea5f55fa2b32faa7320829fe43057fb48165136e338834ce7aa996ddfb60d
6196.jpg,validation,6196.jpg,e8a786a78a89d2159b453757ba9881ca5fb4399f4399e1d8732928bf6d04a192
6197.jpg,train,6197.jpg,340bb8fb9e94ddbb8a5bd83a54243b21ca60101e962a8d01b270dfaccdf7a3dd
6198.jpg,train,6198.jpg,58ceec564b5c5351f79eb91b0116dbf471a9083152c6b5c2d53497609d110562
6199.jpg,train,6199.jpg,16041fdce2c1b22409a3942aed39ff29e3638a296179f75f8acffaf0ad9c144c
6200.jpg,train,6200.jpg,8b98dc2b6a113b59df9f6ff7d28e8c1eea4451bee46ccd70379c28d05efd749e
6201.jpg,train,6201.jpg,26b7a568c75e24c466afaee11128655fc87265cbbae3cb9bd223d8b33f257835
6202.jpg,train,6202.jpg,5ed205da56a96a514764cda477dd2d45dc2b0dbc5cc84bdbdf0b77de0ec55ff0
6203.jpg,train,6203.jpg,048fb78b87b99f09d4be1d2bd4dd583637e68b6a217846c465f235f1534d28ce
6204.jpg,train,6204.jpg,dd3961443795752d69ad5d3ce3f815cb74e2e9c2673a18ddb9048271f525db4f
6205.jpg,validation,6205.jpg,783bbab1307035641bebccbbf50b641682a9b5ab7d18dbd4fd8bf123fb6e7436
6206.jpg,train,6206.jpg,7730e22f93ce245fd6f68fc25230947b544f53ecde0566d793bf561508773fd7
6207.jpg,train,6207.jpg,27c98981d87efbe77f8bb30cc4bd22acf3021c74be9b6003384ebe3d41ff582e
6208.jpg,train,6208.jpg,60856ff3b9fe343ea4b9ed2e0b23961ebe7ce2194e89efa5e0db029114c08c30
6209.jpg,train,6209.jpg,c6d6bb828404bde99983c47a4d1f14416ddf5ca0d83029a1b5a857973b5bf1ad
6210.jpg,train,6210.jpg,043045f9dd6d0c1b34eb7bb1eeab97e055f46b45141249eeca662b1f915faf6f
6211.jpg,train,6211.jpg,c7adaba707a7603f33dd762ddb5ef850574af6448279806c29bc97b9660417d2
6212.jpg,train,6212.jpg,97c75b47f61efded8d4e94bd25f08ca55a56196c92a3a3be1684fb81a06ea88a
6213.jpg,train,6213.jpg,ef4681f1f6089eca2d18e4bb7906f077cbe58c537f0bbbd5774d44f4de88912a
6214.jpg,validation,6214.jpg,f6d6745df12d7739030d43caa93e7806fb266cdc19b70dd6d4ea37e102e7fb53
6215.jpg,train,6215.jpg,fb501fd71e21df520491abfb7a699e4abcbed59c7717659af16a5e70e4ebbfaa
6216.jpg,train,6216.jpg,afec83e1e217b4b3311d183325411aa01f067fd2ff5484dec0b55e1b057250c1
6217.jpg,train,6217.jpg,80189368cb5cddcb88100b294b340addd9a54b83756ab43fe72d3dc3ba0b28cc
6218.jpg,train,6218.jpg,ce69e2c0b63d797366ee60dbb8319bdc4e70d7b59e1bcc31277ff924974fba7f
6219.jpg,train,6219.jpg,d738d9ffd22b91298fd45eb2a3a35169338809030f086ca859e14ba8d84a8704
6220.jpg,train,6220.jpg,edffb591944e7f6484d9cdd2b894bef93390da477dc4706c5cc52699965ffb4f
6221.jpg,train,6221.jpg,f1049ced4dc0f399934e14bfdaf03882e2836cc4b46bdc339f9dab09a63230a4
6222.jpg,train,6222.jpg,2d662540f835dec5fff9663e0303d04eed5597b76132f73134ba5644a98edc0b
6223.jpg,train,6223.jpg,a670043f32ed25e6c1fd241b9c59566ad279f72ca54e9304301e71b559f5d373
6224.jpg,train,6224.jpg,05dce77f6ebbd42bafebafe2a76f44f4ef48dbf1a336b4ddab98ad6abd59bbb7
6225.jpg,train,6225.jpg,cbd16e938f87e54cf619984b5a126832525ce55ea667159216d2c4acda68e52d
6226.jpg,validation,6226.jpg,2ffdf01c2c18536dcc03abad96cfd183c48066885518b82cf779fed7becd456a
6227.jpg,train,6227.jpg,28b40f3333ad34a854fa177f53f5394e90ed618ba6943f8c4757b4c2e69645b0
6228.jpg,train,6228.jpg,9f3bc23f387394bde35229618cd24f656fd8c52195838b415234b54790f92dff
6229.jpg,train,6229.jpg,b575e70af8aef5cf8296584b0d35106f39d51bfedd2390754253945e6f4d777a
6230.jpg,train,6230.jpg,984b088e6ec25f60364a5e9355c456beca47ccc53610ca48c42b1fb2dcdd0f29
6231.jpg,train,6231.jpg,2037ec16d37ed1c1520856dbe3477d43084f73bd203176b58776b1f50bbc0230
6232.jpg,train,6232.jpg,c27a2d1fbeb30e09435444243b1d276251654518a2d1490499c80d8db73e73a7
6233.jpg,train,6233.jpg,6aa5a982666fc296d7dbf172eb415e4210c716dd922478d61b0ac52c95bc46e7
6234.jpg,train,6234.jpg,19e4c40c05aeafee4502d66fbc167cb5da43b1c8fc060df754d38040b7416beb
6235.jpg,train,6235.jpg,fd602683c789536b9df5f3ba9d424f651ff1e9565edc1b5cbd7a94d680d54fae
6236.jpg,train,6236.jpg,c386e421eda132f7bf08010c6ae7890161a65406598ee3f4b9df8a8699cab3bf
6237.jpg,train,6237.jpg,2cc3640269cea5c01181c5df0eb6b655d5cac25e33475c98ca3e6e55e227a1f4
6238.jpg,train,6238.jpg,79cfe60ffe6814895d66aa76d3ab186257e17c602760663caab0a3f822be1794
6239.jpg,train,6239.jpg,f1adc29bd4e3e02c029cc01f42d94d3a0ea34c09703888296de09cde0ed5ccd0
6240.jpg,validation,6240.jpg,e5fcd320d2d173fc2ff9acadcb617c03e702ec9b726285843fa8a044612dec13
6241.jpg,train,6241.jpg,a68831284e7f96e0c7956401baa1963bb54cef4fcba1ee109dcebfdc36a8914c
6242.jpg,train,6242.jpg,aa06e574ba0937cff2401bf65b109d27ed32fc3d0613cb4becbb674b7dd23ae1
6243.jpg,train,6243.jpg,2f0af62eb33a59236a217109b963d75c343a8e4b00aa1a49cb61619c4683836f
6244.jpg,train,6244.jpg,785aea7b8b0d602f460e5be76353dd8c0a0d9665453fc784e600bc67cd882954
6245.jpg,validation,6245.jpg,70dce3025d17804ac2eb3885f4d1cfb1c1bdee93a943fb2d8d703cfcc6f8d392
6246.jpg,train,6246.jpg,fa1c953e1a4d0ccc1c046f0ef19714b27dcd0f7d891f603c1c8f3a17789605c8
6247.jpg,validation,6247.jpg,8ecbba36280eba8b85dcb3765d45526b2d4e84db7169645ee5b9ffdfce272228
6248.jpg,train,6248.jpg,291b5cc06bb22de06bdb7bad7438f5e0b0c352c7e2b6e67cb15b8bfba182cb5f
6249.jpg,train,6249.jpg,c80f2f60665b3880916c22286d1d35608c3fd66de4e7c295637b84fa6e274a9b
6250.jpg,validation,6250.jpg,6c9695e92125081d495abcdf18922abc1d27b0385943ac4d6def2715eb74891d
6251.jpg,validation,6251.jpg,25bc27f1b818859a02b5a4cfb52f469ceff4b5bdbbdaea2fcbb6714b143dfc15
6252.jpg,train,6252.jpg,1c91b54c4a6aafd08c687484c1d5c5dfc09a6828d041815983dc2f7855175b0e
6253.jpg,train,6253.jpg,e277babffe6eb547107cbf428d555ce00d3aab8aeb35ce1dc9ae84f63e3ce705
6254.jpg,train,6254.jpg,1bd3b0f31ae650ce9b64dfa2917e78726c98a2a32267f17a70d43345211acd3b
6255.jpg,train,6255.jpg,8e0d0cb56feaf40db6331a2cc9b260ac28376c326c16b829c920a0c0263e4b23
6256.jpg,train,6256.jpg,4a6f122a4c20241a82800f43dca075a4ecba5ba2a5ab79fb751615151f234033
6257.jpg,train,6257.jpg,66c6ce133a6d3af3cc5e8e1c9da31e39b95e6cd3395a60ced41d460f316e1911
6258.jpg,validation,6258.jpg,47ae35f6289a0eff179788319af9776d47f0592403ab5515e80dcb94c8bf0306
6259.jpg,train,6259.jpg,4c7674a3678f670f0526c877e70a8da782cb4b217aaa7f071ad245f9684f557c
6260.jpg,train,6260.jpg,a08b69787616a83cec364366bb02e47eeeb024981c64ae4aae9742a9a6cba169
6261.jpg,train,6261.jpg,56d23f2c0a171321412797f47c77b440717fca4b19906e0ec08b4dd65218e09f
6262.jpg,train,6262.jpg,d8bc1c0cf53121351b543f1eb40572325b446d9c71921c6c133cf9fc4a24c693
6263.jpg,validation,6263.jpg,ab23740939a9025df7d672f6da46ba2bff1b83dd1a3f56f698d757e0db0334b1
6264.jpg,train,6264.jpg,d487ac1adbb7b99e02fcafeb4d208f3209d91bc4e9c53b2256210bc92ab5a1ef
6265.jpg,train,6265.jpg,dd5d8978c8d5912af584faec5778148dca7be95e53a0b9cc510d0076fa5b638e
6266.jpg,train,6266.jpg,0247c6f4bfb4db5c0473ea22a04399ee5d93629bf29ce17b79a8cc3b3e971145
6267.jpg,validation,6267.jpg,ad8c9f17e803ab5285fd5da324e804f9e7f42356e156495c7d952c7bcb82cb06
6268.jpg,validation,6268.jpg,935334615135e7a0f12d2c3547f0a885f4bcb03ebd6bf3a9b9206afa418439c8
6269.jpg,train,6269.jpg,280dfebacf4fae06df08c560483e792cfc909fb8e9a1648f2b92901260001cdd
6270.jpg,train,6270.jpg,3d38569887687f6930cf777dec95eaf90c0a9a9c22b4bcd5ea41886b11293be3
6271.jpg,train,6271.jpg,3fefe9e3102abd89ac3771f9f506ece674d8a6f35b68db6230378b965899d621
6272.jpg,train,6272.jpg,1b0e50e386d1b99d3a5b5b1f2bbe03c78f1c588984ca89b99d4fc5f16acd12c8
6273.jpg,train,6273.jpg,f8e8b03be256239a920be86bdc5efa3c66fbfd2d7e5d9034bab9fcd6dea9aa16
6274.jpg,train,6274.jpg,ce07dcad97de8d55fcda1b293bc3405648542c3a3bee63f47fb1fed439b9816c
6275.jpg,train,6275.jpg,e84fde28b005251c4c2c3b28e526e751c3b53c5ab06ce760b2056ed871091554
6276.jpg,train,6276.jpg,3c99b4bc247b7253abac1e9056b22f87c405007fdd006d90dd4295d73bdaf080
6277.jpg,train,6277.jpg,f3d816773b70b49ce028a1f64c1a9cf52ff82eb71fb3514e29310027090f21c6
6278.jpg,train,6278.jpg,298377cff8f454636bfb2d6f108768cd01d60744f005560c1ad788c3e0619cc8
6279.jpg,train,6279.jpg,3bdb26c1c1dd7f8fb0a7ebdb1f5730bd5bdfc73b1db458db838509732ee5e7b0
6280.jpg,train,6280.jpg,1d1016836eca74c483109c8f7362d611e7fe476c2cecab0f84b144dfd4ad3bf5
6281.jpg,validation,6281.jpg,8015039df4cab1f59c0583a2d61e3d287e6a8b8c99ca0364e0e96f0d1c165ea5
6282.jpg,train,6282.jpg,84b8567eef32695b289626d9c2be92b212217746fda9f435845a8bc7f89a51d5
6283.jpg,train,6283.jpg,29872aae4b540bff65a15dc32715cb6e13e5b0e214ed73de462da808faa524ac
6284.jpg,train,6284.jpg,983c1b2fc4c25afe03ac0ff4bead37933feea7aec65c0d0db23412570d0c5548
6285.jpg,validation,6285.jpg,70c8c503c2bdefa5c4c0473586ecf44a15999739361ae1201316fbe904eb5a9d
6286.jpg,train,6286.jpg,d31afdb76751fa49ea01650e8fe331291da52c9dea76192df965dd85ada02428
6287.jpg,train,6287.jpg,d74539daa7f187d20db9e2ce094c3395d38d919b6559afa245d5daa0f7003395
6288.jpg,train,6288.jpg,d5423b4071d3fa21765897728c453ec30232cfe58929888308b50d2b6ce6c081
6289.jpg,train,6289.jpg,21d05aa7fdf4c236ef4ea981d2ad2f1950241fd46f4b4b0df4601e6330812a23
6290.jpg,train,6290.jpg,735dd2cc4bba0afcdbcae210cc2b1f74477a1fca4dbdd2c03226415b6a9e4ef1
6291.jpg,validation,6291.jpg,c167fde17f2d2f64dc0921716cf1a8ada9b964832b021a3b153ee3c9876da909
6292.jpg,train,6292.jpg,1f1f0550afed860f4f57143aff1f845691608a3160e3283345cfca56a80f7766
6293.jpg,train,6293.jpg,62cb8953375ed5cd71ea2082d99d53b15b62e2e73344a9966efccbdd2014c531
6294.jpg,train,6294.jpg,847713601199db188cb40f6caada79d4b3d0d49f4596e20cee34a43a65791fea
6295.jpg,train,6295.jpg,dfe95ee5d3dadc9c7fadeb555a4cf8e6f5555349b6fbe477a5c78467bab7e37c
6296.jpg,train,6296.jpg,03ab21a083b34d3724c456b74a98e33aee0df55806acc88a74d08fa0145bc9b8
6297.jpg,train,6297.jpg,20d4d81106c1d1d9d80c50bce21aecbe05d950f59b9b0d4a8de67745eb436b81
6298.jpg,train,6298.jpg,5ab4893962370485488b30e1da4b2ac15e0542ec84c013f13f150f22cfd55d1a
6299.jpg,validation,6299.jpg,dae488411a08e630ce19b5dfb3323947ae738b4ab8bde78d97aa3ff2bc62eb44
6300.jpg,validation,6300.jpg,46f5217050265916c6f14f1bfc352bdd60deacecab171fdf5f8af4dbb10db3e1
6301.jpg,train,6301.jpg,e303aa5834d0c20b4e5519bc9cc56904f3c70ba94287af067f47d64dbcd9f923
6302.jpg,train,6302.jpg,039420257826d0f2325da47f1a81152a8c4bba733840361871350c9b128060f6
6303.jpg,train,6303.jpg,997d9f2686f65413bcecee6af0f69e966ec20b70edbda560cced48d7783dcebe
6304.jpg,validation,6304.jpg,92c30cbcf43a3a336989d31f3a793d26edaad1d77ba1b9a334db3ce804a1b5c0
6305.jpg,train,6305.jpg,caa436b4b86894a975b027c03e0e44d198a42f04f62eebd5fceb2ecfc43e2be2
6306.jpg,validation,6306.jpg,fefe10205d0e60fa69663a30f03c9088df09cee250f3eccdf5e937f527429b06
6307.jpg,train,6307.jpg,304f22d51dffbe3ce69cc48ca21087f917c8a15587b15a69b940ad69e12ea10f
6308.jpg,train,6308.jpg,235211766cd7b90339f579508056c4b249b24790b3b01f5f7c12fa893f379ab7
6309.jpg,train,6309.jpg,85cb4b436f820b64736a8aa580bbda43c8e9c7ece85b2f55ffffdc2f4df4992b
6310.jpg,train,6310.jpg,0a15a27d6681710a0f2dd84fe465757dd3eeb1ea5c6fb31cbb13bc0f5fbf44a9
6311.jpg,validation,6311.jpg,cb4383df4db5e94c1692017cef3c6a362aebe1a04573cba67d3641b140a0392e
6312.jpg,validation,6312.jpg,1cb270b56cbcca1a2c09d7e9d0b769240dae76f1a0198e439da6c1cf2d8e5a98
6313.jpg,train,6313.jpg,8d6b0a3a93bd12e44d57a23a20105c4a7d74f913a7c3fb2a0bdfd1e5ab4b2c2b
6314.jpg,train,6314.jpg,3fd385cb9b30f81d24a7933f3ce44658a8fdfb0ae8bf0e7b1481931eb2f70c14
6315.jpg,train,6315.jpg,66eb1da7c1baf4f2e931824d93c3118771a6cbdc6c35426d240d4b717530eb3d
6316.jpg,train,6316.jpg,f234304a39c9f63c6b3ffbf5bc3b803acf45071096635e70a0cf4252b3df4614
6317.jpg,train,6317.jpg,f4867dc608978a7470df2c3bedc9cc3b2628cb5f537bbea0c9942c2c011ffc04
6318.jpg,train,6318.jpg,09e1c5d418201e77f1a237a91a9b3af8f76072c0484ebc7d24e13526e0fcd3fa
6319.jpg,validation,6319.jpg,270ade67d953e8fb5eb4ccf3531e846e5316c0bf13b612fbe40c7214894f16c4
6320.jpg,train,6320.jpg,0da528e8b5daea517828a6408a5fd4bf6997634db23b0d107d97674687c85194
6321.jpg,train,6321.jpg,9ea3a10f3eda1c03708bfc63a40946de736ca1d4493f407c2e57af5575a29522
6322.jpg,train,6322.jpg,7069d9152bfa840144a7fe5f891703c4c9a483d5e095b357d4007f258671a450
6323.jpg,train,6323.jpg,4451d7474e2d7022ef502a35f165db46d0529e6427908b53474d6df0500c2bac
6324.jpg,train,6324.jpg,45cc25f5c1ff4395206d76c068c2fda18929e6725486ff361a91de2cec72599f
6325.jpg,train,6325.jpg,2b1fcdeed865cb49b1bec9413222a3da84aa70ea204ebcce8f649390555fb2eb
6326.jpg,train,6326.jpg,b89ea1562908bf4e9a9f30cae60a7a607aa14413fc276ebe9b24fdf54b41ccb2
6327.jpg,train,6327.jpg,f986eecf972a18ca3eeb554b313abf18253f27ee7e02265ef305ac7505281637
6328.jpg,validation,6328.jpg,aa7dd3224a1c1423b5a7caab392d1c369ac491eb465848b8bb4d2d7e85e47bee
6329.jpg,train,6329.jpg,16fc16d9c2f7baa8502a8a3597b793035792a459f8db3ec9a42967e36de8940d
6330.jpg,train,6330.jpg,6b922fe99bb070064c45ae60a35032ed70267e596ea969126d74648930d477a3
6331.jpg,train,6331.jpg,8036978b57f9beb7242227af3e3795d38642e9f74cb6657d6f50eec32e00ccd0
6332.jpg,train,6332.jpg,22a02e55315c97bc4bfb179a5a5876b599233d3793be667e651d30b864397ffa
6333.jpg,train,6333.jpg,07b7cd501683db75cc969eccf49fdbeff436e8a108ac7c64edac64fb522f083e
6334.jpg,train,6334.jpg,bd928204c412136ec59618654c795cf9720342f21ffa87ec70675a3ad0ed36b5
6335.jpg,train,6335.jpg,50d0c3a4351d1c00626f5cb4e9fc65db1be6e7764d76f8dbb75605494eea98f9
6336.jpg,train,6336.jpg,3c1716c996345cf3a3bd147b2b71ef683c6e62231dcceb13045fd11ada8386db
6337.jpg,train,6337.jpg,4d2a91383b66e0b08b4b04ca53728d6b04f6d5d54c26e44d9543e497249123a6
6338.jpg,validation,6338.jpg,beb2f4f7b47ee98a1c5c04102dc8aeb89944bc7138be2b2dcc0fa77799f601fc
6339.jpg,validation,6339.jpg,179428b431aa4bd527d3bb7b18fdaa4292a4f128a9d768898262e9f166f26a26
6340.jpg,train,6340.jpg,a083ff365fc9e2226c666abbfc502c80a8047c128a3578f6b07a96da456648a5
6341.jpg,train,6341.jpg,db4f186bd948e70de804301db9a118c6a68191966c7c61bad34902adc4b32dee
6342.jpg,train,6342.jpg,84e22875c5ab520d9eb257d3cc18ef2adace0f4cffe7ce6af44b3d446440c558
6343.jpg,train,6343.jpg,d45784e997b9b0a24c5daaf4eceb03cd3b2f95c0addcc42282483eeb39829724
6344.jpg,train,6344.jpg,cc47106379b33e61578da65574e5bc0018cb96de9c604c5e9b5919c07152cb93
6345.jpg,train,6345.jpg,894a3bf5f18cf3d3841089ad9da12e7f620d274d8dc5fb0f8d7c7fd8ca610239
6346.jpg,validation,6346.jpg,bf17577ec5244b75807d74c310095bae957197b3ddf9fc52a8d41074139db85e
6347.jpg,train,6347.jpg,c921e447cb46b3ed3580e452636a0eeb55ae2649bfb03ad4f5e46fa325ac5c9c
6348.jpg,train,6348.jpg,0c5a3fdad9818c61a5ba81b161ad6d03e88b7d4f8c3b910dd6bc32437c8361af
6349.jpg,train,6349.jpg,ba1a3956f8d20fbcacce74faab177be87f16a8f278964e3d6aabcac320ebb197
6350.jpg,train,6350.jpg,1fb7b5e31dc5f9de93f28e998f1a863192b9ccc075230801241194b527ebc6a7
6351.jpg,train,6351.jpg,1e541b784df133b6dd1b645819cf9ca42d877134b63af97e808ace42644d6d18
6352.jpg,train,6352.jpg,3e92632a11c6dadfa7e1f8051f67a83e6fac06214df323f173dbe8196da4b2e2
6353.jpg,train,6353.jpg,a4aebc241a808bbedd08558ca077ac29e978aa8c6cbe1090a233fad2e85e336b
6354.jpg,validation,6354.jpg,4b97d3730c2be6061357801324b98653af0f567bcc5af7801a072fb01dfd372e
6355.jpg,validation,6355.jpg,5f892a3862d6c16ccf6f20e7ec3d2202b517ad0ab0d5004de41aa9e573128ea2
6356.jpg,train,6356.jpg,f8ea9445ea2156cf955f37cadacf06a2f7bfe2d929b7f953e8a89db52e3a0e54
6357.jpg,train,6357.jpg,3de0f429807fa1a36484e848168faf6d14f75d02f040cd05c565fa131c9c1eb2
6358.jpg,validation,6358.jpg,89f96583599d6e9f9ea57fe7b7c9906fd4d2f1249d951fc678577721fc46926a
6359.jpg,train,6359.jpg,5165243f2a229aef407e56d65b4c53f5dee813c987ae724aee9f6c78700b3f46
6360.jpg,train,6360.jpg,abd1964144698bd0674a464b885de664ae6e980a32e7e7f86f748b1f13c3bafc
6361.jpg,train,6361.jpg,d289587cfc7a1a3b1f51924a799c571e6dfdebe0548c42fced72a62c16598c09
6362.jpg,train,6362.jpg,f809601c7d799463d497b027cd6ee8cade2af416f60b87ccb6a00bda0a7d5089
6363.jpg,train,6363.jpg,4557d9ba571e32e2a3f791039d9e063e7396527e240d6686933f2867916e708e
6364.jpg,train,6364.jpg,b2f6dcb7e9181401d41de8f56b2a29909ed36d06e406590b696a396c84b4e334
6365.jpg,validation,6365.jpg,f1a91fee7e843128c9cb062c4200583288f0af18ae9d171de424f66f1947de44
6366.jpg,train,6366.jpg,e618506d72a14925a58130bdcb3f42c092d5f14d1e7fcb38804058b7821203b9
6367.jpg,validation,6367.jpg,e4f11da9721d38298670e4c1342a9d53c233462784c686a293d95fa6de96a8ec
6368.jpg,train,6368.jpg,7a010e93244de350096f557dcdf78db5cfd835300373e2e16971bd21a408795e
6369.jpg,validation,6369.jpg,1e93f69f6a1aef4530830500981d4294cd693edf538a14d8a4968b63c69a1ca2
6370.jpg,train,6370.jpg,67aa22fa5deb04b547512be086406a7f94cf046f8ee1743dcbed46dfd64cc9d1
6371.jpg,train,6371.jpg,84802951d021b5c26d5bcd0ba35450218602f23e8417e5de5d9dea63ce8f09a4
6372.jpg,train,6372.jpg,613ffbd718e62a3c0cd5e61f632ea7bcd55973e758ee6d018d845babf7f74d6f
6373.jpg,train,6373.jpg,7560196b9b2f4ac7a22b5c913eb923b6ef5e6ad7547168df5f318f9ec33c9729
6374.jpg,train,6374.jpg,2cb7b215da9243fdad6e043cc8c90660817502d426ab6f108a1afab08e4dae4b
6375.jpg,train,6375.jpg,659f1ab95d4a07d0f0157224e13635e7fb9070222600f497ba14dd7cad41f9c3
6376.jpg,train,6376.jpg,0ef95967d120dad57a95ae3d314315e14de9f8816a486845cbd6d68fc4224c0f
6377.jpg,train,6377.jpg,20dd925a4829fee87a628f28ec6329cad6e71f818ca2a6a594353fcd65dba7b8
6378.jpg,train,6378.jpg,9f2d71a3b75ef1be46785353dd8bd69399b27e322cc7fe4c8a2c35244849e584
6379.jpg,train,6379.jpg,f7ffc59673ffcdc16713546cdcb86cab7be23818acc42747902107d1f96c9a12
6380.jpg,train,6380.jpg,78edc05fc5dbbf8da92f47d853d7cf4bcab3d08f9e84f92ca356b52a76140681
6381.jpg,train,6381.jpg,06950a2eeb8b99659f9412037b33f0162210f5777b6128e71dca0f7f6a86ea5c
6382.jpg,train,6382.jpg,486a3366568d299bb5db60b13a07766b5cb8426a904e396ead78b5f7be928276
6383.jpg,train,6383.jpg,8e6fd77a67184a529b24bbdd4e6405fbdcf8c8a6b007c5f5bd238361e89ce3ae
6384.jpg,train,6384.jpg,4faea6417a8df6a3080003475d456f8f59428c9eb4ee06157357fde372726f8c
6385.jpg,train,6385.jpg,9cea9ba04e46f49d70b17977bd4ec5a38d944254d5e566c8c7f0c420adb5a69b
6386.jpg,train,6386.jpg,5a023b70334550649f71eba5c0783b464635f03fc94af30e0d759491de7a126e
6387.jpg,train,6387.jpg,516516e377b40cfad66d594babbd49b4ceb5c521f20578a0cac7fe3ea36fa431
6388.jpg,train,6388.jpg,245c928aba0ec4fa6b8fcbdec60fe5b8e03330d9470c779c3189fc435a9e4ed0
6389.jpg,train,6389.jpg,365e53013666ac030de187efe17b9fe3b63f3b8f3dd8d47c61d28324bf4f0d6d
6390.jpg,train,6390.jpg,79ecbc3060a848e22ccab29c416b9fd5cfcb8257c9d0d80879c72e8c19fb418f
6391.jpg,validation,6391.jpg,902265532dd24d7c711821fa8b7162bf8a3b22a233c539e6a369a102579c5c47
6392.jpg,train,6392.jpg,da8470988d5971ad8ef84b29adfc596e4aac17bda7b3c08e2b946f5e5673dfff
6393.jpg,validation,6393.jpg,3a53c68da9b87e906f685d592a7b59a915d6f4e7f9c866ce6fbc7689282528c0
6394.jpg,train,6394.jpg,28e6d1eebb1a096af79a4b63313707a1a28735f61569c904113b82f66172166b
6395.jpg,validation,6395.jpg,6f1ba1e0f54958c20d874b874b89196c11659e26ebcdb6a12330387f0fa925c2
6396.jpg,train,6396.jpg,3d8a40764955faf4e7eefba18af429ef6f008242c9e06ca4557f540d1801dbd7
6397.jpg,validation,6397.jpg,6a3838faa1ab2e5489f07fdc06a7475bda997a4448b378cab91d3fd3c68add6a
6398.jpg,train,6398.jpg,6c32578ec89b21d5595b97300a4922feb47f918dc829a77948d6f55c84a1c4ce
6399.jpg,train,6399.jpg,2f700690571b6d836397231b76af5ef3cda9e9af20f11218618fd397632bf868
6400.jpg,train,6400.jpg,489c974575d5de4d8b9eabd311b4ec9d624929a841fa232a775a1aa94d05bb0b
6401.jpg,train,6401.jpg,f129d256e5cbc4af07628660c42cff78f2677563de97f1bcbeff29db210fa3db
6402.jpg,train,6402.jpg,f6416c05ace72ab5ece2fcfdc46029c41318cfbc14a168777f1dd990c2f8e495
6403.jpg,train,6403.jpg,943fe6cc7a5a4b1908d6ff0f37c621d95eba57f3e0e46ecdb8b00b2154c6e3ef
6404.jpg,train,6404.jpg,41023b6664f367cf31d483e85a47263cb53f220e8f3e0549611ff440e71e04bb
6405.jpg,train,6405.jpg,8ea61dcacf0e5b6a552ea41a3d81be29572990c568620a2e6985871d8e6a27d0
6406.jpg,validation,6406.jpg,0e57cfb4694bfadd72ecc010a40ecba23b77b051e525aa2c4c07236813e9e9d6
6407.jpg,train,6407.jpg,e5f4b29aa0b657f1e5b7cca6431f5ef03a1dae935bfddf335198d1cf690ffab2
6408.jpg,train,6408.jpg,5fdd424d9085b8ebdbe9e9c8e1af6e1f16ee043687c39ad9088e688b8a91ca78
6409.jpg,train,6409.jpg,eb370e0f60dd93709d5010905d603d3ba1957737df4cb7bc07f52659433da074
6410.jpg,train,6410.jpg,a9ac7ab9a92f96bff23b0ca29be0a3656e34e71302ca80933b8c92dc585abc38
6411.jpg,train,6411.jpg,7455ae2e39ee59f7a4e80ddf44f61b24ae4c4a3f4c35e7f1663dd3948dfe9d3e
6412.jpg,train,6412.jpg,589025435303964011770ed8d13da153de4d6b810ce9a95c75eee738bdc3961d
6413.jpg,train,6413.jpg,3da20ae53904e2b993a41b2a634d2e7c578e60edbc1456e2183de56c041bf7b1
6414.jpg,train,6414.jpg,fc1d79912e818619a7d8b3dea4f6506b8248b121bc0811f40d3d27b49d217f5e
6415.jpg,validation,6415.jpg,986e2552a0b77873bfa5c1654dd3a23662c5dfa6dbc8d93d80f4ade0f64b83fe
6416.jpg,train,6416.jpg,967b69efd4e79a08bb85f9eef56913f89071a456e31e4328b4b5ff69d58ba705
6417.jpg,train,6417.jpg,b6886a52d0cc1579874b08911b8f37dd70fdae60a41659b7f4d9ca1780951b1b
6418.jpg,train,6418.jpg,d968327ff8a7e034f42a39cf015bfa6cdc17c8c68d505756545b4462d552dec6
6419.jpg,validation,6419.jpg,eef53423ec100abc015d7605f7ed98021cd8c0612c3a91e7a8fe58bb898a91d1
6420.jpg,train,6420.jpg,eba94e1f4e68e4fb6e9e863bbb0fcdcd1043ab98c10150f31d2ee05f7a536c0a
6421.jpg,train,6421.jpg,ed7122d822548e57cccb1c0411623cfb092f9064222f7d5eb8ac76b5867d5a1f
6422.jpg,validation,6422.jpg,cfc39941336610c3d8a63f9a751a46502498555c2ff4a8fa7890e43cdffb6a22
6423.jpg,validation,6423.jpg,9a039ee27cfeb0e5dab9ab6860329a4576ca75dd71d2634a85b8100e9a1767d4
6424.jpg,train,6424.jpg,8102db5c98a39306d594eccc9a761c96ccb4194a94be9578dbc2d9cea953ef1b
6425.jpg,train,6425.jpg,b1d928b4cff5cc868242671ada4c2762d82a9d9c5c37542019c037e33e3e5d26
6426.jpg,validation,6426.jpg,cb469d7c618121f9e4265d50876adff1ad71d94d0ca98ddbf9bc07efbc329043
6427.jpg,train,6427.jpg,52f24718728fbc29eeb267f5cdb45068576a38cbf47c642cde2f462637979a46
6428.jpg,train,6428.jpg,67175ba5dca9986d267007336ac66419008fa89548bc998245b35a67ae3c998e
6429.jpg,train,6429.jpg,a49c274b31b4c6f0ad8d1f6b838f964e787315f1c379645f79b33cdbe24aeeaa
6430.jpg,train,6430.jpg,8045cd8bdd3821224a9ec3ae0675b0aff150e5d2d5cebe00cb8d89f27548c492
6431.jpg,train,6431.jpg,b53376596524e27db7eb1da9a410c6daabd517959707fb129a309356072755b8
6432.jpg,train,6432.jpg,ad4999c7c158b4501e9da2430daf3464f139c724145409d18d95a66e3b01286c
6433.jpg,validation,6433.jpg,aa5811f919d4f177984121bda5f848e3eff94af20ea8e8bd1cf59a11e79a6fe1
6434.jpg,train,6434.jpg,702e80deb27125e5b73036095b3018292621ea59ee1a74f974f12774dcb6dd49
6435.jpg,train,6435.jpg,cd0a8974160f05ab3c2f7807ff5f91345feee9baa0bb8309f4b9f3eb9319c695
6436.jpg,train,6436.jpg,fbcebf7897052bc6a9c393186f6df2caa92a9a0a1b148d4e994a1542619731ff
6437.jpg,train,6437.jpg,5cc4d6c3f73afa18a9b1df6c32c35bf1ca753c8574dbc04af5a983f7dfa1cf4d
6438.jpg,train,6438.jpg,e4dd902eff5fb090fc713a61bfdcdbd9934b3e1ae650e52dea4c2d85e6231b4b
6439.jpg,train,6439.jpg,c6cad45df2433c97afeca5afe3e5893ff91a5e20d7b3b8ab09a839a71438e211
6440.jpg,train,6440.jpg,d4a99077663451eefebad575a72ff8857b1890841a40f43993e5483d165d8a49
6441.jpg,train,6441.jpg,1eb198a19bbb683fb4f9dd1bc8432fc922c85b4883321e8ca71278725294e2fd
6442.jpg,train,6442.jpg,6c1d01fd3e1a6e04a595049cfafe87cfd2e2c5f97df7215baf7e9be267bfdf50
6443.jpg,train,6443.jpg,4b18b7416b36e9a4fbe5b5330967fc49f398d4a050e3370996539c6a05481848
6444.jpg,train,6444.jpg,c0014fabad8918d39c755684ad335dccb1ec8f3d0f080cc0e82f351ff23a54be
6445.jpg,validation,6445.jpg,b5348ac8552f2b57353fc3098421c673656f7da49900dce6c96fa81c065cec91
6446.jpg,train,6446.jpg,6145ab23c3d64c59b274144a01505ed64339da345fb7ccdf6dea8ed09b8b0cb2
6447.jpg,train,6447.jpg,6f3f8abf8f2cf32beca6d7693ffd2b5c34a39bc0ee35a243d95c3c11e345cff2
6448.jpg,train,6448.jpg,1f886379d65ab925ace9d883a0d0a184d787a44f189f18d1cad0cafdc4a68292
6449.jpg,train,6449.jpg,8878a55dc2ce8f4fee6af14a9d47a02b0d63ff953bf8906d89403dd5cc4b4f0f
6450.jpg,train,6450.jpg,e58426b38e5bedb3817f12b0cd477ca3c355d0de064dd3557737eca60776adad
6451.jpg,train,6451.jpg,b8e6c09460d9720f86c3737de7b34de67c217fffda019ad3f236136abaf49948
6452.jpg,validation,6452.jpg,b7bc6cd7473b84fb06d14e7baa0bc64fd709ab481bff7119df18986b83a18b0a
6453.jpg,train,6453.jpg,1920a9fa1bf8405beec02f068d7ca75ddf1d7c6fc5f36b9c5765e4bc979ca5b4
6454.jpg,train,6454.jpg,4ae3eb7b56b352d91b6bae0e8552071ac8019bec4f036f5d122468de36913f89
6455.jpg,validation,6455.jpg,1068e6d0fa6f45f3d25353d4fc4b244f72867902c6ef9701fef26a1f6d8d6f6a
6456.jpg,train,6456.jpg,c3836b83e3292a2c389e66248c757646f68f874a375a589ba622659297cb291f
6457.jpg,train,6457.jpg,a939231a6108dafb8bf3b25a8c1679a36bc5b6bd8d4c9af74d12b919b1356ecc
6458.jpg,train,6458.jpg,dde95e2f595cf9df15750fd980bfdef76e4f09c329da8c2b7e06cf8a85d3f806
6459.jpg,train,6459.jpg,f471a5635edb2c1820bb7f6ece2b4259010cfa51b7173858358434e04cb192f1
6460.jpg,train,6460.jpg,65bc2695df5941106bbce05a5e5f54f0356a183961cdc7388323feabe180906c
6461.jpg,validation,6461.jpg,acd717d006c3fa7fe1ea78f24b0be3017bee5b0ec23252fd66d5298504b377a0
6462.jpg,train,6462.jpg,ce336768fac15252442385ee2bfc926804bc5bafa660d0d47762c7fc316492cf
6463.jpg,validation,6463.jpg,b0039de4f9199b10e029f186a70bce3909d5c324604cc461408c042e6c159cd1
6464.jpg,train,6464.jpg,cc269e2fd72af9eb3b4a15c99ac43797463d95a11281e4044a2aab2fedc98217
6465.jpg,train,6465.jpg,62debe5c9edf2ad1fe9ab3df6fe02f8894f90b189bc1640cd9718f613a99a005
6466.jpg,train,6466.jpg,ada3d81acecbe54c01bcc2cc4c20a90423029f182d37ac708d024510bb268352
6467.jpg,train,6467.jpg,ceb0044c8b0ae6ddab44a01978ed059ebb2af5b54ec71bbf78960959acbe373b
6468.jpg,train,6468.jpg,e354f747a03ed05c968870ae4f618d1fea82cde2db651940e68b9633c39db336
6469.jpg,train,6469.jpg,e7e109b2ad4f51428ff91f3730ebeac06a761e835f25102357c4450ef3e1df67
6470.jpg,train,6470.jpg,a7881ebd17fa18c56485a69d1824bd144390e0748db40d8c1cc2fd1b5b6d7eb3
6471.jpg,train,6471.jpg,5c65da312a13638550aec81761dcd5fa284cd6c1b1ef03204f6f7f71ee538e48
6472.jpg,train,6472.jpg,f923a657fedc7bb59f3d3ad9262eddba4a7c79eade5f17dec5410403b2409e1e
6473.jpg,train,6473.jpg,4954fb673b177af83a539ef07c95eb1084fb1ffdf4f57208ebd75e16cfea8c6b
6474.jpg,train,6474.jpg,75dcad565c8757479c305730e215bac56be96e94a601d5594ea834de0248f33f
6475.jpg,train,6475.jpg,84183597833a679c6067493b83765d1acdc3fa51a2ba04375c78139a58d4be04
6476.jpg,train,6476.jpg,41e672afdc54e048ab825cd6dc5ac15a2ecc518f27096d5e95f08e660b495b42
6477.jpg,train,6477.jpg,01d28ccfa9e7521629fa677fbc3726a44ee13879b2ba201226534701f10e9e1d
6478.jpg,train,6478.jpg,d9104fbf82db880c2ada0792222aa3c9de2c0c6cc3aa8e605e0e10fbdf97a2bd
6479.jpg,train,6479.jpg,ec32e539661daa26f615bb6832aedb3b5a291e02e73155bb79a13a5467dc299c
6480.jpg,train,6480.jpg,59ffc9b643491153c152f06f8c58a7c7a9552d05922991d57a5ddb14401b956e
6481.jpg,train,6481.jpg,9ea7a2c6217055a21b065dea7ddaa43559b8860ae79db271d3b9037c41aa8daf
6482.jpg,validation,6482.jpg,ada7ed3c224264b058769c013784fb2a82850dc7f02c8ed4969363a94480600c
6483.jpg,train,6483.jpg,ed22d2690a92440fb3b2d5b25159926e7c3da7d00287a9a6b0d99654240f9a8b
6484.jpg,train,6484.jpg,90a3cad001bcaed0e0169171c8c89739a6b850848ba1cef00d1f19f8e43b63e1
6485.jpg,train,6485.jpg,f0064372d249b46123d7e5c8eb7bcabd9dc4140e591d3582cbf0f5a377e70dde
6486.jpg,train,6486.jpg,7010b1d88315182581d18314de0e9373ed35975f183c72116f0a5537672d3e5c
6487.jpg,train,6487.jpg,3d287447d7d18f202cbef3b73082d590866640541e5366ae8ae8b2ca03832ab2
6488.jpg,train,6488.jpg,b7c4e93e120812030cb5d1f6801b65f76227fd47d35450d55d3c5234f2ad4921
6489.jpg,train,6489.jpg,d05ce9fd431fb729dc6a4e090d5968ca360e27f78f62cc2d4dfa946ba83b4f07
6490.jpg,validation,6490.jpg,55896d3864cdc41ee6ea4c2265f47b2b094886e61b2e12b37a0bf7fcad6384e6
6491.jpg,validation,6491.jpg,8c9600f62550f5bea6142feb679e04fe0259b6549f689510d93cebc90151089e
6492.jpg,train,6492.jpg,d3fa3d3daa7ac0bca11c828232d1770755a798095471de16e265bb2d7067dbbd
6493.jpg,train,6493.jpg,c2bd4597dc0c5ff4364d4f4d99d8a6bba67291a5e34df3e4cfcb5102ea4e25a3
6494.jpg,train,6494.jpg,ea66250cf34fdda4986990940dacaa212dea39cb2fdb6b2a57457a79297e08ba
6495.jpg,train,6495.jpg,f1640b325aadf9c95ed69bc072acd6490f2ae7337371fad3afe80b4e129c84db
6496.jpg,train,6496.jpg,1ef51854ff12d89e08b56b5d8b0f2f8423d5f427227d19786794f472010890b7
6497.jpg,train,6497.jpg,0ee2f80a97209d0db9a214879949c1fd6bf8156c4cc74f88f746c79d5e5da12f
6498.jpg,validation,6498.jpg,a9f0cdb7fbd6b800b00e910d1ed868431e4f671e7c5f685195b2e4681dbd28ad
6499.jpg,validation,6499.jpg,4b0c5bd41807a13b69b16ad883f8ed3f4addf54b342ad29e4223555033edb776
6500.jpg,train,6500.jpg,3c2ba4d182485d66681f2905af185353b52037bad7c359cf5374804cdb0f6f1f
6501.jpg,validation,6501.jpg,b52060ff5735006fc100d2508064327548514457b6fedad6ea4d89627712e513
6502.jpg,train,6502.jpg,b7e3f02152fc902cc1e12ae728691f4b51d00daed2056c520dfbd054a08227a0
6503.jpg,validation,6503.jpg,0f0ea12f58fe3f317f69d54651a0b6931072e7fd8bef463addf379bb22b8a073
6504.jpg,train,6504.jpg,127b347de352ccb45c6ea66aac803b27dcccffcbb1c85958444bed99aa90ee9d
6505.jpg,train,6505.jpg,97ffe50a2728940002f7d4205c19d574c5a3b1c5696afeb1ceb0818d92b93b03
6506.jpg,train,6506.jpg,843d7e7cef24d0e524cf41358bf7f38966c847585b0bbd0656207c3ddef7094a
6507.jpg,train,6507.jpg,8672f633f0e1eb2396e7699893b67ae44b5aca0c9102ed80a4062e0f839bf81d
6508.jpg,train,6508.jpg,d22ca3cbd93e48d183ee7eed52ddfc10380c558e667d0dc6ac3739280235769e
6509.jpg,train,6509.jpg,c48e793bd4e6de70312de878319830b11a15002498378cb7e1f65382a246b9e9
6510.jpg,validation,6510.jpg,cfdd82b6c8504ab33c39b57b22ef6065fa507de05fa10b2b07a84bfbdbc85396
6511.jpg,train,6511.jpg,c1527dde8dfd00810849eef0cb06c4d91a5d71c5b5f0b417c6c459f4c20959a4
6512.jpg,train,6512.jpg,8663552bd0ef41790753aa8a809c65e5654dd0b766c0d6ef7c4d39c1373e0077
6513.jpg,train,6513.jpg,70153f0bb263bb53574ba523ae597ef195733e9986b589bedc725db6ce52c057
6514.jpg,train,6514.jpg,a9613b802ffeab9ee664d1da3d9e00cddac1995f3be54fc1316f8946754da03b
6515.jpg,train,6515.jpg,1f68654df5e21fd166f16af70fcc9298cced9ca7d2177b3cc695e18340c6a18e
6516.jpg,train,6516.jpg,e59478332d9777979740d559e614356efa6bd43f9a4f7c06b9cd82fe24edd30a
6517.jpg,train,6517.jpg,4f88cb4c488e45e07025208944bc2a705dd795e577047092b17249d29fc59e36
6518.jpg,train,6518.jpg,0c1e9668919278d931331ab3847b9569030a2b7e57167072724085cf831f9311
6519.jpg,train,6519.jpg,97fc80d088c0b3413b9a0ab37c3a07ae5d4c4db45abdeb56a1dd9a662c699d10
6520.jpg,train,6520.jpg,8cabb75db4f8315db116a0e87051c5a84bb0dba4bc0dd162d9cd1865e0af68e0
6521.jpg,train,6521.jpg,d9ed1a34a8bc4a1443d203f49a167bdc67fae537e9ac318c40a2cc830234ea52
6522.jpg,train,6522.jpg,218594ba32462ae16b31ec36567d6b16dfbd00fe949986e5223938d9e7d8edb6
6523.jpg,train,6523.jpg,10fa188ef62b5cccc7b505ece0c38d82df186a45908ea30591a6b8dbf72108dc
6524.jpg,train,6524.jpg,a84ac6e2d0915828d518241094a525788d30332e9bcb013a4f561db03d2e4e2b
6525.jpg,train,6525.jpg,0fb6ab0fdfa267ba5af565c2e8ea60ecb21097cd76dae74a704f7e5234035f0e
6526.jpg,validation,6526.jpg,ee053783b2dbff297eb140a45971b9471d854a88eb6edc5f0a35c361f5f078f1
6527.jpg,train,6527.jpg,21738c232edb78b2521cb565dabf16b2cf244f58a2a6f974625e3bdc56b0576d
6528.jpg,train,6528.jpg,c6f3d62504d756e7fdc27e8affc33c188ddf52885dedd0e114d8f450aaf5b3c3
6529.jpg,train,6529.jpg,a4701abd0810fd98cb04bdd25eda3dac769cc63967e7c28fdf1ea9aeab58e870
6530.jpg,train,6530.jpg,5be745be5f4c7eb6698f9b2342eb9c93945ddc601fb8f254e309944069b9adb6
6531.jpg,train,6531.jpg,dafad7edd40e129fdac99b5108ec2d48878c67f04337be0579d4687a4561f0e9
6532.jpg,train,6532.jpg,f4ceb45408f4adfea4e5b63176cfe23b6c4bd3ced46c15d3db83e24468707bc7
6533.jpg,train,6533.jpg,feca85cd01766e3559cf878b824993eab0be9aa6f90ee4524ad57a2af1623b08
6534.jpg,train,6534.jpg,d3e80d4170ec5b674d8eeffd9b02f7cc40942318f87d3b00fc3927f4640c8af6
6535.jpg,train,6535.jpg,4115fc3a723d9ef1759ecdedc804502ea0a6688870eef6110ef04d076a539212
6536.jpg,train,6536.jpg,3f897257e9c2165d9194d79ef696252b9cb0357e44e6f028573e8530419ef730
6537.jpg,validation,6537.jpg,95e927c32715d99e8e32fbf63e589044e6cc02056a9a48006659693dc8170a8d
6538.jpg,train,6538.jpg,e1657fd9fee3b9d6aa60cf2de747fd9abdfa235c7d94b02f5cf3e391aabf5bfd
6539.jpg,train,6539.jpg,7d7aef6f9448b1eeb2efd81da2a09a7289a4fa66f4284a74b69c725cc6c93df8
6540.jpg,train,6540.jpg,4ecb49d2d605017f4c3e7c91d6e1af6d4af9bf31bde87ffb47481ad8dd812ffe
6541.jpg,validation,6541.jpg,896f3065af43112f6dccc9e19c516bdc5ff5c3f95e2d95a283870870c2056899
6542.jpg,train,6542.jpg,02fa02588a5c483eda7d5dbf91f6b73986da21e747f1e99344fc167123358f43
6543.jpg,train,6543.jpg,27ce5a4666ddd057106dead0484c4dd45543ea258a253143578b75e9fcfccfec
6544.jpg,train,6544.jpg,3c91468a767889009d379e5798016aa645fbcec681b5921491d5dc34a1314c78
6545.jpg,validation,6545.jpg,fe5aa850b269fc23442845a039d97644a7aacc15ea3e3bd9790a1fa24b6a1dc4
6546.jpg,train,6546.jpg,faf72f3dac2d2809f7ab5de682f5fdff833e7554c98ce794773a147e13ce3035
6547.jpg,train,6547.jpg,81978ce75f87840d63e00525b0681915f8786588be425060c8d0ef01b9feea3e
6548.jpg,train,6548.jpg,1cf38bd7033e51471e265f83272e5f249ff2066353e749a11582576cd20ad998
6549.jpg,train,6549.jpg,6b84e630b5666879acd386a29ab0391d7632d6b149a07220adbe11e2b7cc2ea8
6550.jpg,train,6550.jpg,01c490a47e89881e27ed154aa351f7b956e6ce39ebbf8660cb6a139cb92a7b3f
6551.jpg,train,6551.jpg,68341b40dcfc2f73f416adba6e78c97426435221d7c40f7c417095112cd3bc29
6552.jpg,train,6552.jpg,d2348c1589d0d2947b9f54c6282ce8b883f2a1a18266ce8c1208143ec6f79044
6553.jpg,train,6553.jpg,de83a12a78ab67d03af7a54b12754da0baeb57e9f25c8bab9835f7330edd8370
6554.jpg,train,6554.jpg,d99a032b704722c71abffe46ebc729dfef2f99d9705f03f1203363f58b455df8
6555.jpg,train,6555.jpg,371bbff0ec340490b0541f71b125a2434691beecb0b5d79647cfa370a828d15a
6556.jpg,train,6556.jpg,8ed2822fe71405b27491fb30755f32f29f8e507d20e7ecfcc565f4f2fb2e04a4
6557.jpg,train,6557.jpg,748a3d53e1485494abd84ae59d0d4b4fbcabe0e7cc36d8ee9c5953a8f7edf134
6558.jpg,train,6558.jpg,50abae14f292946ed83f8b3220d28e2a82e2aea2ada5641df1605b31b6e1865e
6559.jpg,train,6559.jpg,e0fa6fc2a5848aacc6647322c083c576b176beb1e4459c383b97aef9edf96099
6560.jpg,train,6560.jpg,2a142583e63e9c87c13679cdebe45e299be6a7f38ada2f90600ec2f5f7b73d98
6561.jpg,train,6561.jpg,4ac28f5f70e0cba1742b6aab1b69abb1cea8bfec3d0543d8d2348b59c992560c
6562.jpg,train,6562.jpg,34dea3bc973e4eb65f77e8fdccf809315a068dd410dcc6cefa881ab176b32be1
6563.jpg,train,6563.jpg,1849c2f7b151fb4d1c5659da9ee291825214348cb8958fc480103bba7d4f7c48
6564.jpg,validation,6564.jpg,7c53b5ac8916010b5c6ac120f710d2bdb099b67892462406fea98c53b5ea396a
6565.jpg,validation,6565.jpg,198ce048771b61b6b8b5ce70eac63ed81670f73386c9b7577d832d528641f128
6566.jpg,train,6566.jpg,8d683674008ecb70b788e9472fdea891ae006a788e83d283999a1bf960020510
6567.jpg,validation,6567.jpg,b25d2e69d1b879128fc5936d62948bd74714dad91ea006c530bc5a13b8bfd470
6568.jpg,train,6568.jpg,bef00ca432bafe5b1861a31f98c4b0905fc000c340a4ce557dddcebc2bb42bad
6569.jpg,train,6569.jpg,52d2bcf31e4bf806ab0220c375f765bfb3c910b7938861eb3990b57ad8f01c8f
6570.jpg,train,6570.jpg,fb5f075b8061a5e0b36239c6fec5f4d29b7ef8af8e28b594e0eded663a6b8cfb
6571.jpg,train,6571.jpg,6ec205826bd3f07b9773892a98b340267ca83e99dc21b385dfc6b976dcd58267
6572.jpg,train,6572.jpg,cbf9f9ad07ea6d12d91638295b784448e634a1a50ec31d4534769d8ef2a7d72c
6573.jpg,train,6573.jpg,2520d01ad8aba03421110318cd76ded84cbdc7c843caddd84db7b280e9a9c033
6574.jpg,validation,6574.jpg,9b4896033be0022f793f988b2d5f1535e3948f5b266bab33540d89022b7a4b40
6575.jpg,train,6575.jpg,ab1bfa3c62befb987f0ae0b7abafbd869d11c0bb55bd614cf1259aa3d0cd4adb
6576.jpg,train,6576.jpg,ddd662ad488170204cc98c231ab05e49c0d9846adb6af6b6180cc304b570d13a
6577.jpg,train,6577.jpg,e649ba974d790d5ddce529140ff56d80300f11eabd19004124beeedc692afbc8
6578.jpg,train,6578.jpg,80ac09d944be4b5c0d246dd5dfc4fb6fb40c2ea588ac806fcb28f9ccf6f3cb73
6579.jpg,train,6579.jpg,a1626a93f6f72d8cac2049b2fa3e14867caa9f7c7cfe980c5043726a1210d0f2
6580.jpg,train,6580.jpg,1cd31499d8c5b1e32fb4d8ff1723b05b025ab34b6d2c6fff528fe6bb2af941a5
6581.jpg,train,6581.jpg,d25205a8ec1954933a26ab36ffcbca9953b5bf4fa1820adc35b8448413df425b
6582.jpg,validation,6582.jpg,44eb6aa6c53e2f77978463c27c1621a634f3f658ca2de7101b7b1ac539fefca4
6583.jpg,train,6583.jpg,45573977ac18536a13d0582bca3d4c02f5f79d50f9c9ec9607ff2a4825eb22f7
6584.jpg,train,6584.jpg,caa24ed0cfd9fbdfaa154e298504f3744a5afc8e31d98998b15a801579a3b2bc
6585.jpg,train,6585.jpg,3c38d5c11916657b191540d09d57105f22512f9079b99e625bcac3b86a40c8a5
6586.jpg,validation,6586.jpg,33b14fc7fe132229343087e7d2f07020716ffc1a3ceefd9ce32bcfb282d73f2d
6587.jpg,train,6587.jpg,b8461372c85e02b42ed88f13897325f935b878b4cc58e845a51c94ab83698ce8
6588.jpg,train,6588.jpg,4044e88c917aba76555d05d38e7fe58356baf5f78f35bf17c4db976a1a6fb855
6589.jpg,train,6589.jpg,0b6efd9c86b8de5c232723584731a52316b7a0fdafa463d44c4afbbfee7ed440
6590.jpg,train,6590.jpg,ddaf6ff053c1bdfc2035f8728c4166e979537b9d71d051cb88286200f45a3c55
6591.jpg,train,6591.jpg,66da98283afb77de5500616a070db7d3cf4d788792f52e8670798531aa3ad66c
6592.jpg,train,6592.jpg,f1a610998eaed0645742f8170893ddf82ccbb8445cc07e68adfb56884701998a
6593.jpg,train,6593.jpg,4d1c5a07b6a385ad4a0cde1c91e7a6709a3e26c16ff48d37bc21c5ee28841246
6594.jpg,train,6594.jpg,562ffe78c24c31d7ac9031ae8ef3cac2315e60603cd814ef19431c0aea59543d
6595.jpg,train,6595.jpg,c1d1d595740b9e47c9e1ef614ee73e52eaf1b41cba00db329ae1c70afd794d4f
6596.jpg,train,6596.jpg,a0a5ebcdead33b4c556275c6d9a08b9644845eed7e4b1c5a501162289a03b5e4
6597.jpg,validation,6597.jpg,3fbf0ece303e1c93129eb95208a58937a5465f18e65645027a837a0f534b8b78
6598.jpg,train,6598.jpg,f7b7cbe47667f396d4373581a5c73e75b93649a6a663de29d19885fa362c0531
6599.jpg,train,6599.jpg,13f82c73844e39bac81376f4a283f503d1c3b7511e51899e540e47f05674124d
6600.jpg,train,6600.jpg,d85d613ce53182f3cd897b35ff5368abd6f9f34032a563d1027a5ffb85ea430b
6601.jpg,validation,6601.jpg,7073af1aa07058cd8f0fe11788cae67773135a5a5f77e718dc6e4e652d74f3b7
6602.jpg,train,6602.jpg,c626bc7779df073ca4e9c6481507c3f24540dba88a6fa2265252063647452c81
6603.jpg,validation,6603.jpg,71bc6b473b09ae9d0eac5921d336ef48d067c7653bbdcf7cb3601b431a6f0ef0
6604.jpg,train,6604.jpg,9d42d9f4e70c389b7b9f59d5ee4268ce03771229454a5e98952b03d394c1bbec
6605.jpg,train,6605.jpg,f5426d85a4069e46b6a92a8256f296f38bac5e323960576505f991ef4fc6dc4b
6606.jpg,train,6606.jpg,12c95ddb773d6ce3a223baac2fca5582912578753a02e1108f4c85d73e6f8b82
6607.jpg,train,6607.jpg,543f77f29d596e407045137f3d8d9ed53a740c8d22f409e8c88a27b8ff42b9de
6608.jpg,validation,6608.jpg,10c6a9bb848b734dc0ec4e016a8c3e50744a3709543a22470d53a2ead978b9f1
6609.jpg,train,6609.jpg,d241bfdf7aeaa06c9196d93fb92a1f26c465d85a341195c8e8248810cc77fff6
6610.jpg,train,6610.jpg,4582391138aae232699ca4e4891cc561d90db510894a307bd73bef864dcda9e5
6611.jpg,train,6611.jpg,6329216d42d3aa081cf9d89e883c543106e32127c0532bbb33535f6a4e79a6d9
6612.jpg,train,6612.jpg,b4a531bccda69faf21bbcb64c4e0f27af84cf63e923cb8f8e9470e1252de9582
6613.jpg,train,6613.jpg,543019cb70df2758f054a26bab034c71520fc8f30bb15d24fc401c67201673fe
6614.jpg,train,6614.jpg,52d7ce8de447e0201d2567863751877e97cdfb76e823e265ce3b9ceb57f19eb0
6615.jpg,train,6615.jpg,9e16f0238ea2cbd94b26643f29024009df7b7de497400ee8631818c8f974538c
6616.jpg,train,6616.jpg,d750af0be3f3b987a3750d51dad67e8639b2301840ba2e6aac5e5c5275f5afbd
6617.jpg,validation,6617.jpg,307855de24d2bc9b072c8333325c2ebac349640c496dda4198af8fcf64573cc3
6618.jpg,validation,6618.jpg,5c968dff61800809e18d89fe9d8c7dd06e94aa62948baf9de549bb9a2e5a6e89
6619.jpg,validation,6619.jpg,dd1745770635accb0489e526a316cd11c84392fc085b6a04bb39d919b84af6cd
6620.jpg,validation,6620.jpg,bc72e8a28bbf3e29acea304cc2ab98b5957317301563e39e541658e2eb9d7434
6621.jpg,train,6621.jpg,0d41d3c97cdb1484497f7e074300f547031886cab7246ee7cc5a8f98a69195aa
6622.jpg,train,6622.jpg,962ad9b2c03b2bdd4c731c19e67f2b45e6054ae34180bfcc47e6c416fe8a51d9
6623.jpg,validation,6623.jpg,9b1672cf0aa9ec871e2ec64db4be6d007b8a7c8f78948771181132c815d4544f
6624.jpg,train,6624.jpg,65333a9747d01be37deefe465228d51f2b0517bc4db27558a779fdc95a08132e
6625.jpg,train,6625.jpg,c973cc09ee65b638c397594983226b850578cd79a7a8d0dbfb5c3d70bb872cd9
6626.jpg,train,6626.jpg,c995636bd05d7efa3dac1b4aeb020fc29361a7b720302dd4b4209f34470d94b4
6627.jpg,train,6627.jpg,5f900c05ca0b2a34059af69bff44f870e56a34d5870c9fb2fb026a2b9ff13661
6628.jpg,train,6628.jpg,2c166253bdabdacc8cd082ecd60fa5a5f797dd59da97793bce9857ad897e7692
6629.jpg,train,6629.jpg,af8105777af8293ed9b669a934575d2e76b0a4b1cdd45920927159acf812ac4d
6630.jpg,train,6630.jpg,e748f4744970d7ce850c6bd4b0798491f570f7da5131f8038a0ede6e53dbcb02
6631.jpg,validation,6631.jpg,5ea83d7b02a22cf6066b61c2117c19edea1b1b3453d3e1e7faa67745c0f0f1cc
6632.jpg,train,6632.jpg,91664889b8681c8ea9b79e65ada912ed344031bf364fd923963099c9daec7d47
6633.jpg,train,6633.jpg,b5b8a30788a2c74300c8b3ce1e7756d028e0a8edb22538c1808654fde138b62d
6634.jpg,train,6634.jpg,307cd23edb32b9d0e997ec2739a7fdf1c326e98a0a9ef4ccf99f6df848c18525
6635.jpg,train,6635.jpg,0b54c770c5698032f42f08a4a25e2d766ef9eb27eb17f6eda9ceaf703bd668a8
6636.jpg,train,6636.jpg,ca2b8966805778249d73735cf8f7d46ea12cb36beca5ab1b3a9e076bf0483d1b
6637.jpg,train,6637.jpg,433d80c24c7ec149f62daec18b43a84c068de458ca6847273ae0b7d40de2454d
6638.jpg,validation,6638.jpg,9e8f78bc91b6f081c2ded594cef2d4725055afecc6ed01ff9dc987db6f9a87ee
6639.jpg,train,6639.jpg,e24ddc2cddefb41bb184bcd594c1fcc36ec0a9d2dec22fc9d31d5fd64e55d07f
6640.jpg,train,6640.jpg,08f04794f932c4540707a7d4660a496b3667368967b16e784b468955deec63ed
6641.jpg,train,6641.jpg,9481cf243bbaed09fdf8b087d86a57a59de28233a4a044e93409f39fd974e18a
6642.jpg,train,6642.jpg,e8d93099fe495b651d07bed348b920d5968aa2d56a879b8862f9ae1d96e77885
6643.jpg,train,6643.jpg,dfb3b7236c4f7975de7f36551b08d123c2982dbfaa4b2c6b780afde46ed48b87
6644.jpg,train,6644.jpg,12b8024eb31b842ecba3259e14c755cde675948994aa68a551c5bc550588d547
6645.jpg,train,6645.jpg,40a93317cf2df23887e5f63fab2079dfb01670d2c81e98e8fc4db536bb89b761
6646.jpg,train,6646.jpg,d94e2706e97989b95f11bc6010306563f80b1f34d5b8ac577a204b6310fe6e1a
6647.jpg,train,6647.jpg,5d4b0f1fd2d2de58c6284cebfcbf78f64c2d6f37ed321089dd4b75e17050d392
6648.jpg,validation,6648.jpg,abbbe0c285ea4decfe19582f138215691fb13205e1306003d0217a08609fbc44
6649.jpg,train,6649.jpg,0f0c55bc7d0fdff4bddb3ef6fa01be63dade32ec12c1772514a2b6467d75f5d1
6650.jpg,validation,6650.jpg,dd139579fc38d02c2c226958b1daf1402049642c24d9de78dee9e1ce4b8fa29a
6651.jpg,validation,6651.jpg,e91317893fd11a4683c6dbaab81382dd5e2104db9fd95ddc1b4167fdac3274d5
6652.jpg,train,6652.jpg,028aaa636bbd90bdd278ed5116cf24f0767e2a229b938d7b9052876a942ba8ae
6653.jpg,train,6653.jpg,1db61499fee40ec249b047fccbfcb7402ee717e43a8db1aecdd6a5fea553e685
6654.jpg,train,6654.jpg,b5bcef3c30f266dfb6a6a7b0b43aeb4890c2af1daa8a40c259e2c710dab23121
6655.jpg,train,6655.jpg,1277ff1a0809918d44f4d88fa2163414359a317dea8bb609d0d0723e7c4bb82f
6656.jpg,train,6656.jpg,6708469bbd86aa3d86bcf92454ec583055b3d330d66b166654aaca301037393e
6657.jpg,train,6657.jpg,a27b697943f452093a781a88f986467fcc458f0b63a6736379cf1acac2c5725b
6658.jpg,train,6658.jpg,08e057a2eb7a44df8c5aae87e04cc3a44f1da6c486c884aee622b1f507c20fdd
6659.jpg,train,6659.jpg,48d1910aa818ee049cef8099a0285ac0c811c82b0cd8f2e2bdcfee63e655d4f9
6660.jpg,validation,6660.jpg,fcd77bf6b8c0421b6e254a3c3e69bd7b1d66f97aeef196760ef1ed6b1c2b81c6
6661.jpg,train,6661.jpg,02ca77aa7ba24859200870a0b8860e3e0565bdaf2f7d64a05d900473d0e5171a
6662.jpg,validation,6662.jpg,e5032d72548a2ed5ffef064a7f82ba0102a91833fd6f89ac0f4fdfe7b8734fdc
6663.jpg,train,6663.jpg,63f842a7dbf385d4754860805bba1b36491745d0ea49639c08597849bd2f9c1d
6664.jpg,train,6664.jpg,21d35a10fc4e45fb1aedfdc79c5372e6f973335c0b5bec97601bc3eae64afba5
6665.jpg,validation,6665.jpg,ba0e0256c4d8e8069ad4b15025245015f4fc93df3c3738902d69d44f558ef26a
6666.jpg,train,6666.jpg,4536fbbaa8ffaecdc6c825150003a08ea02fdadd767bfd293fcacf9f3f6a6358
6667.jpg,train,6667.jpg,a4052fb2061acc5f15c87cf081dd9d97a478764453c30fa59f8abbbad989e29f
6668.jpg,train,6668.jpg,2f9abdb47bd2c7f37f82190831af1dcc66957ee173c87ecbbffc073b6da8c379
6669.jpg,validation,6669.jpg,8dd143f2e77e131aa1b2ba35cfdee8410fd12c14df7f5c04fbc16fef0b1e142b
6670.jpg,validation,6670.jpg,7f8d3de1686a71395bca03a5f718db912e92e4bbc27067e044f30deebb227bac
6671.jpg,train,6671.jpg,8567089b1aa4689fc8d089d0fa8db08a0c59f53772b265d06f8182e82ecae271
6672.jpg,train,6672.jpg,785d11959a6a83f204d3831134a70a0e5b44981b88036a6d9d79a3ae94839f9d
6673.jpg,validation,6673.jpg,d6f5b59d4f35283eb0360527ab04fe5bf216b402533a48c7f200f65ce014753f
6674.jpg,train,6674.jpg,0dd316adc185f2aa46c311252344fe8b61b6b6a3ec5e9acdc5a9bff3ebe19042
6675.jpg,train,6675.jpg,0f1ab944c46e71e5864c8529fff929b06ee77abb1bfbad8a5fdb301ecba278e5
6676.jpg,train,6676.jpg,d949026caf14bcb9875060acd0a8104b2ecdafc437dda1bbe13d6f62349a0eca
6677.jpg,train,6677.jpg,5c3f36dd1bb13de7068bf698281f06429b56316a5bb35c9dbde624698e7c5fd0
6678.jpg,train,6678.jpg,01ff6f60ee65e1a466a43673e64f79a57de386098e31215082bdf67099a7df9a
6679.jpg,train,6679.jpg,088ff43f5bd323d6885331bdb91444453b64530b6bad82eef393423376aeead2
6680.jpg,train,6680.jpg,58baa89cc57e0ebfb5043acf6c613d106d87d1d9deeb6fbf46cfa84072263d61
6681.jpg,train,6681.jpg,edfe505e79904e2cd764eabac55426bcd9a2c8f949eec2b667b37af4cce7717e
6682.jpg,train,6682.jpg,a9d69b4805f10836e56d0a939111bb92cf40f9d9052982d7b48d2b2202db5f02
6683.jpg,train,6683.jpg,feb12194c54ffbc198834e0c3cbe426c66c6353aa10dadd645e6ea52003c983d
6684.jpg,validation,6684.jpg,82f511ff4df1c701ce7034556404d8e90d443843a77bd665f7898fa3e7d8c5ee
6685.jpg,validation,6685.jpg,c76d72bf2bc4a18681088050f535c60759f531c41b5988967d0d4589e0cf2f0d
6686.jpg,train,6686.jpg,555b6bec1f860a8cdaff7cdd4b1a1b56bb0ac8792c1a91576c9b2da3dd1ea963
6687.jpg,validation,6687.jpg,8e988122206a78ccc6fa25835ad8459df11dd32956f253336137a657e51df866
6688.jpg,train,6688.jpg,5a894991b0c454cb62c08fe672c14724d604351b436f2408b6dd0669ca7e3b35
6689.jpg,train,6689.jpg,6a10c968cfaacd3cf00bb6d076d23a228376d11cd12ca4f85ef2d2d7a0ba28a2
6690.jpg,train,6690.jpg,21a4cb1f6eefa5ebcc479407232ed88fa3458d9402a6d36698f3542edc5e15b7
6691.jpg,train,6691.jpg,fb030bcf3b1172cb2af2b782b255544f130011dc9d62789a7b27ab738a9aed24
6692.jpg,train,6692.jpg,b3b9d13eaf14f127e94a051dd4611a6b4d8adf286e263019e51737ab02959c1c
6693.jpg,train,6693.jpg,d167507921806b64c6fc6c7492a564c1957b21e5726c1a92e7ae0ccd94167003
6694.jpg,train,6694.jpg,f6ab8d5181a140f71eb3074703fec07777c660165802dfec7f29894bfe2d8a2f
6695.jpg,train,6695.jpg,edad445b824a1201877625dbcc259c5fb4924209e58b79bb6c9bdb13ea1ad0fe
6696.jpg,train,6696.jpg,d5e9485aa35cb8ece5e985685743cd5e6c18580666d2a95c0a87ac6cac3d5587
6697.jpg,train,6697.jpg,0140b90f8e1020dc83f384acd30e187dbad2f8cae4da357ddc9d9b22efd410e6
6698.jpg,train,6698.jpg,a8d998a5c2fcec15270ff87419692fc4277af975aac608707d35e58d0549f4b2
6699.jpg,train,6699.jpg,65e190a345e58d3cf10543d3f20837213241c72b1b2aecd8b3af73f0678a95fa
6700.jpg,validation,6700.jpg,ffb0456698ca64a53872df15f3e1a2a9f909e11cdfae751f62c83c05fee52666
6701.jpg,train,6701.jpg,d1a645fa3f3c7fc5528d70cb025ea45a3ac3821c0b73854304e48d0c2667b149
6702.jpg,validation,6702.jpg,ff1d6edd7c85a60f2fee37dfe686dfff2c7c99b7f1bb00588bf81dc93728a9a3
6703.jpg,train,6703.jpg,8a7833b45f8eeca8f6c2ae90dc4774e34f7f89be1ca32ab6c5490a1735e5456e
6704.jpg,train,6704.jpg,e896d994707101f0bc91f3605fa18db938f871889c3bc169e2da85c5d458030e
6705.jpg,train,6705.jpg,4347ebd548b90e5fe1dedf1b341eec3246be1e3f61341da63481077d9fbacfdd
6706.jpg,train,6706.jpg,f1ddff94d17050c7fb42d14fe5e5cbac6bd513f19a863ad535deea4a558984de
6707.jpg,validation,6707.jpg,de3b635362e6d2d7d1314856bdff7c315776fc57271ace4edff384de62f2089f
6708.jpg,train,6708.jpg,964e2717da2cd77fb833f526a913fef08f4ab0f71643880c38cf14d9375a1c17
6709.jpg,train,6709.jpg,26a940bae606d449a51317344794e9d77c89a7fd9aa415e07d8351889e62cfa6
6710.jpg,train,6710.jpg,9427579cb341323fc9ad0e04299de7865c65d22e499e5b1b0faadfd6b324b59f
6711.jpg,train,6711.jpg,357fa2d6482dce43aa48b75782aa910c9ffe6b6d5af132c355c9ba44b44547fc
6712.jpg,train,6712.jpg,2b96fc0949d2e6967c82d26036b88b6f9b6c04ed67f803eeacd07678f295868a
6713.jpg,train,6713.jpg,ed33cf7b4b516516808961e14c0c34ad960cd3b50d576c4ef6b44d6041498382
6714.jpg,validation,6714.jpg,4a5a0874f38bc21426eb2e3eacd79fd4d76cdc788db53f235750be380e67f78d
6715.jpg,train,6715.jpg,1a2385a1e7c6840560c4644d51dc6acb54ff2279a5c0145128258ee789cddb10
6716.jpg,train,6716.jpg,3115f069663fbd2a18bcd1cfd04e03e7f3962e5742fb544620670258506eb585
6717.jpg,validation,6717.jpg,d61f65183798d3d7b0856b9293ce4e98b2562e1b98bd0666c303350bab3859eb
6718.jpg,train,6718.jpg,97406ea63368f9c975cde9a3ad90e26d5e79c10969d8995e52d7c3ff59d4e7e9
6719.jpg,validation,6719.jpg,12c4b2a44be494088baaae4bf6dbe4d926a44d463ef01c69bb2dd03cfe42f92d
6720.jpg,validation,6720.jpg,4764019d90cabda3d3a3f2f8e12e418b7e6284c9f7a08f4c0d0664be2c91abfc
6721.jpg,validation,6721.jpg,2f447f08be852157aa0b5117d741b4e0783df5cc2615b7bd4ee0b22accdb1e85
6722.jpg,train,6722.jpg,aef18324f26eaf2fa23438e3a00cff03693b20258bd8cd9d686898936848acdb
6723.jpg,train,6723.jpg,4cebfdee05da8e39c8fc1be6a6978cc41fffa8101e3aa2244c32650f005e96ea
6724.jpg,train,6724.jpg,fbcddcfb21bf474d61ff0a5bbc538e6aed8e3328059ad5708921db3a9109120b
6725.jpg,train,6725.jpg,102620d3f115244523d1ce0135b4f2a0604a061081fd49cda341effceeb928c0
6726.jpg,train,6726.jpg,6e2b6add1a078a53d7a2273d3d2d816929c56634387a69b5eb8b54ff2bfdaab7
6727.jpg,validation,6727.jpg,3491b9622f5f6aca90b8df688b6fb58c0fdb05f65f9770a8eadbb3c527ae91ba
6728.jpg,train,6728.jpg,7cc6f09c130a7deaf5bb84ac93a6c3f2a393e7a772a1f9017ec6ab1b904bece4
6729.jpg,train,6729.jpg,afb70a2607d6871fb8b67a9a8c82f22ac41648a65b2911361fc6fae49e85d41c
6730.jpg,validation,6730.jpg,adea58f86fbc9c4d677d1dfd8121544d58253f6b70490e8e0ab9b4660ccabf50
6731.jpg,train,6731.jpg,ab03cd040e016338e0abde331a9882f905830c5586ea31722cf86f31b4fd88a8
6732.jpg,train,6732.jpg,bdd476468a4f47173dca6dd04f054dd95c0c57c016b4a39abcf4dbef65374546
6733.jpg,train,6733.jpg,7c44b01452fe35b0b1492bf75a119c66acb6d4636ff4623265d9942c3e8d014c
6734.jpg,train,6734.jpg,d37540b206af1a2399c8e08ac7c3f85cc39de6480bd777c593db559efb3ce414
6735.jpg,validation,6735.jpg,c73ea946f7b06cfa0ec05df6fd856e9f81f0f5639db364ce78b9aef04cdb3b01
6736.jpg,train,6736.jpg,15904b5f35707b863c950024a16ce1a48c7ec0a1a6ecd1cb162c045dce99956a
6737.jpg,train,6737.jpg,80cad0ae5b860af897bc78b911322e49f37d0b94bc802abd4b34de9f35d583d9
6738.jpg,train,6738.jpg,2f2540296cc501eeefb94adfe50063c83810038411b2c8cd0fa0365f21a5cc20
6739.jpg,train,6739.jpg,3f91538c995cc5d5065a64af645bf1f8f98061e8378025c03d91fd195bc32285
6740.jpg,train,6740.jpg,eee395d0f6dc8ce1171ec9aa642993856259e44f2313ebe810006c367a510f8d
6741.jpg,validation,6741.jpg,77e71c983f877782f5ba4e0d9f9cf7f001ae7268bc3bd0509fef528fac9797f8
6742.jpg,train,6742.jpg,452634a86c62ff2faec2b542a2b92c433de2c7103cd0c4d0abca392223690e87
6743.jpg,train,6743.jpg,3ee8f5385f492d63d3316c60cd7d5d2704c93bcb4f0028a448fb21c361d55b42
6744.jpg,train,6744.jpg,3b52614d785b4b015b41b4d175cfc9d9392249554d9fd889f650ba124053ad74
6745.jpg,train,6745.jpg,34e975294370c07f70aea7a57f8430f7e50430193eb834b2e9c0bdb23b2adfce
6746.jpg,validation,6746.jpg,0b3b9e4ec7d4ab8d1f138f7fead471b92f7e5f29816ee58543e9b60397a8b9b7
6747.jpg,train,6747.jpg,1d76a8f477bcffc8b0bd181fcfbfcf149754bfa7b0f9996ab0ba4c1e6a63f628
6748.jpg,train,6748.jpg,4e72dce6ee863558cbcc8434d1081333b93811fe7244fabdbec57b1ebe68fe57
6749.jpg,train,6749.jpg,3cdc37aea2e86d540568a12383b1264e508a4fb7e214aea8b95e51ae1eae6c5c
6750.jpg,train,6750.jpg,85f2c562933ad2f772312354a9c26f7a6943f5cbb7576a2fd3011be2fe540420
6751.jpg,train,6751.jpg,eb9b91c1a574b676025d8d4f954f2860ca4de6d5de60810d76329ad6d4583a40
6752.jpg,train,6752.jpg,d204d7c40a9344d5ea9d632729b891496d834d11f0348c2f8d4cf704d06d9895
6753.jpg,train,6753.jpg,ec66e198c8a17b1077f7ef695b48686617452b909b38e0e1e43125179b8b2d20
6754.jpg,validation,6754.jpg,c78460341306de7dc38febb41d594e19290a8d29998fe2533800cf429b2e2200
6755.jpg,train,6755.jpg,0659f254d8ffbb33868c313f4f54513208fd8b34b4cdb8a521dba1b875d28b0d
6756.jpg,train,6756.jpg,8e9b2d28402cde2f0a361d7b9b3ab0493c66cc833baf018ca64e064c35838e19
6757.jpg,train,6757.jpg,56a0967eda3a24d241128ec90f446a4da69e8224defefd4eabac01657d7f866c
6758.jpg,validation,6758.jpg,a215263caace5d5ff27e1be9e699b5a7f00d2eabcfa4800040600a3761bd2ba5
6759.jpg,train,6759.jpg,98e5abe6f4e7a53fcfb7dfa709d07ef95566d51655133a381b74dda22526193b
6760.jpg,train,6760.jpg,733ba808a795c50aa2bc4345954674c66b6eff0447a8c9d492de6fcd5107ce96
6761.jpg,train,6761.jpg,7f750bdfadbf4efea5c959f97475b200a95fe5e8cf68caa6f08347225af40fd0
6762.jpg,train,6762.jpg,493c3b22c0387972f251cb96a6fd3fcdbdde9bae7d7eaeed1e6df5dc2f9e8f72
6763.jpg,validation,6763.jpg,48a59cadd7c8f5c2162834b5afdaf216a218969dc3db3c967e5baa6d4e186345
6764.jpg,train,6764.jpg,957be9677fddf0e740606d32c43ff067dead640886a706bd1e4463b6e6f4cf26
6765.jpg,train,6765.jpg,584fc809426201b93feafceecce126063450d0a82fa412b9dd61044d0af85df1
6766.jpg,train,6766.jpg,5b203f5b90399b908ce33255ea48b488270b58289abb70a06a5017d232b2445f
6767.jpg,validation,6767.jpg,99f2460e05084204df45b48326e55936cd386813cbc70c560d19cb5495927318
6768.jpg,train,6768.jpg,30cc38c1b716849fbb034a0ae6bf657e3b1480e7583165aa7b5eeeeeb3ae2d0a
6769.jpg,train,6769.jpg,c5c48f5f65bb44c82619b8e179a455f1a03b6a2b24dc5c680a4d54626b3388fb
6770.jpg,train,6770.jpg,b355c0571fddd489ba6bcd02c690787f2af150e0541285afd990f7bd70a67dda
6771.jpg,train,6771.jpg,0ea2da78da5b23bf7f1ca713f43d9407707db7d7e335d1357fc460ebad5308b2
6772.jpg,train,6772.jpg,2f64bb94a4d25b809771e02c2419a0d4037d3125443afc20e551099d2537c3f2
6773.jpg,train,6773.jpg,3a18ed846bb61dff5e1e754cbe99fc3de50ae7636354a8f8ef26dbaf66a8fa0e
6774.jpg,train,6774.jpg,0fa9eb34d67724b9b7d7221edacdffd5e9d185f456b7e2f7789d1694b8b28e6c
6775.jpg,train,6775.jpg,f2375f7d42b31a7a2943fcb74fcce42c9263146e0ece1ed7c6573c459e72cd28
6776.jpg,validation,6776.jpg,b629779fd4619cb36d7236e7e9381734408374d9d71d446e98c3cbe43302cb51
6777.jpg,train,6777.jpg,0846ef19f0e2da57ca642de49c8fe8db9431166109776fe1ae19fb946f538912
6778.jpg,train,6778.jpg,14528784695a526de08a11656df4ad02e066c6f45a60f822b4aa803ed29505c8
6779.jpg,train,6779.jpg,75ba3d25dbe904c5ab5e3b9523087b32c6f44745435f6820078aec4fd027fd2a
6780.jpg,train,6780.jpg,4b515549c7ad84eaf1f581a62ef05c38b430f559d4fa2953f5a543394eef4315
6781.jpg,train,6781.jpg,f46ebca5ca58ad78152f0cc598994a15dbca9f0e4dd0a24b0cfdbdbdd9cce44c
6782.jpg,train,6782.jpg,eb52e0c0ce9bc77a35977330e8490ee2672786665c5503b855a4283e1ca0e6c6
6783.jpg,validation,6783.jpg,26e67850e7554b2960441646c14d8009fc7e9cf082708e1a83de77dc4fb752fd
6784.jpg,train,6784.jpg,860972a4b406a2f1a1835b44e4bd368cafe088047e19590e743df6f594237573
6785.jpg,train,6785.jpg,84bfc117d36676e44f0cb26682a029a8272fa7a2e7567ab265e232ae2a7d35ac
6786.jpg,train,6786.jpg,33b36878bf272a0aaecdfe4980d829252941243a3fe7cb8948304db9a834f9f6
6787.jpg,train,6787.jpg,daa2a878cc8323516b4fff48e66141115080b2d08c514d947a92e7e91e598d74
6788.jpg,train,6788.jpg,098c4611f58bfc2660d068d51e698111a75e213d02999682931e7a65e79b182a
6789.jpg,train,6789.jpg,da47c6d82d075f14a89b96911057bb823dd832c742b40c86a981cf10aa8db48d
6790.jpg,train,6790.jpg,cdf696816637c590a4410ac33b8085928700a8ff4b2424bbe233ca49a8827f83
6791.jpg,train,6791.jpg,909b9264854eca3091229f707643fad97ed5fb44b60b385b52917ad6cde39a59
6792.jpg,train,6792.jpg,3a540d6beaa5472fe9af982d03f83ab8f74865f36729f75af88def5c2d9a55f5
6793.jpg,train,6793.jpg,64b8c5c13ec4eed063ff9584f5d6410417445dcf03d9ee44db4f41433a168a0f
6794.jpg,train,6794.jpg,2c71aa1ed60ac5f6c9f8c4d5eb06d6b932907bb410636e9b3e867d1c429193c8
6795.jpg,train,6795.jpg,c7fb8510a75ba32892f2fdcde8c4b985ff0875802a8c78b1ff849a817ff5d902
6796.jpg,train,6796.jpg,c4b370e0941550676f9381ed773e035a3cef96b705f9616a8a5309a10fb0af19
6797.jpg,train,6797.jpg,e055a227665cd7d9ae556f079f4b873a447b282b906e2a74f0b43b15411d632b
6798.jpg,train,6798.jpg,3c3fca53031809b9d599c06d31427ad5fc06d74f61981d9b9db63856550c7326
6799.jpg,train,6799.jpg,93ffe019a22c55d79ac15dd15a5bb4cb027bf1e17faf90b4e77dfd5ddd8f1619
6800.jpg,validation,6800.jpg,774883f106d46005404b115574b70c578e14a64b547a5c9823176d27046c834c
6801.jpg,validation,6801.jpg,09ece4afa9150e7e7adb6105aed1fa0d70cfd4733f9933ee16fcebe7ef36c1bb
6802.jpg,validation,6802.jpg,638d55544b29939f8b3555ae2033cf5f83ad438fbdc63435352f2e2c90000f89
6803.jpg,train,6803.jpg,2521bc7dea58ead1a9858af0dc159d990dd4813bb98def0af50fd36dd557dad3
6804.jpg,train,6804.jpg,55ffa82dddd0f5a92d26d7d6524e90d1a698b19da20cfabcc500519f19635ee1
6805.jpg,train,6805.jpg,542ff56d131b563a64a916af6bd6d0db43cfe284a3dddd6ab61f6632903011ed
6806.jpg,train,6806.jpg,877a758ea7bd5499843fc8f466f82df6dadd328567f3bd24085059d192e820a7
6807.jpg,train,6807.jpg,edfcdd7aa5ee8a08e57c37904a4a5c3c14d8749257266ae2c89544decaebd25e
6808.jpg,train,6808.jpg,24c85d4cc31e30fd15211c942309d7002645ecce34306df7c1799e3f527d7272
6809.jpg,train,6809.jpg,e9ad39ad47a16848fb11990122fb34b9af84ca3ce56f1ba12308e7e51225001f
6810.jpg,validation,6810.jpg,a8ee04cdfa1852bf950e5ceb154dcb336d701c7441ffefbcd62b5b9cd69e7f83
6811.jpg,train,6811.jpg,68be6af70dee040caf363a3f9c1d822cf5cedaa57d201b994ba4c29c3b28edb7
6812.jpg,train,6812.jpg,9ba780d639c808323236fa282360705b84fe6f2db74e5c248a05f25a6b18cb5f
6813.jpg,train,6813.jpg,3652ed5ce70ae0573ef8d7beb15de0abc06460da9b49602db7d4f86ddc472be6
6814.jpg,train,6814.jpg,2d79dc30ea899a680fed0c76b6f159f6c4fe49949dd054452fca677e6cc5eb52
6815.jpg,validation,6815.jpg,dde4823734e9ec7bc0c311f9bcff8561c3e945d7e7b8f262e8e1c093b3895cf6
6816.jpg,train,6816.jpg,050795f12a6b24e8f695532671b6d7c4ae6c7177f1400a47c992e3dbb354dfb2
6817.jpg,train,6817.jpg,35c3a65bcb7cb62b18aeb8a714fdbabd61515e60932966fc14b5cd1a14055755
6818.jpg,train,6818.jpg,d0279fd1d315fe0db1cb57e9641b8698d2f8bad3bec7bec2ecd99f203fb5bad6
6819.jpg,train,6819.jpg,fe174877e2533a839226b3fb2698a265c571b2db1b0ead46d461e50f62a2c56c
6820.jpg,train,6820.jpg,b4b3a67b260de1b99bd20a56b78f2d610ce5ae5cf23cf13db8a54fb106256355
6821.jpg,train,6821.jpg,364b9392254709f7dbd40f72ad3380250eb5ecb279746c0d006156f6fa2ddb92
6822.jpg,train,6822.jpg,7bae40056c709583694e550101accef1f8e3ce9203ea8ba06dc1de6f5084be3f
6823.jpg,train,6823.jpg,bb1fbdeec17f9086a58c2eae12ff99e9be5baada73db10bb5d567a0edff19e08
6824.jpg,train,6824.jpg,f65df9ee50f6e0d3cb341ff9889cc9aee80093ce9209393e8b44ec1088e6e302
6825.jpg,train,6825.jpg,7e6f838aa53e5014566d0199c43cf2c54a3a6ecd8be2d4aff555e0b913934692
6826.jpg,train,6826.jpg,0b76157ae744ae642b3300d802fbab1538b1de743ae2c8e37df0ad4c82eaee59
6827.jpg,train,6827.jpg,da7f0f0ad208fd40e5de9a9c32c91670bb4251ef0cad6f1b9691296d842091b8
6828.jpg,train,6828.jpg,a19e4457d4bb50c52e880f9ebd5195d2230c8e251688eb43f452bdf4550a3bc1
6829.jpg,train,6829.jpg,8f1aa4828193460992568f87850bb0650c0666b90bbaf38cf21b7fef7d7fd8e7
6830.jpg,train,6830.jpg,da945f7157d1676df2ea9e22b78025441383d9c09f7602c33d3e5929ed9ee2f5
6831.jpg,train,6831.jpg,08ed505e58b4f24cc27459f953fb0112fa41efab3e3874e36661e665cd46c026
6832.jpg,train,6832.jpg,9f6def9d721295bb4a53fd6f6233c5765741655d1b858ea37d55e855f34183cf
6833.jpg,train,6833.jpg,9174e99fe59a9e55b5b11f1d6e44169ccb47760f3d36a1fe775cd6cf4a03e669
6834.jpg,train,6834.jpg,04a9d380db336d4e39804fc2cd47ee8a50106742c457e4f7c91f5f3fa59554ed
6835.jpg,train,6835.jpg,806847204628e93b2ef5b567c2fa7861613110a76c58059aed8fbac66954c32c
6836.jpg,train,6836.jpg,0ac8d8f2ee2fdf3475f9445b705c35a84229a600fbc099e5c0a64fc3dbf2a6f9
6837.jpg,train,6837.jpg,67471d5c84bc5860f8fa6e09f36117aa77175f647db162c3cd7aa9d81b1b4eb8
6838.jpg,train,6838.jpg,30de44de59f88756d84f72c6a98421d1c2fa6acfd85fcdd0c79f470fa4a4685f
6839.jpg,train,6839.jpg,01132de3103d6fff252c79c38cba79f2ec54bac813518b2289486419d73a31c8
6840.jpg,validation,6840.jpg,03c7ff85b528e70bf91ab5ea049cd3a577272673e09e4b412f31c7d0d7d2f278
6841.jpg,train,6841.jpg,3ba20e13aebb3a579dbf1ecea167ced8f5006bd30c4f03aff0bbd92577a7ba13
6842.jpg,train,6842.jpg,77cfd09846633b8d7de88f71c434223b5a4e6cd885c3bfad89e3514de7084a7d
6843.jpg,train,6843.jpg,1961cef98b252d5c78d87d0b627dee20302e6de94eab54bd0f784d069538b861
6844.jpg,validation,6844.jpg,4e6d5cd8861869d9d5e8797e1cdcbafe35a80ef6fad063ca3285ad805698095b
6845.jpg,train,6845.jpg,e924f3acbe9e11d9a6c70461b08d900d546570cf41bb9db95855375c9ed6c504
6846.jpg,train,6846.jpg,4a6048fe17f833767ba50cf3c0671f66407b42529bdde875a58b2089f81180dc
6847.jpg,train,6847.jpg,7df1664a82a7cd58af301cddd0165ea1c1974227589f3f7035fb7c0cfd5b490a
6848.jpg,train,6848.jpg,2b27183371c5b747c4ee908f01497a32cbaa4c8f193614c5ebd64ff46197d93c
6849.jpg,validation,6849.jpg,262a0de29d257a2c17fc3099837b5d655e4a82b6a0778833d3989df00d47b82c
6850.jpg,validation,6850.jpg,13e6d8b3e44331e8b01fce1b64e82717ce0c4e9507621a17b0fb70796e8d3bb1
6851.jpg,train,6851.jpg,a043a0a73d0e82cb12987ecd64ab8e85bd530c9b56013a4daecec2891f201ee1
6852.jpg,train,6852.jpg,39607ec6b53fb24eb786a15360e5c9c9f4ff63f31ee27c259b5fd5212289dd48
6853.jpg,train,6853.jpg,e19113686c5f249c1b0e3678be3b706a6a4a38ef02c6295d73dc5a90730db3db
6854.jpg,train,6854.jpg,7e28add74df2ad2f0b42c34f69d10aeb630f52a62a6c2cfb58eb38830f06d5d7
6855.jpg,train,6855.jpg,1262cc3275dec76a2c0d2a53085616638b053717c6d17896291f2afb33eff862
6856.jpg,validation,6856.jpg,208d388b5c6f0cbc38cc4a1b8505dba585f0968181cfd6db7ce62e2ae8fb6a81
6857.jpg,train,6857.jpg,840e063c24a7addf3e1b069a1ace82624e3cc83d8853404be5eacd9a35bcc67c
6858.jpg,train,6858.jpg,d10936b47a3ce7d859d182757ce49b0f1395184771a8e2481a040c2c0981fcfb
6859.jpg,train,6859.jpg,784c2af12b165ca348672ead468dfa723f26dee3acebc5fad673a3c4fac13fae
6860.jpg,train,6860.jpg,f007b5049fc720159d8c9fce16a2fcdabe88af86df7f0b2e6b2cf4575a90720e
6861.jpg,validation,6861.jpg,4f1a563c13b7212985cbc3a4425201ab06e00ed3319b668199b75e9054a85604
6862.jpg,train,6862.jpg,f2f0aee8fc17b1b811b20590b5e543d9b272c75c72aea79fe6a51d4011249c3f
6863.jpg,train,6863.jpg,ad5b9cc1b430e7546f6cdc9c4616cb56e0b343c93aac46a5e2960f4954d2c0e9
6864.jpg,train,6864.jpg,8fe9f5340d3aca56f283487b028e3c1ce5f3dab36662c1380e9a0e50b8c99a15
6865.jpg,train,6865.jpg,a97ce3d102a7fca264bc7d4c0deb901b02db894d1b74767832cd9626eb90e7a5
6866.jpg,validation,6866.jpg,91d110c46cd49da5de4cc6bce2d37ad92cc8e3f2d55111a98f98e2307e71e83c
6867.jpg,train,6867.jpg,a3270fe8a06cd9e6e41e7dd9b6d939ce561aebb1b133a02cfbcfe3f7865efb44
6868.jpg,train,6868.jpg,e4c244d7149b3e608b01af71ef0609b92df49903ed81abe12d9e1c899f5adba5
6869.jpg,train,6869.jpg,422b089b4bdb2401c0949f2fe1cfb0805c24023e58895a5b1f33c26e5845213a
6870.jpg,train,6870.jpg,cfd412741c7c11f026a646a194e667012de4e4c6ca87e162ef325cb6cbb6a98e
6871.jpg,train,6871.jpg,7edd26d0ca552ad808ce27fc8ee28f4c0b788e5bad6d72e76597762e5d0a7c35
6872.jpg,train,6872.jpg,97a001e4db560e29f7adfb4c2c42b07e52dec78332bc5dd074f67e61e90ab77e
6873.jpg,train,6873.jpg,bd4214c7b42f3c0e939385e1b7d4d1ec2e02a009015a2d60e83c7c3bb87c6198
6874.jpg,train,6874.jpg,8d75262cf55ea961511b46b27333bc19455394c35858ea04429a7a235dddb5d9
6875.jpg,validation,6875.jpg,1d61d782e9b8c218f705fa1da75d5794c4764a948cd3cdbae0fab8a41727d8db
6876.jpg,train,6876.jpg,a39e11dbc0cf127ecc9b92cb438f79669ddfdfd3e3e32649e01cdf39cf5c086d
6877.jpg,train,6877.jpg,1a7b1593197b56d640896836aad40890abd4c5bca335955e2fbd20a1dea13c27
6878.jpg,train,6878.jpg,8591240173b6e78b9bb88402f8c0d62ada8202ce41ec4552a9ce4c4d95d3d4d9
6879.jpg,train,6879.jpg,0c4d32d220543a394531bf3cc4c19ba41cc47202e5822cc9d59c77eb52f40a0d
6880.jpg,train,6880.jpg,6f3a94dafcf2dde71e7ffb4a6bde7d7229a1b2fa1914c49e43b5581aca400a35
6881.jpg,validation,6881.jpg,473c771246203cafc93da47e76c418d1df8ea9b7fd07b43d231938e5950a11c8
6882.jpg,train,6882.jpg,a6e6b11be6c6d5b718a4d6d719d1c55bfc9323918f79d89a2a23872d44b366a3
6883.jpg,train,6883.jpg,eb3362a7af7a4c26c3b0b93a1a7c24eca21760cc4c973bd92bde0c1af55133f7
6884.jpg,train,6884.jpg,70cffce880f8924f74c52b2c42596b2bc33fe557c13921a9544e459d979a2420
6885.jpg,train,6885.jpg,3567aa1f15b016cf18e54278380b4fc3499fa35989c9e8e22478a19bb79ea096
6886.jpg,train,6886.jpg,5df2ecd0a71f0ffcff400a76a99869238be4489924ff31db358d2e8e206258bc
6887.jpg,train,6887.jpg,82d9dd80e58738c5db3814a78fcde2c5703a6ff0f7ad1952bcafe7ba511ffcb7
6888.jpg,train,6888.jpg,2865cf385b857fcf80a15b3b3160a6deced9202b0735cb390b592200a17b0a26
6889.jpg,validation,6889.jpg,f867a618d42756e5dfd9f60cfd0e938e74be9cfe39c9577205dd188bda20ce04
6890.jpg,train,6890.jpg,4e25cdb2c286aadcd9e04be833bd6c06b682312cd34236a9b59a7ccbd8d95c0d
6891.jpg,train,6891.jpg,583640f58b67274e2ea66d49ac98b8900e6e8484eb89c4d81a972838d9dbb61d
6892.jpg,train,6892.jpg,e9390a2260848bb9dc77a23d4f714666456723f57c4614321d5d244729b9044e
6893.jpg,train,6893.jpg,ca60be3286e78d6729ff9e2651362f997e07ccd869e85f2ca59a11f3bc673bce
6894.jpg,train,6894.jpg,b946bf5a0c33cb95895072b9d7451b5e0ea5f46c8b0a5cbf3102b8bbeeb47bc8
6895.jpg,train,6895.jpg,a7d8e6392053a8c5dd79560cf8ee155094de92f1624396ab230957951504545e
6896.jpg,train,6896.jpg,c7357812d6ff8483e3ec05486081af5e048a6b9b7fe0672fe844bcbdfe4f765d
6897.jpg,train,6897.jpg,57383599d9dd65fa75d36071494ce1b54eb4267a199bed3d8a55707477144c24
6898.jpg,train,6898.jpg,6c634253031cd2cd366e3de0d8307de4c72384a988d50a6dc9c0e558bd4b27f5
6899.jpg,validation,6899.jpg,4b408d9eb37db5ace460fa49826fc96920e91f80eea14355e74c0f4b4ba7adb4
6900.jpg,train,6900.jpg,73de92e14def98d5c4d2d90be26a1ec49f923b5d45511de8f9e08611484448f4
6901.jpg,train,6901.jpg,43d967ea8bc6491e0d97f6396aedfa65c158f6fc4fde8667a72aedbcc4c70477
6902.jpg,train,6902.jpg,5fedc6a7913605c1cd55f329adefb5f41253e27337df81bc88abcc5b5f654b3d
6903.jpg,train,6903.jpg,38b8693bbe8539b13c7bb89aeb01cccfd6e7c5697064c04c8125214cca779e6c
6904.jpg,train,6904.jpg,354c142ee81b8a605267b83905c266a80b6b643dbec8e4ed75027301c0e75a3f
6905.jpg,train,6905.jpg,c4be8cbe7497e577d726ffa1cff2d4a319a999693b86f359321d7b1ab3658b77
6906.jpg,train,6906.jpg,4723f2764bf3209e6ffd052c0d7eb417fc65915fa4587cc8bc7be8f6d60bf346
6907.jpg,train,6907.jpg,dad597bd63ba8e94708d655bd7f91db81c06535b2b4cba56c5a7b79990d3475d
6908.jpg,train,6908.jpg,d887d9acae34a27f7143e5f911388f6c432b18442648e34b974cd0db8c16d105
6909.jpg,train,6909.jpg,4083e6c1277b8ed5922d70998b7f89a3f8226b5c8680d6d89b25d1f4a15df259
6910.jpg,validation,6910.jpg,5af57b19fb58915119b710055325ce013d594f771f41462f2a35ea46de369e72
6911.jpg,validation,6911.jpg,b669384ac1df8cfd3a75d3f1043a14d0d55685cf88cc5bf2e8f80241efd7fb90
6912.jpg,validation,6912.jpg,1fb32c926ebf136a75c95f90ea41d8996d3cbc86f712ae76dd13d8ba72c8e91f
6913.jpg,train,6913.jpg,556e3a2a2c0de5590c046c4eb2116f2bf77d2d82bf1a475872dc3d4b66788b73
6914.jpg,train,6914.jpg,f83394a2a9c077c656a6e7bd0974162043352796223554a1ea121ae660b69b24
6915.jpg,train,6915.jpg,a533e6646e968c239deacc7e2884c5ab29bc8dfb8601ed50a88c1bd81911d903
6916.jpg,train,6916.jpg,803b004cfa3430b70ab47948b81ffbc43988096a50345861a20fa2c619bb1b8a
6917.jpg,train,6917.jpg,7ff9858fadb6bd5cf6d610f5e82353285e5502fea61fd2bd013fc59d8c92185f
6918.jpg,train,6918.jpg,ffe3a96d52413e0f8afb0b0a8b90eaff63984b8124d7b2b7fd7fe48b547c2634
6919.jpg,train,6919.jpg,1bcacb810c626214aaa27426545b3d8f8adf9654effac84c31824c9203d5fc7a
6920.jpg,train,6920.jpg,b15e39e94fdf4f681849abacf7853d60366c9035b926b265c28dd6707cab3208
6921.jpg,train,6921.jpg,15f2708864335b1b60dd40dd1ccaa6088b8031e2cc40d9e225d4491789fd4a5d
6922.jpg,train,6922.jpg,ec93f86e2e8d8b76e69d46393aafba1aa66758b222e577fbe91bb8e158d656c0
6923.jpg,train,6923.jpg,87d844eab8d1e1e80ff377918bb438beb155cc212967099a9421fc4eacfd789b
6924.jpg,train,6924.jpg,9ef0dade56172559e2b4477dc112ef173b971eae95de18c11f6daeba81a10cb6
6925.jpg,validation,6925.jpg,561085d7ab751d63eb627dcabc25b006833a3f404877886d786773f6b347375c
6926.jpg,train,6926.jpg,2292c13b77c3978b4be769b268652b238c8e29ce29b1b5aa7f0f6904978b037a
6927.jpg,train,6927.jpg,36e97f8945b9c4e6765c2a727a640bf947ec8d9553c11492498d6ef8fedf8e44
6928.jpg,train,6928.jpg,2e58112e9e91bb80acd6690bd53bc58d36363b94eff0ef1eae4a67efdab0c725
6929.jpg,train,6929.jpg,0623591d3ae113ee61a7adf47dc52a9d19f8de73dc70826ab8b7b2034a9e960a
6930.jpg,train,6930.jpg,172ab9ee34c2d2c227fcf35db126bac37e49841c96784becd4f03df6f6aa2c2d
6931.jpg,validation,6931.jpg,e0d2fa3e32edbe4f9600de96be17572cac4c39420b46241aafae595938c2f3b3
6932.jpg,train,6932.jpg,9ab18c34a889f02650f269ca99738fe32f0704197d18fca10f3ec8f3392ad233
6933.jpg,train,6933.jpg,c2c5633916beb48b3638a18466746d385beae9b82f706d33ff9ddc6ba8fb7585
6934.jpg,train,6934.jpg,aa1615e2baacc53901996913bffc8c62f00762b1236ee32a6611cc97a8ad4c7d
6935.jpg,train,6935.jpg,7377dcaf4a2102c0d3d9e47e0a4061c731a99e4ec6963230d4ad8b364064f1dd
6936.jpg,train,6936.jpg,d329ebeb4a60585423f73a8294da0fa9e52cf0737cac3971236734e6bfc2af1a
6937.jpg,train,6937.jpg,d480aa96a374f19658ab1b4b4eef01faeee147c6bec96307f30e2f8a1ece8e33
6938.jpg,train,6938.jpg,edde42614c24a0a98f67ff06f93903e03041313b978d8e57aecbf2513d5be4db
6939.jpg,train,6939.jpg,915e984e82a1de893551e2f0a83cf3a0faec482ed25acf8a055d475f2dd5d53d
6940.jpg,train,6940.jpg,2c3641165acb697a9cc498031e0959999926f6bf5d7054cbb55e526444dbcb91
6941.jpg,train,6941.jpg,0d4323f21373d3397f6a298e96f2fd876e950586b527e01f8ad0b676f764ddb5
6942.jpg,train,6942.jpg,f31b9aedb34cbea3d587cb12bfc8fe03f4c1d3b22a52d4d414aea43fa57571b6
6943.jpg,train,6943.jpg,59c0cba3c7af4d0bab73ecb8e54b03014216d3c619a69f84fa7a1c051c63014b
6944.jpg,train,6944.jpg,cd30e2af0b83252335aa758eced0ed825d6bc5006282c99208f4709116dc1d86
6945.jpg,validation,6945.jpg,297e56a603f12ba8fce1b989a058db2f06147019bf605de3a1e7c2bf1438687c
6946.jpg,train,6946.jpg,27d704a6199b6aa2fe1628f1107732a458fd3c9bae2c83f4557bd5958ab8e50a
6947.jpg,validation,6947.jpg,829ce5fbbba4486068dbe7264b4dd2b2c6d2d7391e306ef2ff6c9bbd77e3aaed
6948.jpg,train,6948.jpg,b12ae78cbfe3e9bd0fd908c90127bc4445cd1ef6c423bb35bf6ddf10e6dca2e5
6949.jpg,train,6949.jpg,727ed6c4b9f91dcbef2ace0c2ac640eae94f6c657b8e90eb536ad4452d6e0970
6950.jpg,train,6950.jpg,654a0d38141bfe161d06832dee7c0d517ca1c8f0cfc608fe868df27801365e74
6951.jpg,train,6951.jpg,51aa35515078b5a74d7f8bae0285557f7e9c6cf3b50986a615cc775fac70d66a
6952.jpg,train,6952.jpg,4e97850c9319984cbf13ce29430087935b700d997c800e0fa73f2bc4dcef4621
6953.jpg,validation,6953.jpg,2cc8de4e117ded3e62d77dfa970c06fdb3c1371339cbbc6452dca6d31fface9d
6954.jpg,train,6954.jpg,a6688b1dccfca5387896b95fc38c084af1aa19cb04cbc2c22f05d69fd46b08d8
6955.jpg,train,6955.jpg,b6e3a7a310adfe5ffc55f2c63d5a82f640c27c4e9c6365698b1648306b02a5a8
6956.jpg,validation,6956.jpg,be4e60f82ed2a8d9a7d6d7469cf7f00fffa44c407231df5e5fbb92f1fa777684
6957.jpg,train,6957.jpg,f7769a9baa86829287147b457fbbf64011338aad12a826cd9915e35f7de781de
6958.jpg,train,6958.jpg,c5f4ca9e58fab866228be4001ef200918aa3c15a58246903e8c2e35f9e9a536f
6959.jpg,validation,6959.jpg,0c2d3c5eb27668bbebca967f73cd4e3d56d949ef226544e3cbe2ad6bf634c0e0
6960.jpg,train,6960.jpg,dbfad732dfdaa83dc43270cf7c31feab3131cc7912f198941ebe69ecc443c5e0
6961.jpg,train,6961.jpg,2201aa568f8db7b3962c1aa7e626d1d7ad95d012dde118aeb47c541d65ee533b
6962.jpg,validation,6962.jpg,cd25fd8fa5302e0eeceba4a0e1a32892e0a18dcb4f31f5ebf76813d1d7d7ec9b
6963.jpg,train,6963.jpg,e6a610d11b32c8a9ac79114f4993401fdd436fb87e70c35c5080d5f2e575079a
6964.jpg,train,6964.jpg,bdba28746f1dacf09bad3bb25a31efe13376d61aba75d9795ef4dc7ca3749e2c
6965.jpg,train,6965.jpg,aca6fd054dbbcdd95877d1178c3e30f5f1a0e434f951df16b1aa1f2eb28aa404
6966.jpg,train,6966.jpg,a45b619ae49e8c1d70dd4734701f270c0387dd40d0ebf7d011d52f20ce49ce09
6967.jpg,train,6967.jpg,ce756f34ca8d0b347db82b27ea9f5ea3458ed2d825e80be3a0475d466bd979c1
6968.jpg,train,6968.jpg,8dbbe8a5ee9418bb2c253f7d17a13c8d4c0b99869362712312067d1d71d8c395
6969.jpg,train,6969.jpg,b254a13bd0971d954f3b8a601e28616210943385a32694dbcd170cb60b4f43e7
6970.jpg,train,6970.jpg,ee12192297d844652be68068c60b2bb5c2f5713af6e3b7749f366a52dd8eb67c
6971.jpg,train,6971.jpg,9b61c006d55a5ea73ff65157c917d7baa58f98b00b7b15903cefcadffefe7323
6972.jpg,validation,6972.jpg,f310742cce7106804aef695858537e4fa15968970f8555370d134b7c7b3f4b7c
6973.jpg,train,6973.jpg,b60b080dfb7cbbaec660ee1fb47d76c359e33fa43042e08a14f28bcd5e4bdb2d
6974.jpg,train,6974.jpg,aebb893def9b04c7535228cf843ae3adcd659832e66615728d3afae8f8c783ec
6975.jpg,train,6975.jpg,9426aa1af73191698cd9e72f6101346da929647315449e5e6bd1a0e408b90dba
6976.jpg,validation,6976.jpg,007eb59ba16badc0355c3d14c1432e7c8c277c41e9897e43035b06f63ab4f7d6
6977.jpg,validation,6977.jpg,9a29271ac496bacaa19dd8aa0761cdbf4adfad49e8bb430922a8565b449e746a
6978.jpg,train,6978.jpg,abca943e11b13d7beb06521124da24582497271ffd912fb7b5eb6a4ae6f5a6bb
6979.jpg,train,6979.jpg,c4e8001c3aeff2974e7d0e039aa08edcdc800baab1bf86cbc5b9af2be4048ee1
6980.jpg,train,6980.jpg,44f99e562c3662e97655a86a543bacaa88cc150c0821fa93960d021616505c83
6981.jpg,train,6981.jpg,2fbc8bb821e96e0ea3fbb504a6aa2d2aee90feb0b62b80578e64eb8cae93a5bc
6982.jpg,train,6982.jpg,0f8436dad1642d5489973873103a9789e51ba1cba5678942718622a8626bacd6
6983.jpg,validation,6983.jpg,da56ecf2010d27e816cb44fdf760270a5c89c8636901fe9d602c3c1fe1a00c73
6984.jpg,train,6984.jpg,16fb85cf9177830231bec180b02a50e07d64831dfb2483aea169c21111d5526b
6985.jpg,train,6985.jpg,83d60629a73111e8c108343b2455d9d6aa453bad099638da1743f2bcd9f767d2
6986.jpg,train,6986.jpg,2e5be07855c744c882b565739a7c41184568cb252b97f2c4d860d168df0c4296
6987.jpg,validation,6987.jpg,bd4b208599753a9a8ad3a72eabddfffc7d5b600eed99bf328ebb30c7a9e440e8
6988.jpg,train,6988.jpg,4c941d16f6eacb96cb13fbf82cfc1082ca61690bfa45238f2f06ce6dfbc92c64
6989.jpg,train,6989.jpg,65ea82600627d870bc55e6a683b407fd9a0dc59a0a7abc7dae446e9dc201a10d
6990.jpg,train,6990.jpg,04867f01690aec42f8ae7d7e8eb7270b6eaf57d680be75e4df675753e160e060
6991.jpg,train,6991.jpg,5600b92873ccaec202f10e6355a2fdc48b7691f675a6e0cf93175533a442d535
6992.jpg,train,6992.jpg,ae5e6410b00a3e46b5c36a814e1230603fe85873fe9299925139b717edf5d0d7
6993.jpg,train,6993.jpg,870eb7a2f3c83c53ab623a17cb70884801af3be7615aca1cdaf0bea6a088a46b
6994.jpg,train,6994.jpg,d9fb112c50c6bbc8dfac80095c529dc6efb5b543d468455f9bfd67e30acf4c3a
6995.jpg,train,6995.jpg,b872b165342fcf3ae6686c26c8baf4679aec2ec0e55b20972c1143709b162a56
6996.jpg,train,6996.jpg,c211bf69e7f8b2d268e6d13a889f2132377d2ee50a7aa8dbf029755c1ea9a4c4
6997.jpg,train,6997.jpg,c5ca1dc1e6084f4b5717c9582d864d79a7f24737c5093abeb40e3514e62bd97a
6998.jpg,train,6998.jpg,9d1f54cca6ff2e4965265651af537413b5a44013368ac0ca73e5258bd5ca059a
6999.jpg,train,6999.jpg,af5c9a032fc2008a1e04464beabe46750f45896cffd85c19e3957560d42ec8b6
7000.jpg,train,7000.jpg,0a275b59df7ffdad26eefa00ce14b492181ba50d5766e3ca5829f0769626337f
7001.jpg,validation,7001.jpg,a07c181a2983a607aed309871fa64784002d95c8ee9903bda9c7267d4d90be6f
7002.jpg,train,7002.jpg,deeeb7e489fe793237e4bb7335412fbd7d10f2798d06f11d95c2ced11db8963a
7003.jpg,train,7003.jpg,10479f2ed54d532377248cd794d1a4d1d3bf8b913d1c06abfe63cb946dfe4051
7004.jpg,train,7004.jpg,af873f4b5b3171c2e1a450e04c513b82839263e08ee5904e3582c0d98bd47427
7005.jpg,validation,7005.jpg,3d01eea426de5210b0a42bbdee4aa4244fcde3bc3eb39be4df635d97da497d6f
7006.jpg,train,7006.jpg,574dd20abe67cb95149b2b44659f6c476373588f85c8d297094dd6e36a8c275f
7007.jpg,validation,7007.jpg,3eaa4008b857075ab8c03842e14225ffa5a13815396fb73c33f5b4663b115331
7008.jpg,validation,7008.jpg,b07c44212bdcd4bcf788b53131472a0f091dff72786275782b8b756c2d3c23c9
7009.jpg,validation,7009.jpg,59bcb32744a146e9fc2faf99fab36506085278cf5eb7409aca57c39193827ae6
7010.jpg,train,7010.jpg,4af530c2d1557c54651f2704c3454937314709edc0c6458bff40beb361e4b6f5
7011.jpg,validation,7011.jpg,12d1491c2dc6bd50661ca0fd42e2ed75bfc3b3886d552cc45f124e680c2c49e8
7012.jpg,train,7012.jpg,18f0e50fe7ae77554481451e983b68a009ed925795eed8ed14ad272fe6daa38b
7013.jpg,train,7013.jpg,a9bf3a1c4997183525f42ba49cd864488fccb5dae371f1238b75085cee112b64
7014.jpg,train,7014.jpg,1eb1254f7a648041141383504d11f816f19c0093b99bd00e8d0988867c3f6dec
7015.jpg,train,7015.jpg,310edca93a5793d5ac62f7cefac6e3c3bd49a08be54fe89e6e8a49ce16b0ec41
7016.jpg,validation,7016.jpg,380e2edaa137893220107076787a89847e59ee94ead983d2b166f9485871c771
7017.jpg,train,7017.jpg,b6931a7e718d9056ca477325a08de24c70463c3eb13e2b2c7b780948ba139d0b
7018.jpg,train,7018.jpg,b7b5f799b6a5b83134d9595ce3da8dd276f22be4d7e969e1853c3dc9f43bb73b
7019.jpg,train,7019.jpg,6d2eaea5562609a191de2a3cae3d5e9a929782b056b488d67c03a4ba7f123734
7020.jpg,train,7020.jpg,9376adb7c6fa43c2641217796c07fadb69fc314d298830db875c96cddc86d3dc
7021.jpg,validation,7021.jpg,d81023df261152e5f7d8b38e3d35bf88398cba4933b282c6b7c5f8ba25207700
7022.jpg,validation,7022.jpg,fdf8bd5f29cfa119f1df93f482762ffab6d870c7718d4978e79c91fed6147c86
7023.jpg,train,7023.jpg,84a451c41bd9ad71e548f2c3c8c15340dfa61af2a79c63f34214fa3ac5a66243
7024.jpg,train,7024.jpg,08d6fef479d93f944a078fdd866b0fcada26b9e3b19d94110f45c804701359a6
7025.jpg,train,7025.jpg,cfbcc37032aca191e78d1b2f1446d7c7e791e7a17f1194e4624e509b96519bf7
7026.jpg,validation,7026.jpg,f50d1ea72966608a17759a89465f8ca194e805874c5f011fc7ad0566ef9f64f0
7027.jpg,train,7027.jpg,5d2edbd30456cb2da36c76825483600295acd5e56dcb26294309d076e9a0b919
7028.jpg,validation,7028.jpg,211018d28d512beb83122488752aeb8312cac75540de67d7c30d9c94cb0aca95
7029.jpg,train,7029.jpg,33c4e6ecd4a25d3fafc7a4c30671ae948fd8441494336bf259de2c603a7abde7
7030.jpg,train,7030.jpg,0adef66d3592e4c22d33dc49328ac993c75aef0e06b1104124fc62b9a1f72464
7031.jpg,train,7031.jpg,f008deb7176d655500042b970b48239c391d7a7cbf536165e0f5060d54318aad
7032.jpg,train,7032.jpg,fdc35184f633babf70715c589f3ffa3a28e9df260abbdd318d82436eeb86b3c1
7033.jpg,train,7033.jpg,338d400901e46c511bbb362dd13467e976bd6b56f321c7cdafdcc56a912c6eb8
7034.jpg,train,7034.jpg,0cc76f86087608d75dac668c93aa0ed352b005b353b479612ac6dc44e3a435d6
7035.jpg,validation,7035.jpg,d0c01f0fdb51e8a72e358218c1fcf760849483b6a3d1a25a2c57cdef5087f625
7036.jpg,train,7036.jpg,7242eb63c22bfb10478e6d3a35fc628af94db560d15b40a836ad6e40c82d59a1
7037.jpg,train,7037.jpg,273f14c32ef6bacc0762e1e4640049fd48f92b43177f2a1ee79416e567824016
7038.jpg,validation,7038.jpg,063012dfbd7f9d2baf1af4785a3324607ef8aa2a272a5e0377528e8aa43b6310
7039.jpg,train,7039.jpg,3c3b4141b028c112d8cdf0530ac85d4ed2cc41639884f56e1d8b87ab243443a4
7040.jpg,train,7040.jpg,8fc4817329c45fe4c109b8b60c24e68879797e33e518a69bd5c12d6739c77caf
7041.jpg,train,7041.jpg,e143aa00f04ce35ba98a9c8387d483de14dc833b62452554e720f1f9e9d6b392
7042.jpg,train,7042.jpg,40da255ae6baf74683177fa372f4de85c6e9fccd2bfd357e48bf03d3aa99206f
7043.jpg,train,7043.jpg,9b670a334e3c21e6ec72455daec7845acc620aa69215dc87ad28b61bd6b17095
7044.jpg,train,7044.jpg,a0ee431a822e98dc27b6290c1e50f0c981dcd20843d6947285207257c02944ff
7045.jpg,train,7045.jpg,68df7051d1f5a7a0e3647f7da2cbdca2889d8d3c5faa6014f12f32f273afdcdf
7046.jpg,train,7046.jpg,22b130cb3986ccda3290d37e5a24dab7ad9cad43cac39e7008b5fcb4d305ba3c
7047.jpg,train,7047.jpg,ef1837d323e0de9a098aefa9cf3aae8d27c1e3bcc2efb544d9ab7ffd5958c7fd
7048.jpg,train,7048.jpg,31e8322aad8701e61ada33c4699e70aa3b3be48cc439aedcfd849f96ad81ce84
7049.jpg,train,7049.jpg,a824fc7cfa3ed9de693e5c036401d8f75ff1cb95bb55dbee296739c3e96f16c3
7050.jpg,train,7050.jpg,4b88002222fb5c1ad37be52f37d5b99e9bfdeca921fc80bf7a39d1684fad463e
7051.jpg,train,7051.jpg,3a26fda99ba8e1b4c466864dd26bf65ddcf3cd8609b69dc052e844f785d494a2
7052.jpg,train,7052.jpg,fd6badf956c9e7d160640c4809512c3270f87dbf14ee141aa4858a4853708d35
7053.jpg,train,7053.jpg,96600f5a05479b0516decb12486f7a03faf6027d2f83e9939d6ed11b1d77cf4b
7054.jpg,train,7054.jpg,18dfb14c4cbc463a0d75015de981c892f4e99967dcbf2edf0624f900d5b86d8f
7055.jpg,train,7055.jpg,60474ae5595e715b7830be4218f3fd03ce15e00d9cab675a48d09672f47b9df9
7056.jpg,train,7056.jpg,69e4553bc012e58c15e499b34c80cac1fb512e19dc55ae0856cda5abf73d22f2
7057.jpg,train,7057.jpg,0695e6b242a797fba7890cf5f94789e2c4811df1c5ed6ffa4b6be745b694c544
7058.jpg,train,7058.jpg,8b3332bb466555da12e17e8f82a009a8754179061d39e099ec690f8aedc0d002
7059.jpg,train,7059.jpg,76ade7af5d8b7b905bc20e31c97684f03026900fec5530a510d461ab181eb76b
7060.jpg,train,7060.jpg,af34a333084f04fb916068cc1fe71818484b29e49a1b818ed6dfc446058b2953
7061.jpg,train,7061.jpg,9a09b82e9696dc38572ef4d86ecea7c53e76a6019d34db9646916acda46b1a40
7062.jpg,train,7062.jpg,2bd1477d327b51721d68876a70b268d55cce9510064a1d399339b057a8982757
7063.jpg,validation,7063.jpg,97c870f381ae98faeb613ef1f495348e455c1128ea73b967559eca34c47b0990
7064.jpg,train,7064.jpg,1ffbdd8b4442e6aa77fb99f3911f080bd99fc6ee39ea3007cec626726d2b7975
7065.jpg,train,7065.jpg,13523474800fa39f16402af51fa15a5c9543292193dc6773c10c106d18c65d55
7066.jpg,train,7066.jpg,b79fd03c83810669ae6e4296efa6cd56e0e1e1dbe4f1db5022c590a13c4d506e
7067.jpg,train,7067.jpg,f85b5af645a1c9689804261f660442adad65afa2c67c368bf08748a3424330a1
7068.jpg,train,7068.jpg,380ea76f9221be9f0736392298cd81f227edbd12470eb8775d8dc82b2016d01d
7069.jpg,train,7069.jpg,0bf38e44d2244b175f4426f52e1bd85b583bd14a37bdd2a2a5b73de03f2bd2d9
7070.jpg,validation,7070.jpg,8bb3331fddadf160127497f5cfdffe2dd5927563db975087b010fe433fbdfa00
7071.jpg,train,7071.jpg,3d75b9e8467d3a1dba43b2295df5690498737b7f4eb1b81de2e89457064555b8
7072.jpg,train,7072.jpg,fb6f1069f303b72ad620972e2ff4f9341e4bd682bb09c7a905e5139d827bd75f
7073.jpg,train,7073.jpg,a7e422bcc9f77ee2d9ef7c3aed8d1a99f9e8d5d93223a53a9f3679fead51f767
7074.jpg,train,7074.jpg,25ff455c70eb591dba13cad64618935e80e9472722d67dac785286851f9d4cfe
7075.jpg,train,7075.jpg,b660f3596831cf5fff439d69ed08f3639d686beb2d918023943c4e8dc3d5592f
7076.jpg,train,7076.jpg,85e8402ec5e654f770404d42f798356b06390577b7ea60ce60f63691c4bc895c
7077.jpg,validation,7077.jpg,68ce3f3dc29caac7cef93b7fdf9f05755572affe9a4e3b6f562de1a1d92e1622
7078.jpg,train,7078.jpg,cc068441078384210d498fb8e98cdec7738749e07d5a47496aa8d19f2723f214
7079.jpg,train,7079.jpg,c8ed4f61ba03f08783dd4935c544a97485c36286826c82505363e3272b8fc156
7080.jpg,train,7080.jpg,71bfcaf971e8885c37be6ca260d4bb499b1269061278797a5b0eb027b63d7419
7081.jpg,train,7081.jpg,9641006fd6e7a33a49aea8fb17258b632cae4e7bd5f554b46ff477a2f63c05e0
7082.jpg,train,7082.jpg,97a6d9c79f7ba478b5074423a71ee8a025c43517b6b7732329721c4c35095b69
7083.jpg,train,7083.jpg,56ed8a5dbe7ded46cacb55a75d2e13312ba6eda6b20123448b0e52ee09695d2a
7084.jpg,train,7084.jpg,ab494cd75e1aeff516d95de0d6ae23f1c90ea8c95264d31c139284cbb518d09b
7085.jpg,validation,7085.jpg,f4be371bae49635fc0bc2c3f71982fc3a1c665a127da9fc8bab0c5b4db24f613
7086.jpg,train,7086.jpg,ca80cd0d10ff11c20b9dc7ac62d8435fc230acb9200b53f5c28ec14dd28b4f41
7087.jpg,train,7087.jpg,bc6a060054854a3d146e4ac29fdb9110956b7d8daaa25fb41b4e2c52f115b55a
7088.jpg,train,7088.jpg,10ecb8fe1d9cb95bf8caa4b6bee4ca912851bec9f9b0e1d2f768ce386e1fa607
7089.jpg,validation,7089.jpg,87c099aac82837011bdca892ee3fb179d3f7a732139378fe5cfaab63f5be7d8c
7090.jpg,train,7090.jpg,dc0e576eaef053eeee4e986c940964870393bb354309d6ff19de3db2b9ad7d3a
7091.jpg,train,7091.jpg,885d8ea232f16dcb90e33900f66005a7099acfa49221ea8272a8eaf83d4f6461
7092.jpg,train,7092.jpg,d42befe8ec99a25ace2d90ebf19839762623228bcd9f4ef0ff526843dd93a9e1
7093.jpg,train,7093.jpg,cf23a95dfd1048c3de60950fc42fd1505b780d7a7b95b3591919d65511fc70f6
7094.jpg,train,7094.jpg,0614483fc8f21f499958983d31e960068930c0858428e59a87178de098595342
7095.jpg,validation,7095.jpg,da36a3c71d7eb6e405804de8e713811477fc8b82c1a93e4a2ca371bd722a0bbf
7096.jpg,train,7096.jpg,7e7846ad4895179d9417d3f5735135dea6bba805d5fe2cfd0e30bf98c609ea2d
7097.jpg,validation,7097.jpg,5f39f63c181539d25e8117880d8260db98d131801b338da4fac6edd53003b553
7098.jpg,train,7098.jpg,25db5dcf73fe2ad21636fef3576a6480d518a744666c66ac5fb2b633f80bded7
7099.jpg,train,7099.jpg,68b5fbc6d2f19a33b7a72fdcfa36700c0d8837b999e77caa09cce6c699b95e6f
7100.jpg,train,7100.jpg,babbad6d48a7ca3df0c86e2d46d931e4580e783784de6dd113e28e2e19b5e765
7101.jpg,train,7101.jpg,37b258726e428fe6afe147602dc89865d76994cc80244e3243f2313fbfb88b7e
7102.jpg,train,7102.jpg,048ba30991b17918b8efa041fb69439c4f8ee556f2022db69a3d30161e3eb39d
7103.jpg,validation,7103.jpg,2d67251ef6b2fee0bf59035c20c87b3da3c786c11d5c32b5f0fd4fa42512bd5a
7104.jpg,train,7104.jpg,e6f3bb4b52a6e43bcbbb1defe9a3fb90fb2b666e1487d3cd9455b20ff366b5ba
7105.jpg,validation,7105.jpg,7445a403a9729c762697d967f881ec23b5d841ca2f5897eb2e7d3a535d88770e
7106.jpg,train,7106.jpg,3c34a92295d9a10598253979d482fe9af3e98b59bb1b5428f4ebaea88919f719
7107.jpg,validation,7107.jpg,93ded8ebcf81e05a9dae17a5d863243e1f195cdf668c46844dfbf0079eebc032
7108.jpg,train,7108.jpg,d949d889c80413d97e14457e45d63f029c936cb236e3eadd364329b6ac228942
7109.jpg,train,7109.jpg,cce460c5938ce0fe59f59f1d32a2ed6f8f4a0591ad965405952e14bc05fa31fe
7110.jpg,train,7110.jpg,9e180c0327e2bf35073e91827f2afceb116ca591848ce91a97adda899ad4e479
7111.jpg,train,7111.jpg,6ec260a7ae81bf8a6aa91feb3f9246b690284c9c389d68d12886bc43314292a9
7112.jpg,train,7112.jpg,337414d5c52b05e22e31525a62ff6549515fc808a676eb091d6d0d1497fc52d3
7113.jpg,train,7113.jpg,8645b498248407c456dfc8b25453fca4e2527ef397eb31dcfcebe4a654c11725
7114.jpg,validation,7114.jpg,312d0a68a732aad1cea9c101d608aaaac3fb075c9f6eb860b5914a937a5e1d3b
7115.jpg,train,7115.jpg,c6ea2af191760995e81b4e0a70e0f44ffe56aa8cdfe34b499a17040b4ff7805c
7116.jpg,train,7116.jpg,9be69af91a82b7c9bc07cd0f38265971bf5d1332a6932540ce88185bec3ca77a
7117.jpg,validation,7117.jpg,1e5785866a7ceaf833565499d33cf66d6b61775e5af648c6e1ee4aec2c76b8ff
7118.jpg,train,7118.jpg,13481899d5b337bf20ee67ceea247f2f182be26210062df09955478218d2302a
7119.jpg,train,7119.jpg,fb6af1425c57c5df5aba9586c69e48e32e0fc1459bf733f224a1b19261c33039
7120.jpg,validation,7120.jpg,b39928828d05c8eacbc26b4c250a8c4fc62aa5aa257bcfac4fc886740f6fb22a
7121.jpg,train,7121.jpg,eaaac6dff15934c504b7b492f4298cf1fb07ec8e0c5660f9b7732b35c43597d5
7122.jpg,validation,7122.jpg,c85432cf450679b55ac27a109ddc8ddfa2a3e5310b98f961dec948e5e690c418
7123.jpg,validation,7123.jpg,6642c203d534093744dfb4a5630cca067e8e0848b879b9f8e32c91e804a9c946
7124.jpg,train,7124.jpg,7837d3fde1e0059a5931cfe242d0b110aecdb1a2fa8843b4c7789ac3f2337194
7125.jpg,train,7125.jpg,4829faf31029ba4bd41fe3bc148e2741283cb0eb8df59bc9bbb5d414bb2c18f1
7126.jpg,train,7126.jpg,e31ae4f0a68f4a038174c34173b91674f2843c9e78ef2a481d22cfd45fe73280
7127.jpg,train,7127.jpg,0833f64db9e6414c84ae2c2b931593997c883b75d7f6109b7fda7408f0912def
7128.jpg,validation,7128.jpg,dcacc3c28c021a3de4d223bf6e17b3c8e03a9abcfc9f46ab0098ac74ff3af2dc
7129.jpg,validation,7129.jpg,392dcc5bc5ef67229c2f43b742a55df6453004bfffd305f837d6a87c0e485806
7130.jpg,train,7130.jpg,3c06c372abab3a3be6440c8e49876f4cbf19837fd702080b3fe9ff3fa3a42265
7131.jpg,train,7131.jpg,562e69ce2500dac455c62ec15876f75c0be3a95b87ff5610cebf77138482fe11
7132.jpg,train,7132.jpg,804e025df4691404d0ff539a1fa54820bdb743ee592daf7e990141b38b04ca87
7133.jpg,train,7133.jpg,22a1b9052ba9fa116b2ab0648c35968c96f5194d6c245e9dd65752a84c95b5da
7134.jpg,train,7134.jpg,8cb1f597dae71d240fe3253ebe60a7771d6a13dadb93929f747d014da6036548
7135.jpg,train,7135.jpg,7b08e90562431f9855f1194ed3ae325c04a9f135e260cffd0942ee390657a42e
7136.jpg,train,7136.jpg,730d49891c070c786003c26e15edcde8315ea912554e6f902f18cd446e7294a2
7137.jpg,validation,7137.jpg,96cb444896fe936d468dc8112c5bbf924d4702d65607e13276c296adb892d6f3
7138.jpg,train,7138.jpg,3982e94a52d9e4cefde621954d6e0b02001e85e9aa631d55b76e0afa9e8bdffb
7139.jpg,train,7139.jpg,1e584d0ac8c8bec3c577fdcd2a8468d99b6f7e6aeee650060daffa17a069aa81
7140.jpg,train,7140.jpg,c6fb97524d0791101ce9011faf995614a9f16fdc5d6adc96148c7d364709b182
7141.jpg,train,7141.jpg,8d75bf087e74e4651fd655375670246c8b92f4340d6ec4cd5a939e558bf2fafd
7142.jpg,validation,7142.jpg,d385eb4a1fef5cdbab5d926415f12e6334e0bc06b3a008fe921527224136c803
7143.jpg,train,7143.jpg,18a6faa9ac5ae521182cc95aea011466fc1843556fc1a52678e4892d41ff4afe
7144.jpg,train,7144.jpg,0159f349c9e6e97165d4b218ac939c5b6b9f36afd58aadac8ff6b7527651ff60
7145.jpg,validation,7145.jpg,69f0288d4b6179a74895f20e40e5cf36d3102569bb6a00f92584199c82d435a6
7146.jpg,train,7146.jpg,f871341f70722ccf0ab863deb25f465ad4462edc6ccfb4f54b9461513c262b8b
7147.jpg,validation,7147.jpg,fd58352da73787a4a74885133d3a76e82415f9adefbca4d5190ebf8750f95076
7148.jpg,validation,7148.jpg,663200383470c685d65ae38919555e750edd6f4b7e765454158f8a6577650158
7149.jpg,train,7149.jpg,9f65f702cdd028e60f4000c3f070337c84c955eaabb7cd608fc81bdb1f77e00e
7150.jpg,train,7150.jpg,c3f52a2f55915106467518b493640752b130b790087e039beb54266dca05158a
7151.jpg,train,7151.jpg,7e8968cff10239ec75f54ba92e2c71db35087573b25f2016bfb8e39112851a52
7152.jpg,train,7152.jpg,5b26a7770f7e691b651b259309c5014c94a43da655f5f3bfb69480368b2cc9f4
7153.jpg,validation,7153.jpg,d12fd9b45f0d541123e845aaee38b1d76dfc42b6c7e31b28968cc980628dd042
7154.jpg,train,7154.jpg,62ba209513f1d38c44a367f1f3eb5865e03a0f96b96f4d87e7f3e1145b115267
7155.jpg,validation,7155.jpg,647a481f58a2c3e7f730b27ea1ac12b43d7b1deb9547c9f64cdd951ad869c0a2
7156.jpg,train,7156.jpg,386a50e01bd26f334095b7ff0c82c9aacb673d9f4908b9f7a4a663da12d9f844
7157.jpg,train,7157.jpg,0d658fa6062b46f421c30ed4b363e8366e84646a7e843dc8ab6f0a7884ff9ae8
7158.jpg,train,7158.jpg,24db27ca5d86e90f230ad9723cb7566c6e4fcc518782d1c2f460c47c0fc6a24e
7159.jpg,train,7159.jpg,ed5f0f8e201a5c97d322c152c9d483bff678a8c12b3cfa21f50db8ce64ac1886
7160.jpg,validation,7160.jpg,198c4736032ee571a3d230606ee867763e370d1bed7988a8e40ef8139d36f46e
7161.jpg,train,7161.jpg,046b9f4a8c47ddba55814880bcf4b00ed4e093c0c052a56951f833166d9ed3f2
7162.jpg,train,7162.jpg,f49fdc007e9c1132cffc2e867f80454bf93abb6bb126a3d1d475c3f9652039e1
7163.jpg,validation,7163.jpg,a6cfddd38bd59844daa1191bfc57dabfebe835fbcabc93b1edadcea39a099c29
7164.jpg,train,7164.jpg,8ee75a8a30a78c1d60f480068495be5a8cfb10b9f70405138dfbead2f0b9ed6b
7165.jpg,train,7165.jpg,d908363a09045188c9796560d0beba9acfee957ca6a50c7ef62d9057ce16c77b
7166.jpg,validation,7166.jpg,0e17809c70c0858608fe681dd273caece591655aa3a73960357543a68b441d3e
7167.jpg,train,7167.jpg,4fd87b95a020951417cf8d1cc135c0f701ae4776da866a415bb5611a911bc9e1
7168.jpg,train,7168.jpg,f1063e1afa5504c6a4527d9cd12956319229d96ce7574b4df413c4dc2ae0ebd8
7169.jpg,validation,7169.jpg,f00c06067f23f40e0d6c696f4567520977f1cee96fee1228dc523d9e197ca54e
7170.jpg,train,7170.jpg,52342cb215daf27a9b408a4bce69dbf95362bcece9e6b3c5b4b44458c0de9569
7171.jpg,train,7171.jpg,9268ef5dd1edcd93ae32c063b8941806c63d5a766220e6e25eed9fe1c067d963
7172.jpg,validation,7172.jpg,359fd4e335f601c18a11c3814af3f5d64d1dcb5da7d41340e9e7949ee2b51788
7173.jpg,train,7173.jpg,4826a4f3b1ab463dc713804ec756380f490322ad93f0ff7d8b2c33185b5afcd0
7174.jpg,train,7174.jpg,f27ab8ef2d1163887dff79ac93bc68ebbed285885c996fdb71ef26a8d946f939
7175.jpg,validation,7175.jpg,2262291df45b362cd887f24428c68ab3c3f627f5fb8b0ac0108347b40650b98c
7176.jpg,train,7176.jpg,e0d13b4743915740cadf251c772b43827b06c47c4276d675e84c424eecb89d6c
7177.jpg,train,7177.jpg,637e49417db392400e5f4f07807a6a4b2a6c3954058b28bc4ecf37d48e508010
7178.jpg,train,7178.jpg,0e59333642ef1201a84cb1cea12cd61669724e1ae8b40648ff406baed18e5add
7179.jpg,validation,7179.jpg,d60f6b3da10df3a15252b837492dc8d55288d3f3fb8741cf4c0b4f2b0865a927
7180.jpg,train,7180.jpg,897ed8897190a753ec32c0852a2d62f36ded91f4669446a50ebf57734626b3a0
7181.jpg,train,7181.jpg,3dffa83916455b8e676e98cba56f211900e92007645f154f95a0e5d7b3f3600e
7182.jpg,train,7182.jpg,3cf9090556f51854bd7f1d513e40b13a7f252fb38e0ea9e4901781a020aae2ac
7183.jpg,train,7183.jpg,8791b59225a954b86bcc5c840e0a3ec58dbb89234a4e1c498ec4b5effe9890ed
7184.jpg,validation,7184.jpg,faad082af1e5a01b7aff46f8631ce0cba2b91edfe205e95dbfc471e8634c3552
7185.jpg,train,7185.jpg,c58422ce05dc953bd1d83621fbc2e0b191d14ddfc012533690cc8503e60f120d
7186.jpg,train,7186.jpg,1c8e3532229d3c431e42069ee130fabb2fcc10c20c0d21529c52cf15a0b01918
7187.jpg,train,7187.jpg,7b1cbe641f4bc96e21f02f1cc1b111278101bb1e5aed4081170772e363ed4692
7188.jpg,train,7188.jpg,f2f8c6e79c15a822d80da85fc49b8b86978ccd416e0877c0666129ec7bd70c28
7189.jpg,train,7189.jpg,5c438fc81ebf71494b4b8a5b9bc72aa1f6b4e3413eb05814b5e73bd1cb253a6f
7190.jpg,train,7190.jpg,34367200a38193a5c502f7bf18aa850dca750f338ff20630c02eed551ec359ca
7191.jpg,validation,7191.jpg,8da0c94373a7a8c1bcb5d5049caab9601522853041c9cf428f89125c04c3f7ad
7192.jpg,train,7192.jpg,3c4aa089889a023b31f2012979e717d64914df70cfdb761d8f437ababd974352
7193.jpg,train,7193.jpg,81abc56a7fcc5a47489f3b64e4da990afe7beabf740067c8a3291c308af116a1
7194.jpg,validation,7194.jpg,76ef5669c16d0254f3f3a0f1647aca05282b1d4ad14d0bcf30d4116c9539d713
7195.jpg,train,7195.jpg,a6248bc02002e2ff88bb4a40784dfc75093dfed43da067803afde46871b33625
7196.jpg,train,7196.jpg,840895886f21a5d772d1716fd9bd11a95dbcd89881ae9fb74096a2ff005fbd7f
7197.jpg,train,7197.jpg,aa3bb1f9a07f54d3d6699a69381fd6574c78ac9e152fde8ac3bc4c325173ccf4
7198.jpg,train,7198.jpg,9d958306657e0e97d2c987f79d1ec932b752de12f7dfe84cc0ca531460f3b482
7199.jpg,train,7199.jpg,eb55c55e1b7e18def2246c6cb1183a9eb6b73024177695e77db4908b9a4462dc
7200.jpg,train,7200.jpg,f1e0814ccbc267ea9e467fd024ead6ac5ff1284c77d0c70fc4e684fad46522ad
7201.jpg,train,7201.jpg,c3a7e24ce8ba522e01be560551b28f3d9fc61fed110df616a83dcb304ba194c3
7202.jpg,train,7202.jpg,1487d89e1547d41572a32eab1033c7f5461877dc98e44bec883431058f15d398
7203.jpg,train,7203.jpg,8743467a2fb170f5cd9f0b5abc6c9c1e4b013e19fdceeea7c7644bc627b86564
7204.jpg,train,7204.jpg,768b34877c032dac7a3fa29832a05150acc6fad6d6280f9b1c6d0b6b426930d1
7205.jpg,validation,7205.jpg,f845b28a18e498761a11bf8848dea64dab3dfe9256259dd1ed2cb72d5ec267aa
7206.jpg,train,7206.jpg,92e2dc2e0615e19afb5e49998f5b7f868ecf5695962c0811136501b98cd4f781
7207.jpg,train,7207.jpg,f9b67237cb49ea8e2261a5cd726e59fa4a37636f25b651668f671f6fb1f7ef0e
7208.jpg,train,7208.jpg,7defa19b3e2eeee6a19eea6ab0a774b4c3f1fe15f66c5e0bd7e4087c2725d185
7209.jpg,train,7209.jpg,e183e8a89ff70018990d4ac75a74acc3a6e91d48f1b2c061d74cc6d972a2f071
7210.jpg,train,7210.jpg,eeb9498686da003bc38413fe98f4581c549249090c93970f9f19050dae0cc499
7211.jpg,train,7211.jpg,10083f6d6a23308f5fc2ab6f00f4b003d6759b9161e8dd6d84d07f5267086538
7212.jpg,train,7212.jpg,77b98c3a631beee8429510c9e8c81c857e927daa35d384e768e04d913b9dc615
7213.jpg,train,7213.jpg,63dee9a750f69b57d592c63391ca150934723cde4fb57c98fdd2a43dd57a1693
7214.jpg,train,7214.jpg,bfaaab49b906e2a4dd94964e37708ec22c36fa4885dd40a2947c01f94b455b41
7215.jpg,train,7215.jpg,2194b769d3253a4b628f5907fa95205f8f7496e21af021f5d04d1651c2624c9b
7216.jpg,validation,7216.jpg,a58809be0307ab2d66c1919d44a7470ca54360131435fb723288326ee5d9935c
7217.jpg,train,7217.jpg,da5906bf008dad02f050cf96dbda987239d7843eb92bbb61014eeaee687be671
7218.jpg,train,7218.jpg,72d591bafa21d1b117e991255277d2df19e965d879fd533957ec9941ac4e826c
7219.jpg,train,7219.jpg,6241dcac98b217eb2e8a03ac828aa2276e055b282a87c1455491ee98fe873700
7220.jpg,validation,7220.jpg,0f890cdde1c0880cb98c09f4725a9655f9dceedc4f40b3716b74228ed0db1bf2
7221.jpg,train,7221.jpg,014b4a66bdbc1db1faa70916ac0757f6eb81ab6ae2252168ba4a3a02885f4305
7222.jpg,train,7222.jpg,dd514e7e99f13a345a9447b9b2156d146f0557334060f356859d4158e126fd6b
7223.jpg,validation,7223.jpg,f354ec5936cd409bc0bcd1893b81424af7d528e4d1319a1cbd4103668af569f7
7224.jpg,train,7224.jpg,a823e9c853eb3b8e12a2c141ceb24fb1a36339e311aede72e0bff0c3ca6f1d12
7225.jpg,train,7225.jpg,3ae3c91e6793d9ea5f4332be258f12baa7ffd474b5dcb21c22bcc0bc6a419556
7226.jpg,train,7226.jpg,b7a75d9a351255b927430f87a48fdd6c4edf6b86e628f8df5ed3ea0f81c7f8e2
7227.jpg,train,7227.jpg,dab96cda6f06a75cd460c19947a4ebc30eff68483a855a5ab27590899a3f211a
7228.jpg,train,7228.jpg,d14ed72a88cb320cf3d6e5faf7072b6ca462597c3030f5884c44a5b7d3cfe1f2
7229.jpg,train,7229.jpg,a439ffb1a121677542736bcde1369fd59aaa5a1b2300f0daac39a78cb6e8edbe
7230.jpg,train,7230.jpg,7afab217563f3eba36d12f3f8deddadedd80eeb8cf62694c67b670c91754d4a4
7231.jpg,train,7231.jpg,d02bbd4d3bbc16d825cf2055efcd97c65feb50507b504aa0222c6cd5754d0747
7232.jpg,train,7232.jpg,bbe9d916be5cadff2c9ea059063c57ac4c4d46ce83755d06881ad742420ff079
7233.jpg,train,7233.jpg,d390daa8f1dd561074a253b03a6cad0e1162b047ac53b1ffa1337a0923cbb1d5
7234.jpg,train,7234.jpg,b61d35b29cc333e437ff8a4c847d1b2e34b48ae2ce24134d6afd4ac54c70d9f1
7235.jpg,train,7235.jpg,049a7e383cd1660e3d2b897d840928f397812dc884424137437a6b6209e9d704
7236.jpg,train,7236.jpg,910df6e4d5e30e11d4f6909e39c8511e77e0c79747c95432aa936f095cc91f9a
7237.jpg,train,7237.jpg,9ba7d39d2eb357ac0ec8b351ab1da98f5df1ad66971485372bd079d7f918e4c2
7238.jpg,train,7238.jpg,952b90efe559a9fd7a71c8a5000eed3a0ed0633d37612138177b4e8e50506627
7239.jpg,validation,7239.jpg,22c69a5264c8feee8139e5bdbdbb6348b536fa77809bceda1b60daa51c6a02c5
7240.jpg,train,7240.jpg,7e5fc66a0046aa67fd5023d0cff3f6c7aa976bcb4186eb56a78d86ffb1a3b05b
7241.jpg,train,7241.jpg,ac7eca26048a0d69b39d782d10fef4e1a5798431feacdebd42d8f1dea328c97b
7242.jpg,train,7242.jpg,1c652ce03b9c79dcaf83a64037d7c09b6eb50b107c30ea9f968868d21fe8948d
7243.jpg,train,7243.jpg,f12c739c20274c9eb56c9933e0138e04d253ce601a7c03b40b69c02c49b7dd96
7244.jpg,train,7244.jpg,30118d8a4486dda381b74cc2591e489bf92e466803aacafdbd774725ee81212d
7245.jpg,validation,7245.jpg,675fd625a13af699b1e8501c3584ae60daa2a0eb19624090b7f2da0907095d65
7246.jpg,validation,7246.jpg,45c1167051f601fbf88d742d6f3d6817975674e8961c652255db6b5a4db5873d
7247.jpg,validation,7247.jpg,8621f490b2630cab447e8433fd5ea7c2cc9e39a8e4be8e3225ed76dbce641b75
7248.jpg,validation,7248.jpg,20fda862d383da8ba362b62442c8f9cb0f7dcca8f77754de7d8692fa2f022dd1
7249.jpg,train,7249.jpg,5768b56df020cf50015e83668bd234946303a303b34863f33218cad114601696
7250.jpg,train,7250.jpg,cbbef4deea9362f9ceebfda0741f65fd7d197891f9a689b7b97633a8dcd80373
7251.jpg,train,7251.jpg,b5c5a05e20803742b35b436a34bdeb2caaeb67edec6d5802de8f85585ef59120
7252.jpg,train,7252.jpg,3fe1140044ac11735c184b45a29ee663b6569beeace8684de138dcb783821678
7253.jpg,train,7253.jpg,3fe89af4cdf7201c3716ef0becee493e29fc3f124785fe60fb0135e0ad5a1ec3
7254.jpg,train,7254.jpg,7960daf7ba2a99053fd79a0281fa1963f96adf2ce19cabc8d2ccffb9b5e1b8c8
7255.jpg,validation,7255.jpg,8dcab1d4082c5da677d040166bf13f3d12612d265932b2ee8221968a5392dee1
7256.jpg,train,7256.jpg,04f6752b33b1858a325beb1b8b74c5e26c81d3b31f177e0a0ca0442a4b8d58ea
7257.jpg,train,7257.jpg,5d677d357cb5f12f7993139251b39e10ea9538a4afff37486a4c9f6dd02f4c38
7258.jpg,train,7258.jpg,5af0bafa0b8498bf4f6dd9450967099d48c74afb1ea66fd09a148c07ef3b53dc
7259.jpg,validation,7259.jpg,7e691bf975547682852dafe988cca1843a8b05e5f1dd6ebb7c72624e4938aea5
7260.jpg,train,7260.jpg,f2c5d21d7ceb4a0d55b810b21a77f93a5d71fcdc900ea6afce85be8fae27a400
7261.jpg,train,7261.jpg,3d1ee3b5089e4890b784c938c36846c7f2f24fa831f08ead2513d111d82e8dec
7262.jpg,train,7262.jpg,5140262ef961b03bb8c75a240bb20fd9b6c870392a604f14b36bc181feeee26c
7263.jpg,train,7263.jpg,21f0d51cd2d20b0c85855943810d4201cc83b2b6c801e63b61a8bbea8563aa67
7264.jpg,train,7264.jpg,b2fc6b16e9f428e08d4669267ed0fafe2245342682d57af579bd68db1e2efab6
7265.jpg,train,7265.jpg,c1bbe6f098e82c55ecda4da811c72c37eca788feb8af260fc7f7544451b2f00a
7266.jpg,train,7266.jpg,717b4484aaf0564f556e8942478482982783b06135b19fb73aa15e3fc4597e09
7267.jpg,train,7267.jpg,3b86b8a0508546c3e640a6244693553cb9a6f7df949718776ed3009255a94838
7268.jpg,validation,7268.jpg,f8233b29dabb8a8bf4f5d29007671bfbc19a4ab16777ad01c831a78d86243c1a
7269.jpg,train,7269.jpg,60b90bf6575ccbb2c47c6f4697a8aee4b08be6d480865a7a21c5844d06321c96
7270.jpg,train,7270.jpg,24ca5d56cbf9eec1cecf2bf06d7decf2c2f165580c26bead39e9d7f262d98d16
7271.jpg,validation,7271.jpg,a0aa43a1fc1e88932c021912e8e8a34ca8863cb99339a189991a844d26d6e6f5
7272.jpg,validation,7272.jpg,45a1725c41a8f45d03fb24f03cede67525f24f05e109f455f3a213057c698c2a
7273.jpg,train,7273.jpg,cc5d62e8e5588ace34597d737a6559dc26155cafd5815a288912ff049a3d3744
7274.jpg,train,7274.jpg,0fefc72901b3dda4008c8c96a7051412c889b0627f54b64c6e4ea04bac4b84ea
7275.jpg,train,7275.jpg,b019330da5805fe90a7c53a972f4d949d3a93fd81ec9374e9e6760709e1f649a
7276.jpg,validation,7276.jpg,2fdebc62dc9deacf85ca3526bcaa4a38af7d53788e922d8363c6f28754cf6dc4
7277.jpg,train,7277.jpg,a675f31df3f4c9821114e461d160e7cd6e693682d71d69d5b536684d870e736c
7278.jpg,train,7278.jpg,a149d143eac0f3326438e6855f15bb507a2c75a86ecab2da9768e5e23e104a4e
7279.jpg,train,7279.jpg,b355758664e88dfbe6757ea2c02992fbed05127d7300f0998943e612182fbbb6
7280.jpg,train,7280.jpg,871f3bf3dd79bf769fe3642ba1f023201704cff801c22556ba2070d36cbff23e
7281.jpg,validation,7281.jpg,e347b0c1c91203578d6c7930edc669c618862ec1b9a3ad5142e67eb32c006996
7282.jpg,train,7282.jpg,d70a1c9688d25bb5279b5ea4e2d5940495ecdd4ce5f96c1c8dcda3aaf290e4e6
7283.jpg,train,7283.jpg,858bc806c52d8db5b8c93f537472279069c51943dc25f02b1a2c0d0b0d583235
7284.jpg,train,7284.jpg,5a5bcdf5c2b7b1c34e7a64aafb32d257cb11a7eb41f8d4e07e9d293ebfc70c8e
7285.jpg,validation,7285.jpg,0c8457e13b03042d3273a6b9f6b82c8d1ac775e0d7e45d54724fb21136f2ab37
7286.jpg,train,7286.jpg,48949054d7b6069bf5328de8b54a32c936ca96f8042f2e69e4f4093776d2b2fb
7287.jpg,train,7287.jpg,ed57888d0e957cc96081a1eb2822f604bbce204f0195efdf0da89fc13cae3d6c
7288.jpg,train,7288.jpg,406ec6f8ea7fbfb499cb582188dd91243a530e9b2244637a6386ddd960bb6c83
7289.jpg,train,7289.jpg,2209543fac38530eeeed169dfc1faca1aeb5750f41513ae136cfa506f60a5ddc
7290.jpg,validation,7290.jpg,5719e34f053d6bce14c7e79dd93a74969fdfc1e7f0f9c8636709ad877d7163ee
7291.jpg,train,7291.jpg,800b942874d51d7138fa293ef7f835123095887204aebe1fc23b2f134ba0af9e
7292.jpg,validation,7292.jpg,892470ed3d3e72082d81b01bf93b3b0ba36278dbf45ffb6f4221df2f2efa1cac
7293.jpg,train,7293.jpg,b1bf86278d9ce1022da23dd2148ecb078e13ca6572b3efd0700b6812fbedc522
7294.jpg,train,7294.jpg,b3cce6b639df45e5d454857e772e6f42f45097b65dcabc20f664e70f0ea214c2
7295.jpg,train,7295.jpg,a5e37d1c6d8cf0ce02008c4822e9d31d9e95d63406588f7f1dfbce82c8d61df9
7296.jpg,train,7296.jpg,73e3eb781473825a27d96270e1ef44ec9ce9da1c20b4a03604046d28d131ec7c
7297.jpg,validation,7297.jpg,2c0badbc5b41c957e2a373a0d6177b52308ecf6526a53d7282971d5d9c488356
7298.jpg,train,7298.jpg,b6debf9287fc654917e1299969d3d242916d899b3917427c49565057c522606d
7299.jpg,train,7299.jpg,9fa9f21d78b0fbb744cb43bfd835eabcafe2674c05f641ee267952d9e3b5c1c9
7300.jpg,validation,7300.jpg,991739cdc578f6041c380fd91797b131f4835e3ff97db9b0448e43a2689e51c8
7301.jpg,train,7301.jpg,2c51b7b7fd7f5f06463659cc2bf75405f8152f908eb4cab3fd333536ed2f1be7
7302.jpg,train,7302.jpg,965c5bff18b99d6a664dc20c9976943efb02e1cdd0c4839a3e2fad9b3b53f3e2
7303.jpg,train,7303.jpg,47ce9909dc6b161424ef813d44f67731f2b1911175496b1268a8c897c31482e7
7304.jpg,train,7304.jpg,46347ce062c10ab1864857d7799019bfdb164a03c60646b9347387b3a3887081
7305.jpg,validation,7305.jpg,79815041f9163d09c8433b7061d19597de2c487a662e79dcbc4156d42c6312b4
7306.jpg,validation,7306.jpg,0fe37806b62c01ff21f36587abfde40f39a96dd9311b16e3815556e1ba129cdb
7307.jpg,train,7307.jpg,39f55b75970e5a3aaf1afc5bf09852e9643305d84149d7e2b4a10c83f85481dc
7308.jpg,validation,7308.jpg,790ad4a6a978f2d5d559e0169561725b84b1a4aca9693e195e76f01631d38298
7309.jpg,train,7309.jpg,872f543042fcb0179ceac4ee78bf610b8606f9375de7aaf451176a940e3061dd
7310.jpg,train,7310.jpg,5972aff6f78f919404dd16789b085750eb08190624284cfed9df15e1985a6980
7311.jpg,train,7311.jpg,244eaacb600a2b74198147a4386eebf2877d1840d2f4e602251e724aa260aa09
7312.jpg,train,7312.jpg,1165ac7ce31434b68960a33a152a0f914c7a21764c9ca402429ecde32ef7f343
7313.jpg,train,7313.jpg,dcfad1c421cd50ce4df5fbebbf616f4b530890e104b55871c4ec1a2dea4c99f8
7314.jpg,train,7314.jpg,5c8702ee32c20440ab163fc48e50294001e55dd761bf7244aa430893a19bd3cd
7315.jpg,train,7315.jpg,fb916ad01327153ef33086057de3d24e9013c97eaad0f28c8bdf2ae606eb2a4a
7316.jpg,train,7316.jpg,c8a86f9c76de280efaf87a1e8083d1dbdb2d8a8bb160c6dd8c9173a86176d663
7317.jpg,train,7317.jpg,c21509b43487f2a1310ce567f8fbef41736e5c51bf5c7fe7b1f42cd8d961085b
7318.jpg,train,7318.jpg,a6e1b305e07c660cf173848ddb7334684a038611bb03b523fd61e6bc6a632ab5
7319.jpg,train,7319.jpg,1a68624108ac6fd39dc741de1ed8fc51bf253d8c543d946db7a12dd58661bb1d
7320.jpg,train,7320.jpg,3ab4b158a842acd62f8a9e859724eab819eac1d65f258bebaee76c163eb95029
7321.jpg,train,7321.jpg,057f98b42c05dbf4bffa6c91fdd2a88942ad573f44a389ba415a77be9f7f6876
7322.jpg,train,7322.jpg,eedf755e68e76306c0c227d856effd896cb48e40184164ebd6056e67ffdead20
7323.jpg,train,7323.jpg,69b20a0289351decbed2c5ad1ab63a50ee91ca0d3b8b2853d82cf25bee95d0e2
7324.jpg,train,7324.jpg,5dcc37887a1607aa9361ad8727c13ac7923a4c15bd30496f7cea24577207b350
7325.jpg,train,7325.jpg,e5ff67898db9cf88ed04795baa90cc32a4acc3364c13f83fd99eef777487f0c0
7326.jpg,train,7326.jpg,13585ff31a11efc315560a6a45cc68c8e45313d5ac0ce31ddacf5e0448bb1f92
7327.jpg,train,7327.jpg,383223a8f844891322fdd283f3019cd613258534b35c8962471f97d6688e60c8
7328.jpg,train,7328.jpg,9b5c14ca58edc1152e086d3de18281e01f4d62004e33daa9e2842e1038a469f4
7329.jpg,train,7329.jpg,7ed50222f0707139368f8c5383b82cb73561f6a5133b511d92a0f05a830fca87
7330.jpg,train,7330.jpg,93b134ada4c98c1aca0501bc71acea4f59b70bcf6cc50d1cf8e4521d36da0b99
7331.jpg,train,7331.jpg,74aafcf03a4b6832f8002a73de4bc0a3acdecedd22c64ccc00bbc65488d887e5
7332.jpg,validation,7332.jpg,f9021e7004a1e32c3dab0debc081afe7a9f73fe493df73e70b9253fa46ab2966
7333.jpg,validation,7333.jpg,67c30506664f5cc55c9108f1a4fa8d20e0867d00a3208079ccd99fa4ad08f42c
7334.jpg,train,7334.jpg,e94bdc08553a1c64aad87e45f8e323e80582d0d1ec4df1aba6127c41e7c50abe
7335.jpg,validation,7335.jpg,cf010b88041decfd0b053200916069af31c71a54efa3950d336b07e992d9673c
7336.jpg,train,7336.jpg,3f87a5b25c408bf620fec6f3e8753bd11fef23d7748292dd471571f44fb17a8b
7337.jpg,train,7337.jpg,10eb976ec6ac4d7a319a48ec7c91518adb7b9782d68cb5f57cc3cd1996ed07b6
7338.jpg,train,7338.jpg,f312196d3574446977ee85300a613e1c0217d49604666c2fc12d8c70146fe51f
7339.jpg,train,7339.jpg,6dc29099e9d7b322c31a0acd64e975f54a6edcf6c5961a9e12e749d647ff9779
7340.jpg,train,7340.jpg,478b5a3262f3364b180809a58ed5eb92d569406d16ecef277d1f9a563a1f0fe4
7341.jpg,train,7341.jpg,0277f9f9f9be6c9eff207c45c92b436f8d64c85e126e9976e35d5ecccd619e4d
7342.jpg,validation,7342.jpg,2d36d54d000b5bcff6f279bc90e4a25603796fbd6937cb412cc933fb4fb970eb
7343.jpg,train,7343.jpg,d06fb3988810081a7e0096438a320a2229c0de1e4fce1be9b0b461dcbdfc7fee
7344.jpg,train,7344.jpg,39b176a6d9e72419e69b238a9a037622188f0284e85232595dc71ac5711ca661
7345.jpg,train,7345.jpg,2817f21211433dad534e47c180af67f89192a21c07d5e65498874250e240116f
7346.jpg,train,7346.jpg,044608c6f0dfd1cc22facf04c761a4f31299e69c46538e436f36bbd584468f61
7347.jpg,train,7347.jpg,451ad7996ce89132a0c86ca3b81ceaa4f2d9aa6a092d8fcc8a8b732e670e111d
7348.jpg,train,7348.jpg,29a6377a6fd6e9454e30d1819a4df0d81cd06b0726d93a0516e69999851bb0a5
7349.jpg,train,7349.jpg,de60eb89f7323826b1316251b31e63d3a29398e1d4fbc0f57a95e64f333faa56
7350.jpg,train,7350.jpg,13c2afe286d241213ae3108a27ed53c26de84757aaf67381b93afe7401a42bd2
7351.jpg,train,7351.jpg,b270089214aff9474416fe1ab77cb443d0b9d11f7be8d25bf9a58e46951819de
7352.jpg,train,7352.jpg,a0b915508734f1605e8ed7c91ed22e73ed488be3dcdebc5b9b5721df02af28c4
7353.jpg,train,7353.jpg,d457aa9468642394b8a32182eba03d9c1f952a1fb97be0af33fb3fc4c75b8522
7354.jpg,train,7354.jpg,76a0aff908eaa935b9ed59ca776b677661d195e2569b675151796bf9027e31fc
7355.jpg,train,7355.jpg,1016ab0b007d645c99150cc166610074622e02c77ee0f9fbf30a606ef71697bf
7356.jpg,train,7356.jpg,68fe4ff9d79affb5fc2171c0cc7e6489b256bc1623c1a4498522d5c220f97e8d
7357.jpg,train,7357.jpg,b98745d5f7f32554d4efb49e68d51dc2ffbd32d54588166a8702168354312bc5
7358.jpg,train,7358.jpg,6aa13858e21f4db76165a779dce5b4ba69cfb331451ce68540a36b66e359ba6c
7359.jpg,train,7359.jpg,dd228051f1854149e6b68e4a2a1c2edb161ed7f274a354c6b53aa8f1fc186c94
7360.jpg,train,7360.jpg,44909cc2afa0e16c15a2a83d005d1313353634492ecc0c55bf143ba813e52cd8
7361.jpg,train,7361.jpg,c49cb208dffb40ac7aff04c6c7a269e3955f48f3c99b933d8eabf5e736ec0d67
7362.jpg,train,7362.jpg,fa25cb6f0b4df105bc52b3d246cdb74c8ad09d6feb15c525c27c183406a4c51b
7363.jpg,train,7363.jpg,eecef6f2e0b8569f77ff07a2312a3001ce207112a797bd55a6e47ddd077cb42e
7364.jpg,train,7364.jpg,9ce61981f367a5ef7533f3f793eee7edf1e7f1ddd7388c907d77af964ab1b447
7365.jpg,train,7365.jpg,8147d69fee1d7b23da08cff4f4e7fbeb78ea6173d533db62e3ebb1ea66781058
7366.jpg,train,7366.jpg,bf5dabb28bc703166a7317ff9be32131e126a5a4d75f3345e05b8e364a76155c
7367.jpg,train,7367.jpg,5e04ff27cef39cf039cd10d60c908d887eac432fbc10f79ad18bbaab36c41bc8
7368.jpg,train,7368.jpg,1579d058102bf660115eb9bf6cf56ed01d2b3e7e55699fca555abd8d5172a1b5
7369.jpg,validation,7369.jpg,e97005f73f74955902c4aba265355a9c1ea8331839aaaf1d04042ea855dcadb4
7370.jpg,train,7370.jpg,30df41c54632d087f59b0ddd4694a331f4f623e5df744028bb288699ed3bfb4c
7371.jpg,train,7371.jpg,bdf7df0c27077013e7cf8c5b1f15b69cde94d77678ec18918362b9299e21edcb
7372.jpg,train,7372.jpg,c6775d7cf6481a111af6266e0faba788c86322302c2e04ea70c66e60dce40ff5
7373.jpg,validation,7373.jpg,09883190d0557dc2116d61884a22c25d7bb1516fb999b7afb7670b34a9d39a1a
7374.jpg,train,7374.jpg,83af2efe369dc7611a70cf91315127007dc28bd4760fd9f34e4f607e86ca5d24
7375.jpg,train,7375.jpg,b13c94fac9df6b097a681303a595419b72468b2afda7cbd7027f2f4bcc32091b
7376.jpg,train,7376.jpg,83e73332e9e3ce8498669625579e2de95bce15b76add45aaface9e9641d7ed58
7377.jpg,train,7377.jpg,e432143406922a6d49d59fb765b7875bb73ce58913458ed6886982a642745c13
7378.jpg,train,7378.jpg,cb1f8c7e92173a0f3ab02d78a96e6c59b1c1e86957b9ab03c8bf7973ba3e75c8
7379.jpg,train,7379.jpg,be071d9e69d4e0cace8431e91fb09650eb48a6c2eee00775187fac9022a669f3
7380.jpg,train,7380.jpg,814ac6c533079b1f45daedb0ff1468d4b63711cd6e20a6816d2f0437dc0d6c6d
7381.jpg,train,7381.jpg,accc72d2e2ab3ea88c6c4a5c53370ba56714d92c0e0899929f50f0369daae4ab
7382.jpg,train,7382.jpg,e624bbf750ae3d68989b3d6fe747787e9c8a3c6a71d00f1b03825edebf8514f7
7383.jpg,train,7383.jpg,9bcf5e4d95e8625125a34b974ebb232e9640e95cacde2d8ae453042e9b3e3669
7384.jpg,train,7384.jpg,78bce3d43b3c95ba6a497a48eab52291a5ea0b7b016243c2815cbb9ea155921c
7385.jpg,validation,7385.jpg,31b39685e54039e6683a49f258c5486aaf5d94e5bf79a67ff608e5e913fc741f
7386.jpg,train,7386.jpg,af9bd54dd445ea399aa1f77f55bf806feb0808eb22ac888bf1e896489899c94e
7387.jpg,validation,7387.jpg,b18e7c4aa48f9830a438e5199ead4feca8139df1b3e294216196084ec3151da2
7388.jpg,train,7388.jpg,87fec71b46ddf3e2eaee231c7cf655775a3b6ed2c455e73e395305aec44044c5
7389.jpg,train,7389.jpg,6091f5f7e16ff3c0373ffe38ef1656a92117c9a21cee56cf9d46f37b7f59bc2b
7390.jpg,train,7390.jpg,6e611f80f35608a221b9191cf04a7ed89ab114cd9d53625108fd20ff11c67237
7391.jpg,train,7391.jpg,df492eb1d0f6d03fb65a2c52838f5d000a8b730de135a2e333a20415d798f38a
7392.jpg,train,7392.jpg,43cfa579fa55bb7211cd4a57039d48880d70b78eb4ed022234f9980c3396b1c8
7393.jpg,train,7393.jpg,9ced97f59e3c76aea0c779d547bac62f07644ae15bb57b0de93eedb70b103074
7394.jpg,validation,7394.jpg,ca82cc854afdd77fa8caa4e44e585ffa308bd5d5b70934e6030edf38b712af28
7395.jpg,train,7395.jpg,de6d5258d8134ab6020463419c01c7c3e4880f1ea1a834dc70b82922a1589bf8
7396.jpg,train,7396.jpg,aa43284649aced54a3be25c3262db200869180d9d8ea83822f166cf32be680ab
7397.jpg,validation,7397.jpg,4a8f9ec097a75ff1aca1a0af7aba78610314602a763f397df1ccacc0712deab3
7398.jpg,train,7398.jpg,a7c44109901162906d41986262c3bbc5ee34c2b4c0487a7748f9f1c8c5e94cfb
7399.jpg,validation,7399.jpg,0d014429a780e29f3899141a5cfbaad184c8b3c83f977e4ca8f134c23d8f2746
7400.jpg,train,7400.jpg,c70225407863cba7822419bd6be35165ea6c52e592ca7711c8cc8fea32fdbe46
7401.jpg,train,7401.jpg,c9051f06eec50c506f72d2d4def096ca92d69d5828913477a9f9d6b23ec28705
7402.jpg,train,7402.jpg,68888e6d9f1f1f5dd02bd87cb581e7ff67bf79f2a1a03a936ee337b94d0f3bbc
7403.jpg,train,7403.jpg,f747f8ba2c472565784a3665c5b1fbba14302ff43fbd771a93126bbcb2cd3aa1
7404.jpg,validation,7404.jpg,b621bfaacd54322fd6467a72fa6499919d8b8cc810ff9c86f09cdbc835d5d8ca
7405.jpg,train,7405.jpg,c72cf8b28d404030bf291a234db384afb2c4089eca5851cc5edcc75aa3712f58
7406.jpg,train,7406.jpg,1246e4a4feebd29de5b7f52cc1b521a9f4df8f94720852f85c2867a6e04c6a63
7407.jpg,train,7407.jpg,d7c92eb4f183af78513a7f9db76d195ed813bb3c09a9975ba3d2482568a76907
7408.jpg,train,7408.jpg,9d44fc39ce8ad8d4d7af493bd95c8718ba26f02603e21063f9205d4bc8a0f6dc
7409.jpg,validation,7409.jpg,3ae6187eb77ab342af7d40a459823eadc15e0817a391dd3f4e3885c65dce0934
7410.jpg,train,7410.jpg,33204e7128af845b98217313c0f0d1d3b989cabfb370cd4d7a9565277a9b4744
7411.jpg,train,7411.jpg,8e68ede433fccf32dfd869b966c42b2b37ae260c8332998da7f087786bcd6ff6
7412.jpg,validation,7412.jpg,9065524eed6de3602127a71f474b9c68a7d65a88b65dc93634ba880aa1d3a32a
7413.jpg,train,7413.jpg,aa485432d794821e5ffea6399d1bba26b8b260914fa5ccf3c24059439f63799a
7414.jpg,train,7414.jpg,953e2b423a2d394218ca9af5c28dc9bcc987a89a4b33006ef4a6f4c548b476e8
7415.jpg,validation,7415.jpg,edb3bb8fb7bbbb06e0eeab2786cebc1946016ee6b3428063836f4648985fa32e
7416.jpg,train,7416.jpg,ec434654c1557433917ea1b4cf86d45728a045754ebed3858f81b6cdbabca60c
7417.jpg,train,7417.jpg,5ffa869cf5b4a17bb90410bdf4cf0f368c54edce2bd9b1ab5d5933175a141b1f
7418.jpg,train,7418.jpg,00f733788ad442a9c5481f9f904f56beb1cefc68be98646ead08f59efa8bf523
7419.jpg,train,7419.jpg,409b9e2824c3355b6ae031b5016817a0be7ad2a8570bdaa80a65b86b8be6497f
7420.jpg,train,7420.jpg,43fd308cdb7557ba2fddcf3915149f03766f14cedc8a9e25e6886fca0d5c8484
7421.jpg,train,7421.jpg,094196b2b2d7214fb2a95c02a135108b1857102e57105ab26c177e6d1a9bb7a0
7422.jpg,train,7422.jpg,274bc7ce569e905790fe2618c337d23ce6eada29cb47c2ca3d5ec38e13368c30
7423.jpg,train,7423.jpg,db12c8261053d716f77183c1e912362f360a03c017981e2e4869fad3c00fc4eb
7424.jpg,train,7424.jpg,efd3036423593210a76d1ebb613719097e756303809bfe545c7e5d95b1122edc
7425.jpg,train,7425.jpg,e45cc70cc1234f5be400ac00753b1ff89049ac3a8891068465346b92cff7e626
7426.jpg,train,7426.jpg,c2fa7240e4bafb323c554eb61cdf9c1993caa4353f209247b7dad8a946af652e
7427.jpg,train,7427.jpg,9ce4dd7a6c23fca6a475e94ab25404b034f99f3d6822e64ae12ff28f2094a359
7428.jpg,train,7428.jpg,9e68e8b41bd80193383f9a35815b40f4aac285c4778939f32caa1d13e3ef98f6
7429.jpg,validation,7429.jpg,5337e48fc80355ca25f30f6be7092f515462db1eb1cb6f606314354ef2133274
7430.jpg,validation,7430.jpg,1f244d7a1f7afb1e0c595da9cb18591e99cbb3751f0b1016949a9d8f4c97417d
7431.jpg,train,7431.jpg,84dd59acfd0504c9ebe01a6c02b853eda12e2785e1db47177be05d0ec3795505
7432.jpg,validation,7432.jpg,0ab2746d414d41916fe8121021492c5ad1eed3ae111034d9df18ceb365c28e64
7433.jpg,train,7433.jpg,b1da72bcb186fc932baf32705c14f5a84fb2c3c7c8c09e46ffb02effb56fff98
7434.jpg,train,7434.jpg,4278a61d90f41b6816473f65dca05a12863fded27cff311959b0a828cada6f06
7435.jpg,train,7435.jpg,2e23bb6bef53782b6eabb90079963ebb102538844af6232e385b39d4a55524d7
7436.jpg,train,7436.jpg,100cbc2383923d87a4402f4de97ef203f1f58c7d7e8fcf76867488ceeeead99e
7437.jpg,train,7437.jpg,5b160ff64c1ef4320cd54e69a6560f2602850626bca534dc035f52e65dc0b810
7438.jpg,train,7438.jpg,9dc68b1ab14abe9335dc84641dbf6138fe8a0bae15727c55434b9d4736f89d07
7439.jpg,train,7439.jpg,6838ac0b037b985199a412cfafeb0c3e4c9d35bdee882830e0fe7ce1e34b3a0f
7440.jpg,train,7440.jpg,7991290bef8326da8c0935e22fdc83954a260b9005547698ad5ea9d3eb71a9bb
7441.jpg,train,7441.jpg,12d538f6f3a02bb82c6349e9695bbfc89a6a4d87a7895e1c799193a4899a367e
7442.jpg,train,7442.jpg,6e78abd388d3461ba5b5b51c07e14804e9f45cbb510ea34ea939198691b9098f
7443.jpg,train,7443.jpg,49194d7e947de194cea4c158fa4a5846fcb006049e569080fdd3d72c99a2de6c
7444.jpg,train,7444.jpg,ff0541f3f75f31e9e7b932b45329754635f76ed63cdcd69346732038c687b00b
7445.jpg,validation,7445.jpg,461477e5e8aa1d4904037f9558d69f344c635aebd85072a1bef7a641515e6f23
7446.jpg,train,7446.jpg,88dc5fd83cf3c71452e356c9fa2f788dd96dc2d2815b61f4faec78175db13d0d
7447.jpg,train,7447.jpg,805dd5d249102863802e162a4c9e37b6430cb15552f8a35ece02f36fe6eaadf3
7448.jpg,train,7448.jpg,9346a9079c7ad7fe3471205059fb19c3d0d11b2f86767b0dea1d6d7e6eff9279
7449.jpg,train,7449.jpg,d0a6ae25f8201717c916f7650fac952491e794e9de3f8979c00e2a59f69bf47f
7450.jpg,train,7450.jpg,845d5095bb42887795ad646eff96ffb5e684f0b2bf312da81bc43850141d9e36
7451.jpg,train,7451.jpg,123c7baaa55cec5eb7675b0486dc69d315e7a1c633cd498ad66f7880c9efb261
7452.jpg,train,7452.jpg,483285e99e6e08f155b0258d91c839fcdfadef29399483edafbda29207ece5f6
7453.jpg,train,7453.jpg,5e41b15fd29c3f6f001f030651678ddd4e93f50644c57a34ad174df84741e78f
7454.jpg,train,7454.jpg,fcc38b074327ad01c6c46b6ffd5989168a5bf4ba184689be8a0fcc94b97a837d
7455.jpg,train,7455.jpg,7ccdccd157184dbce4cbaa835b3d31bacbf42fb612154a21e55dc08ef2d492c2
7456.jpg,train,7456.jpg,9c5dd1a68b89b3379002780d16ada00d800da08b942924a103ada8cda0078144
7457.jpg,validation,7457.jpg,bd369116512f4f94095944dac3cb178e9d1dedea5caf123eb440954f34d8277f
7458.jpg,train,7458.jpg,b1e2dc442f0acf50577dff5bca061a78a4a41ecc87d7a93825e76a4a33dc54f7
7459.jpg,train,7459.jpg,509fc4ef07d9200b79653ef1550d48c19cef382f938509a689ce88031e581cbf
7460.jpg,train,7460.jpg,90a85af6701d787d1dcfe53857047b326ed425cf06f7bd883cb81efe03f43398
7461.jpg,train,7461.jpg,aee1da5d0c293ace15a475f95c833c10bae2cb94e2399aa9bdd5c088dcc4dc24
7462.jpg,train,7462.jpg,c993abdacf0fe0267a379ab645e0c80f9ebd98f9b6d61f7bf48dd7f49a560e8b
7463.jpg,train,7463.jpg,6a3c7042ee1e2ff54ea143a0ce42ca39a19b590c636295c3551dafe3e1dd7e93
7464.jpg,train,7464.jpg,49aef407949d2e828091e105c375bd67053e43c84411dcd0f7aea8291868de2c
7465.jpg,validation,7465.jpg,867038b02c81829a7b02a3d5b3e26142b9411a76e0ec185fd47726f8eae7c326
7466.jpg,train,7466.jpg,78d183f9b1ca7b9a4345ae222b73c5103e87aa79b23f7349f01b8420f65230ef
7467.jpg,train,7467.jpg,b1265c58d25de0a8ec67608ba1cdb24d8c1657bf49ac902126f0a0236d9c93a7
7468.jpg,train,7468.jpg,08564a4321b051535350468b5063d22c828acae6b76de8da0944da3e26e642fc
7469.jpg,train,7469.jpg,2e0c8a0ea63562cf078d69d7b8903ea792fba91c11a4f369e225bc9c1fe7f757
7470.jpg,train,7470.jpg,758876d01d445a24bf21a6550cd771b328bf3af1acc3d07c775b24616b6ebe12
7471.jpg,train,7471.jpg,bf6329b92a1d74093f976a2c8e21d9e9ca26d11c2ad7d1a618fac578411933f0
7472.jpg,train,7472.jpg,7fabd009ddb6bfef9ac7e10a9539143c0b53c42a2628d89622e5037d915807bb
7473.jpg,validation,7473.jpg,0823031b971027b49e66239c8bfba3cce509b47c182b440bc07925b67cb1fb2a
7474.jpg,train,7474.jpg,c7460a6a86d720d48b9db7d819adf747d45acf58967e02d1d8bb115ac134f563
7475.jpg,train,7475.jpg,1e844733f53bcdf62ba500b264403f3507eb265231c7456e749487d383c8730e
7476.jpg,train,7476.jpg,ee12d7bf87a662cf689e36f3986e7282428bb6c7623cc306319c126cb09d7fa7
7477.jpg,train,7477.jpg,0fd7419d5c089e63bed3ed03e24f75e2e3b494b0e3bec58e5cf2256ab9c17a25
7478.jpg,train,7478.jpg,5ce0d2bf41560dbad0d4764f1056f178c812d5800fdf808aa3c6377d11dd7ebd
7479.jpg,train,7479.jpg,fa0780568f70a2a3311635f0d6f188c06824b770395e3c42ff03aeff29677018
7480.jpg,validation,7480.jpg,238843f071e87f0ffe6b034ce9b13752eeeb5190efcc9a4b8dbb521cfd44e868
7481.jpg,train,7481.jpg,931d4e6fcb84117dc576e849ca38000acaae5ba0bc9ac1ef492ba7cd066af822
7482.jpg,validation,7482.jpg,41628b19d28fb94efbfe531ffb2543072ba78bda0e6b07c51747c26042d4fd74
7483.jpg,train,7483.jpg,e39edebf608a78efa210be56e73dea8f4987efc0952755dc337418328b12fd32
7484.jpg,train,7484.jpg,189c80200c46aa8606ae20ab83122602e17d05f21f5ef0a28a7f039233e3bb7d
7485.jpg,train,7485.jpg,8321e7df5c10cfbb24be34f81ff27882ab631294bb42b6d0bbd8c7e419e54fcd
7486.jpg,train,7486.jpg,27708747dc5cf2b74876a58ae982d001d69700eec208066c35ea619bab578b90
7487.jpg,train,7487.jpg,cef64575138346226fd7399fd40bc8d76c4288cdfcee2d09376bfc5b17fef2b7
7488.jpg,validation,7488.jpg,501271327fe280fbecbf475ce7a8f374a54bb74fffcfa7d571c9307903892df6
7489.jpg,train,7489.jpg,b8adb11828a4bd4f343caf1924167b83e494751f55ff581a86933da99e0ca09b
7490.jpg,validation,7490.jpg,e7d4da8e28d5a2d37980a13a6467df3cd3be9ad9c3cfd0e25f2368dd27384321
7491.jpg,train,7491.jpg,b995b71c0c0149e9a9b2d2edd84b381e1aa026078df0c1cba5a7702a52e9352c
7492.jpg,train,7492.jpg,716d7fad3d3bac7f38812433c5e1051504d098e236a846f373eb6850ab7d52af
7493.jpg,validation,7493.jpg,30b5667f60dad6b93b11c2510f0c292d7457214eb37430dec0afa6e77d74f072
7494.jpg,validation,7494.jpg,071ecaf61c2522b930f3d925a0199d83919b75a7d6ffb8ef6748f0c380ab024d
7495.jpg,validation,7495.jpg,cd12fb17334f8daaaefca7616b13249aa0958919494e70a185c3d7c31c5d4b6b
7496.jpg,train,7496.jpg,13e416c4decd66aeef9ab2f635045372e6996220549c04750e9188010de1fa62
7497.jpg,validation,7497.jpg,b2d0abd29ff5474b9c3f5c30c5a6ecb1cdc7825aa2734a6e8d49d5fbacc056e4
7498.jpg,validation,7498.jpg,afeb4fcf036053e8149aa1533be069df9c464c9bb0bf61c3a1c37e35e3f3c93e
7499.jpg,train,7499.jpg,f25246e69493af5bea5e65f24bac276ab022d5a01c6f3e88f28b6d26b1092ff3
7500.jpg,train,7500.jpg,315aeabe2f4a66e5d538c7dfcab38612a218a716be0f4b047f45996f31e00644
7501.jpg,train,7501.jpg,f31122b8eaf61b2e584ca1e223485f9aa6408b54e1bd32f856bdf6a9efafcaf3
7502.jpg,train,7502.jpg,b39118059ad3f749f4082178de3bb1a01e41613ad2f4af4f97d96b7d7cc89394
7503.jpg,train,7503.jpg,f5c9bb0e67aec001747b03b2b5a67ea31ad296846a776fe18f5a789bd1168415
7504.jpg,train,7504.jpg,1ffc75b34b1385a4cdc5b56b3a55a2760f21d998f1576c98d08c5f0c2aa3a8e1
7505.jpg,train,7505.jpg,9d9cf05ec2b89bda85f9d9c2d7678a0364f983ae2ea66e0a1706852fb605d7c0
7506.jpg,train,7506.jpg,446f5b4bdd7d36cf767bdbccbff12cdaa0166c7324567868966268e4769c5440
7507.jpg,train,7507.jpg,eaf3d596fe1babc8dffa21b74dd93ee8306a2ec3ebe9da745a223afff25bf1d5
7508.jpg,validation,7508.jpg,b2df98f6dd037059e0ac89f297b86e466c1faef54bb4111ec39753e666cce290
7509.jpg,train,7509.jpg,51878877e987e2303f6b66346191abd435e44b3cc9d9645f6b87eb7fce84dc61
7510.jpg,validation,7510.jpg,20b71bcd29bd874f56029232b8d051be2682521b077225be6ca61e61b4147661
7511.jpg,validation,7511.jpg,8e1b311abbacf1846dc487ba4f2f7a576b5c14dc6a05b04cdacc1cbfcfcdc659
7512.jpg,train,7512.jpg,44c05f778c42ed2fb66117fd6a2db9a9234c7d1b9ea686103a068b37bf15914d
7513.jpg,train,7513.jpg,8dcc1a1f476dac02296cd29966cfa8dda356f3e6d7b21a0babb342b5c5dfcab0
7514.jpg,train,7514.jpg,bc6218fbfc668b76d210efb48b6b36d36a0dd9ce4f8bf5a4eeb797915f77e91d
7515.jpg,validation,7515.jpg,64a0a51b313df52446d43ad811873cb37e764f95b59236e5173a986ab983e49c
7516.jpg,train,7516.jpg,773e9fc4c59d184f69485786d1728932901155e2670d77c90ccb5f7e7ee71f84
7517.jpg,validation,7517.jpg,ef2b6eaf34c7091cae54027a11c52d866920a801421f785bc5a4e1157df7aaed
7518.jpg,train,7518.jpg,7026792644dc275cb76e64f2b146ad62ff82af090447c9ddffd7a05e82c96fd7
7519.jpg,validation,7519.jpg,96ecdb8c25317b687e11c8c03cbd0e887ff80e8d4da4c2b5630dc5dd5eb1f38f
7520.jpg,train,7520.jpg,156512bec185f540ae9ae0f89c4f7ae79c5969207647cffab20563c407d8f976
7521.jpg,train,7521.jpg,06965d8c6fb0041386b582455ca9fbcbf0651b97c50f0a6338504f48e9394a54
7522.jpg,validation,7522.jpg,543bc516d3392147b189dd50d7e680c1af4e6c5b6897b0dea0f1c5d288150fa8
7523.jpg,train,7523.jpg,658e017f34de8a76685c69907e975b051e132f9272c937fde51b3ff27e278658
7524.jpg,train,7524.jpg,5558ff0c65955ae37aed7f94849a3eaeaa6753614ef41d6e5d20ed96d71787d0
7525.jpg,train,7525.jpg,c80b42a87554af4cbd0da0e83a4034a537a28a6f5059c412c2be63e4e351f54a
7526.jpg,train,7526.jpg,1b47976fea1c425ba304287874140ae8b7de59c99c7f22aa20395f34b6885eba
7527.jpg,train,7527.jpg,c826e43bc30e4b785e5205584bfce90dd637a9aa54b37a888f6e34d05acd48d4
7528.jpg,train,7528.jpg,e07378456b28a7ac63bbde8510f917dd8905a5dfd337266f9448000b33bc573b
7529.jpg,train,7529.jpg,3e284542894f8759ba61980423d322c8eaf38e3abc0c2f7d26832f0910600e68
7530.jpg,train,7530.jpg,fd8c72e9aa432b83ac2b46c3ef13f535ea5fa4e02acc833481a511109337eb60
7531.jpg,train,7531.jpg,9f6b0d0dfe2fbe0f4aeb4825ece0378437326e72378f643dcc1daa3f6eaa050c
7532.jpg,validation,7532.jpg,357778b93eb61deb04e0220e61a6cf172c588d2da0c207af94e1ec301d04e3f3
7533.jpg,train,7533.jpg,7ea174ff69807d9507001300ea7249519cbbbb61e971ebcda279e67e102b3840
7534.jpg,train,7534.jpg,148ed975f65ce32dcc7c68170961a9db3a1a1e35b770afcd7348581c7fc3c66b
7535.jpg,validation,7535.jpg,b91326edd987b917e65960c59057ac59075c18db54f861730f3cd029b1cce5b9
7536.jpg,train,7536.jpg,88ded38c7ffa33028f42a29b7b6aa69e58b220d4ec5bbe92498048bd9686e81f
7537.jpg,train,7537.jpg,bfa1e95b7dc2ae8b08842020425759f1e432858f5da7df2a15f87a0f2f2f7f83
7538.jpg,validation,7538.jpg,ee690a550e21d44db3259769bebeb2beec9640a040591cd9ea0a596c7dd332fa
7539.jpg,validation,7539.jpg,44e61bafb8e02978a38816647fd6019e4b167ee58fc11e0731d5c2e727650aee
7540.jpg,train,7540.jpg,1b97ad138ce0a9cd492f6c278d103a34b40da407eaae40e7975ab04bc0f87896
7541.jpg,train,7541.jpg,db94d38dbd77636faa7e1119731b131687234373329dcac76b88eb96859ae251
7542.jpg,validation,7542.jpg,9b77ae9cbe1634a40a6b585735a1c2ba159d97dc7467ce701aef096a243373a7
7543.jpg,train,7543.jpg,2a6a66224fb6afdb28bb8e9d63d2d77716ff963e115953b7578c578e4dcd5562
7544.jpg,train,7544.jpg,9da0b3a8849321d4a4b1f4e9b592e8f1ac40888085e86ac91dcb05a41d3c4631
7545.jpg,train,7545.jpg,0045ab5be9c11b004353ef6bf997f6bed79a2c60537c620e644204db089bcbb6
7546.jpg,train,7546.jpg,84307a5a4911012bb2d213baf58894b9f4bf9bb3587dd9d9e2b058e031639db4
7547.jpg,train,7547.jpg,c96766abdb5454718fb14dab0d4a9a29a2e39e7071a9acd53cdc4b70c3f99e9c
7548.jpg,train,7548.jpg,84e175bd6a37e4b4a20041dd260b15ce96c0e4703ffe41ee928138e3291690f4
7549.jpg,validation,7549.jpg,d18bfc5720775e136847bda5a2a8d6b8853a70a0532c4ec65dc9db336a8cd9b8
7550.jpg,train,7550.jpg,6a00e3ac3db2ee2a71e0a9c0e0665c0d788fb31dd88c99276b8b6c69c784b7ec
7551.jpg,validation,7551.jpg,1051ba98f0d79305610ee68eab899f4d17c921108bbb2813799cc3123cb06c22
7552.jpg,train,7552.jpg,13b5a44d20d1a037f03ed7e49bbc52a76255df03a33fbdcbf03ea8988adf2075
7553.jpg,train,7553.jpg,a630a1929abf8db9fa852ff89f27b94035d9a381b65b9bb9b8ddcc923d2eaa67
7554.jpg,train,7554.jpg,5684c66c81cd179d1e8e55d210b5e2e7977fa2181c1d4a766d4feba73fabcb19
7555.jpg,train,7555.jpg,cbe94e53ab0a51a0079ea94ea6b5d6e7a67e1bbd49e18a64e6647352379477ed
7556.jpg,train,7556.jpg,a0efcd7896cdc587ee2cb09124aeb79c95b890c83d3236652a5f4078fcac9f47
7557.jpg,train,7557.jpg,7d784afb6ddf2f44c6f4ebe74c7b75f4da242e1a2984bef095fd05aad6d42b2f
7558.jpg,validation,7558.jpg,440953c986d1401859fc7b97b5e1f1dcaa7483a9a6cba4a80c3110ad4d8cfe85
7559.jpg,validation,7559.jpg,73dd23698fef95ec72931e60a80e9aa262c92444c2301205b959a655b683c8e0
7560.jpg,train,7560.jpg,fc1ce09bbea6be6c3628fbae2c2a8503ac109dd24c755f6d973880cc6383de37
7561.jpg,train,7561.jpg,de63d7f8c2477f6c3465bd880495a02ab53df694f7cad7a612b83d226f144f46
7562.jpg,train,7562.jpg,0e98ce178f13c7cbb4adfe8025deb0d627159c3efa30149f0dd95f157ea8c175
7563.jpg,train,7563.jpg,b50917b429ed97bfe2d3e5b576e483ecb17ab079766ad6478e0035c4b8dd43e6
7564.jpg,train,7564.jpg,a5ecdb538b0209665f68f3b67451513a80201cc232e7b48ecbd1d497db78f3af
7565.jpg,train,7565.jpg,01626ec3aa13d5f0a95aaa9fc66194e32c1f775e91b3aca5c4865c68a7046f15
7566.jpg,train,7566.jpg,d600f5244fda9be46161b48a9d7fdee66e8141def9af91b5aab7f0fc0440fec2
7567.jpg,train,7567.jpg,92207978d2c4a6311cf163fded00a9b327d7613e36b57da922266fff930b0472
7568.jpg,train,7568.jpg,a4ffac430ec1bd0fc3d4614c6dbab8a3d0861536611f3cb6a1c3d39b83956277
7569.jpg,train,7569.jpg,239995038c3108a82f06957087494af1e684c5c80fc9b72f6d5cf3c0ae4a06d9
7570.jpg,train,7570.jpg,10d4c822ffe6290dd6271e3aebd4ce41778ff98063bd848eb4fe13f2b9249dbb
7571.jpg,train,7571.jpg,a721a56fef79ce5bd765c24a28b889dcf7256b4d3104fbee4a4f0f0055b7af45
7572.jpg,train,7572.jpg,a086dcd0108ca7301765e3a6b9a41fe8c6ad25c02062cda8cbd8ee345cd5ea7d
7573.jpg,train,7573.jpg,0178949bea6ce2f5b2032f961a05d5b350c6b5929567c5ab4303734a75d1a1e5
7574.jpg,train,7574.jpg,f834f890c49840fceab56be2ebd21cf18fde40918874b32473bda337a6430993
7575.jpg,train,7575.jpg,bb44c1b4fa14ce0dabbb571a92a4da3d5c8117afd95d5c5639ce045b77290828
7576.jpg,train,7576.jpg,359ceb2179f18aef9fda2a73e7537a9360ec59b8c31dbb546a38f3e5eeef4156
7577.jpg,train,7577.jpg,969125427d10347ebf391473117d061f6fd39008699f37920d1fc8db3a56680c
7578.jpg,validation,7578.jpg,33c4b471e09e457b88d47cd26525ecfbc99fbdada5aaea94e7833e25c58d05e7
7579.jpg,validation,7579.jpg,8aad08fd1d36352bec8ddfb9944c88a53779a4131f85c7e32cb56beeffc0e9ca
7580.jpg,train,7580.jpg,aa84f4196d987f011a833fb486de2058c34c165f42262974978b9dd9d2cc0e9d
7581.jpg,train,7581.jpg,635deab85ee7323a92389301ead66821b9bdc4d2a428c330ba4e91e5e8d33eb3
7582.jpg,train,7582.jpg,9ff132e6d4269a0dbf77205ee62f1165daff4d0686574d37aafe04cf3ec23486
7583.jpg,train,7583.jpg,601141df56a959a1a2f8fee0b3b6d1c6495f3d74abda97a3b3bf75509a03ac6f
7584.jpg,validation,7584.jpg,66eaf91b883906c53d9dd83d1af17635e2a2c3a60f3ff281df61c4f0b0ab9b7f
7585.jpg,train,7585.jpg,47840f61508f50bbce25916421f3e411b7c98f816085ee86184e788bf003acf3
7586.jpg,train,7586.jpg,9e0fef0c0d89ac2f40c97a310f75ac929803cbdfe0531e664b703231ab4eac74
7587.jpg,train,7587.jpg,ff08a0c8936d5c9b7dd3ae12031c59f02cffbbb0e049e1b3c62a251d8e90e7a5
7588.jpg,train,7588.jpg,78761218e25f90baeff872547a1ef36de0ed474e695d7523f055370de46b2362
7589.jpg,validation,7589.jpg,c4cfc4049f5d00e377b160915214f2f4a4a0f824492dbd5e1812d4682a3fd85f
7590.jpg,train,7590.jpg,4f0393400bd78c81111ddf252decec784bc1e06739eda78cbec768f8816df497
7591.jpg,train,7591.jpg,d50eb7f8d3521190b644a1807c60cff9e04648a6bbf471d6518d0a6716ffe390
7592.jpg,train,7592.jpg,6f18a4557e27c1f3784e19d8f819591adae3ad33eed9231ba911d3b971bf2c61
7593.jpg,validation,7593.jpg,05cf51607d40643c0cefcfbe54102f21ba0ab424ee381143861a5ae4e9a533a0
7594.jpg,validation,7594.jpg,6af9e974be97b686842f637eedc12e3892b0391bac61c355528dd43d0f780d41
7595.jpg,train,7595.jpg,fe1e9b364110d465b665e42ca1627d980323885b366b516a5dd8447b9fbf4896
7596.jpg,train,7596.jpg,799c9a69edaff3c9e0e00eb3aa7b0b0f49e04c16aa4acdfc3b414dd20352c5df
7597.jpg,validation,7597.jpg,0cd3a5796d09ab38cac224d59ba5e1b678fb4d23d8aa940897fa3dbd7ccee67c
7598.jpg,train,7598.jpg,594538db838ec9eed5a58b3215893ce7b38620d0d813a0b28a9c75e2f02238fb
7599.jpg,train,7599.jpg,884bedbcfca57b9340a3981652f7d3ed7e7bbe5a61af0a66a1c38dd23b5c0720
7600.jpg,train,7600.jpg,0f811bf8f747b833074d25831b7a3d004a1414cc30aa8b62885a549f7746ea17
7601.jpg,train,7601.jpg,aa7e448f8376f1164c9819de2c48fa517c9d2266175ea7993a6f3f907bcf470d
7602.jpg,train,7602.jpg,c2647641641683feeefa6568307a66b708f959261bf0e722d5e03a6f4df83c82
7603.jpg,train,7603.jpg,6337876b945a52f444688f81fcc5f98379603a23a6689880b3b9ea6b6e3382fc
7604.jpg,validation,7604.jpg,d98571bb12e1bd58f201c32462effe8fffd5a6311089682e27f52649c56e7c20
7605.jpg,train,7605.jpg,55cf4c27b36d01eee8e821176d9772cbfa02d37ea5d3305a848ce339a23bebcb
7606.jpg,train,7606.jpg,0f1d12e82ddee2c34486a509c74737d68fddf9e82f9bdb62c3fceaac410ff816
7607.jpg,train,7607.jpg,fd02613afb9dde45fc51028aa8cd1e52c7f7fc4278890b164217d919931c7ae1
7608.jpg,train,7608.jpg,d87d81b88936e6d18eab4d8a767793fa6283fcff85cdec241b6fd6b3feef5c1c
7609.jpg,validation,7609.jpg,62553645a05a245a99ccaca81868601d47ee58a9fc36d9e826ea128bcd868a2a
7610.jpg,train,7610.jpg,31c2189b3f6f491fa9c2a48935b09466f4e7a1b3ba89a1c3d2cc45913c67c6bb
7611.jpg,validation,7611.jpg,8418f0473b261d3c073fdb64b0c3642958809406530d46ed2ac40261975835ff
7612.jpg,train,7612.jpg,5e173bbfd81bc6c8705ca1767ab42ddfd2b4a608cc46b7d2ada8aebfd566e963
7613.jpg,train,7613.jpg,318fefa53d3997227085d7fcf0e806074a39de4272ca6e4b26bc0d68aa4ca891
7614.jpg,train,7614.jpg,28ddd8ced7bd336aa49e75f93b99b9d0c2fa5d42adbeb3fe1e6d6fa518ea5114
7615.jpg,validation,7615.jpg,5a828cfbb50b2a9b33293220752464ebb897cf20fe15ee382060dd685979456b
7616.jpg,validation,7616.jpg,3ae1064460b0a09a8afbb3c3c294236c64fe2da250accaec80493ddad51648e4
7617.jpg,train,7617.jpg,b64a6846a01f889a27eaa8f3130ed9ea94e08ab19dbc4d1febd67138f49a695e
7618.jpg,train,7618.jpg,4c13edc59a2ea5636978c3e044bdf7790dfe54bd9521cdaa88f9d0bbd29e424e
7619.jpg,train,7619.jpg,28efc152c2d5a531f1a05699c10088ee2057bdefe0b102fae3ae6455ed0640ac
7620.jpg,validation,7620.jpg,9d5b468b8fa065f4516247c317bcebadb558d4326cf64488d15b5be8b157825e
7621.jpg,train,7621.jpg,35accd23a5e2ce6d406b759e6fe809ab1fe6b869fe35a3962fa4db1d04c18fd2
7622.jpg,train,7622.jpg,53e69272a29714125315b9fee39729a72db5bb6d83a773e8bfd62c61fed0411b
7623.jpg,validation,7623.jpg,d09b7658b9c5fa5e90d522bbf1b131f6a73bb8c655204afea6fd4957cdbc62a0
7624.jpg,train,7624.jpg,e098f756ddff4bfa1904f151d59c69298ce5617e91227b49c8247763adc72ca1
7625.jpg,train,7625.jpg,33ea903d77f889b2a4c570e3c69e4be2f818167bc6429987be9d208b2ed2f6bd
7626.jpg,validation,7626.jpg,22e5bfef11617f68cd44cb684146c8e367862dabd1a7cb5d4e07a265c9ece6a6
7627.jpg,train,7627.jpg,0a0913c47ea1ac8f07805e8c1c08f5c47a1d3b7e2caa134aabc93ac873237a00
7628.jpg,validation,7628.jpg,55bad376617489ad4b756b07bf3f111873ae6c0f44b99e8775781d06a9de3108
7629.jpg,train,7629.jpg,ef3b0e85462440da413e83fbe2139aa0e93c755fa374acbd703e2a842ec7addc
7630.jpg,validation,7630.jpg,8cf0a83d5621a27666e4494a21cb422d34f6d152b5558df5f0cc7ff17fce0d5f
7631.jpg,train,7631.jpg,2de72d35814eff031549fe725bde3150bb512c5fac88cf53621eee4deee8935e
7632.jpg,train,7632.jpg,4445037f0e088a53ce35b914aa14788878e2c15079038b5f14cdad456968c12f
7633.jpg,train,7633.jpg,93f0f291de00faaf9f89934a715d0cc0b830c2d00d1d07f5932489fdaf999078
7634.jpg,train,7634.jpg,8900ccb91c053a58dcf3e58848bc25991e57d8cf0636f6d0e12e1a44ea29e8c0
7635.jpg,train,7635.jpg,5eed906d6ae3455b28158329d2c56390f4447b5c3ddc4f2774d5af31ed35bd17
7636.jpg,train,7636.jpg,415026e4f9e6ad30644281ce13302a196b30877309be8bde93967b0f86c7732f
7637.jpg,train,7637.jpg,c80af9188730e660ccc13b58f0dc22333db3411e491c258640ea73708cdc54e6
7638.jpg,train,7638.jpg,c123aba4835a6fd0790ae9f6d0b24e4b05abc4d823b462b4b6466a6a79484505
7639.jpg,validation,7639.jpg,b58c120484bc3e58910c8f0e809e8cdf9d1a906f069c6446ef3bc5266856df00
7640.jpg,train,7640.jpg,7764f7802d32472fdaa1f667b5b016dca67533c3bcff45e4d264f1c875149050
7641.jpg,validation,7641.jpg,b4383794d5359e4c41bcdb88093d63ec9f32ddf569bf98e347dce1038375275b
7642.jpg,train,7642.jpg,b6c958a0427d75e150f6b218bd3d347abcbac7287d844a274c6155ab03202e96
7643.jpg,train,7643.jpg,e13f9ca63c5083445c26d09530ac592c8b5f2221fbc1489ebe07ebfd19a7acf3
7644.jpg,train,7644.jpg,c0ae96e869f76aaa5764c055c69bd738e349495c6550cb89ac201f5460d07848
7645.jpg,train,7645.jpg,2a6f2afc5630e7839304ac1e70e2aabfade2bd4e965671c0850613e40a488f5f
7646.jpg,train,7646.jpg,ed58b96f05c2d5a5c2665ba728632089c640d5e8e7509cec37e21d290178abba
7647.jpg,validation,7647.jpg,6ebc03313e3b4c3b79f775d8212f9ca9a0c70007872b57290b690bdc5d7a730b
7648.jpg,validation,7648.jpg,d32abebe09e55fa9d351c39c490116dda6178bedee995ff20ba10e97c3256b3d
7649.jpg,train,7649.jpg,c36ef1634b9d48cce4f10d3b14b6891f055e0c7ad31dc64923b4987463c80c5c
7650.jpg,train,7650.jpg,df6dec363859bc3e57da18731363d43bc1ac1d5ddc0e5a6fe42bc8bac87d36ed
7651.jpg,train,7651.jpg,ea23aa54e6484f6588a6f23742c45d418817990a6fb47f9ec5ab517a7f980f63
7652.jpg,validation,7652.jpg,540933be14bdb59003d4a64d9efe0fb5315f38086e7a7b2bfa79482ed29b8a44
7653.jpg,validation,7653.jpg,d15249d4b78137ee7c65de41e2df8ec37cf84a2cbec6be13b8f8b6a3f31a78a4
7654.jpg,train,7654.jpg,07a6d12236764a7d9396292f503707ae6c0ab8eb95bb1e2ac21ec6cff7a528d2
7655.jpg,validation,7655.jpg,512d93d3401174435c58aed1c211c2943d27b9b97041e05bf3200e5e454c0269
7656.jpg,validation,7656.jpg,aca39159dc9c2e0bb10c9d3a2cd560d21e23c9d32205a3ad88c943cb66b00dbd
7657.jpg,train,7657.jpg,59865daf91bf59450cc6329e358218467d128c6b088ce03b249e5e10452f1744
7658.jpg,train,7658.jpg,3c88185ecd17b53c95f496a30c6a159bf6294e6c60e8e9f826e149f86c4f750e
7659.jpg,validation,7659.jpg,c032b4b02ec00bfccc3dd4f93577f01a48d4595f9b5f01643f882b1bbda827b7
7660.jpg,train,7660.jpg,ee9c0286c4ef6965d52bcb5fc5221a30174472bd0e6a1f267893cef06fb0ddee
7661.jpg,validation,7661.jpg,fc0ef58cd28919658e19b3bbcd6a1512437c490a233a5b32785938638008d286
7662.jpg,train,7662.jpg,7e76638aafefa1f3a3e8493d205b2f7a9b20a2430bfe91e8fbc7862479336f9c
7663.jpg,train,7663.jpg,eb088a31c3f0c938b94f292bb1946850bf6e9d6db6f329896bb215d5d2b0c9b1
7664.jpg,train,7664.jpg,fe9bb9d4f18bd5ded240537b1cae9781d5ed63387eb112252c65b150c18732fa
7665.jpg,train,7665.jpg,182a6c238624deb1b5a3ddc3263b0067e4cca46de09137f422228e5d992c569a
7666.jpg,train,7666.jpg,f77876d00dda142d15f3edc1dd55698fe18dbd175aa93e5fd47bdb329afb4001
7667.jpg,train,7667.jpg,8146d1f0a054e77a48ea3f544dabc8c3e5a1cd6fbe061637156f81300572e054
7668.jpg,train,7668.jpg,f64e773501425a7c74123523bdf9dc26f4f8473bbc9dc84f290524ad42f69e9f
7669.jpg,validation,7669.jpg,3f9ffc3f5a45af76ae3db16099c57d54ee607ea4fbdc1f8c06b84c986cd9821b
7670.jpg,train,7670.jpg,5ee4d196fc3852999e912b22436bf403d6405b68a9dfa81dd7776c3d5908d3f6
7671.jpg,train,7671.jpg,d2cdf68166314c9ef2447a30ab975529d0ee75f3982102cc084acf0f1d54717b
7672.jpg,validation,7672.jpg,cf1097c1d491c1bd0e9dd150b1b75e7bfa81eb21e570d0bd2257fda5d07403d1
7673.jpg,train,7673.jpg,3d9952babe540eae4c8d6e689e007b70cd672ffa0a1648bdb05b8d40fd7e6f17
7674.jpg,train,7674.jpg,6acdb254d1763a3695c20a3ed4bcc3ea5bef12a2f9dcb7f7712b07b2426084b0
7675.jpg,train,7675.jpg,2221488aeaf51d7b0cb2246fe01dcdf0e08423a7e3ca6561dae1c9a56540a232
7676.jpg,validation,7676.jpg,7fc80eae6d2e5f8730abb8bd29311e9fc34d3dda83a514b18fea399c5d2e323d
7677.jpg,train,7677.jpg,9b46cc6d6c4bd416b6eb0ed41d8a72fab8c8ad7a5f44e3297b0f833d24695b6b
7678.jpg,train,7678.jpg,10a06c3062e61dae3e29c1040c8797c3d5e78cec51987a094ea0f168bee6f778
7679.jpg,train,7679.jpg,58d589deb2df59fbd13f3c86112eca6aa3f6c1600c1e28679fc42261b7d4cf32
7680.jpg,train,7680.jpg,3af1640416d3ca3b3da7801167d5c31ebbca03265fb4b97f45a6d1ddc3976e0b
7681.jpg,train,7681.jpg,dcea39d016cbe623107ba718fae4c5bd96c9d2ca4ff1e40952ff855112c37829
7682.jpg,train,7682.jpg,25d2a7d65b49c1cfce9a2bcda48887da1701f0a569e638a2b53439e4fefbdf3e
7683.jpg,validation,7683.jpg,65bee837b96a724a20f3b44e6933fee7a68b401d9303ac6b71870e88feafdec3
7684.jpg,train,7684.jpg,c9d4570a07c43563e37cd9acc61900d0e72042bed7b4cf0a74af7dc1164a895a
7685.jpg,train,7685.jpg,63f5283655d949289f466363e9f304e264e2916886f9f468cc8295fe3a4fe670
7686.jpg,train,7686.jpg,9616110fd78c5500b32578c02112a605b61dc66b1908ff5f3e6609f61e03deae
7687.jpg,train,7687.jpg,e49c180d1035a035d47847ef04fb764554134c10a3175b2020b1c8414b1c497b
7688.jpg,train,7688.jpg,6d8ff188ecf0fc87066f1ad5e92084c6b2f3b2be0d60b4bf5ed15d619b062490
7689.jpg,train,7689.jpg,8949584df649aa3730ef81532cab0f5ec3176c64b5e9c78f0007a958a81b4518
7690.jpg,train,7690.jpg,dd4cfb5ae03ae1e03b0233ee6144b1ceadb56c442b330ab87c6f6ae35e668874
7691.jpg,validation,7691.jpg,b5ac7056b029aa157f27e42940d862e43d86f0209f44edf9e93e5ee1d1c60c4d
7692.jpg,validation,7692.jpg,9674b6feeabd98436c530d7ab1f58f9a83806788e4d8f82152c4a6dbfd7c52b1
7693.jpg,train,7693.jpg,1dd4ecc34529d28b263c7b0805c7f898f39a2a782cc7368b393731d7c5212d7b
7694.jpg,train,7694.jpg,dee28988d6121d1a9046033dab05b2bad8eead47bd636f968128ae2d4541d422
7695.jpg,train,7695.jpg,2c2e16fcb40cce391dad94d9ff729a40a79cc6731c11aec7ff870ca2bb49add4
7696.jpg,train,7696.jpg,f1a789bc61c208bc2d0277918f9d7af837c458e0460282bbe95b9373630ab4c7
7697.jpg,train,7697.jpg,56abf3f27d451d763084d8ce5ff3a82a52c30b1028fa9b2f0046c09c76f5a892
7698.jpg,train,7698.jpg,b12bee219c1e31d6e64b3327e0ccc12b204d01b4e85679d2d0af773f9f9413ed
7699.jpg,validation,7699.jpg,9a2e629af1d1b9ffdbf197df4924a502d1fe4c582282e8a041b2f95f45c0de9c
7700.jpg,validation,7700.jpg,d64c309932bff7c28c41089eed66abb1e7c6cbf51d1e9114c9da9b3c85779083
7701.jpg,train,7701.jpg,766472de42d15e3258f32085f9bbe5b95cd4067595c7007368c3acd4db576ac3
7702.jpg,train,7702.jpg,b288057c5c00a776e5b7efde9dd092fce8b415e627a7cc82410261c7a1d2016e
7703.jpg,train,7703.jpg,d36e5aa027db5942c02b897e34e7ecdd896707161564d1c1afdb614fbd8baa89
7704.jpg,train,7704.jpg,472801b8fac6dacce099083fc85de13b32af96101b4bd7362e14a05125e64f18
7705.jpg,train,7705.jpg,0d102b195acf5817749233bd1819198b8960867c5c3be560310fc7810d6b6ffc
7706.jpg,validation,7706.jpg,eac3919c6e37f982c9b9e9a6e2e94d9e66fabf626608d435148b0ca42aab4a7e
7707.jpg,validation,7707.jpg,b78f2c43b612cd233d0e0e32fa94bdff9c49b84592939a1036079f9c3855a3f5
7708.jpg,train,7708.jpg,444e9794eed5ac095d5e24e20f484cd5c3018acfa2f5406b39f955dddc265eb1
7709.jpg,train,7709.jpg,a64a0ae4a53b37778a76fbc1118d1d4eb2aaa325ac9c8e1154aafade036221fb
7710.jpg,validation,7710.jpg,37f595f71469e005702038ca73e45ea636c206b402bf00f514a4e102653d06c1
7711.jpg,train,7711.jpg,614faab12fe3c3a0b22995ffdbc9b3bd25f529b2600443dcc86786708b0c02ab
7712.jpg,train,7712.jpg,449c059454a29cbe2a8644b26636b091d5066854c05805d79a14fdd31e1d6129
7713.jpg,train,7713.jpg,50908936cba0b6b95081288f244d003ff72c608cc51ac758c403e9c4b10eefec
7714.jpg,train,7714.jpg,fad4d949e819510f9f475e2dbba5aa9ec997180c2c2d0da35f1f9fb6b155e3f2
7715.jpg,train,7715.jpg,b3f8136ded92b253c9006bd99bae77593522d4a2abec2d0e549c8c1328fd47a7
7716.jpg,train,7716.jpg,6d0b2d6c5f0057ae127f97c3a9b932f5fdff4175c103cedf411a2375af65dfe3
7717.jpg,validation,7717.jpg,500203407ef982715e3205bf4a7e15db536d217ea100ea24f238da50958aac1f
7718.jpg,train,7718.jpg,9d7a2855ef1523ae49d1c119d91eeb3c6e4beb90971a0cc7b7f2ce60755ab6d3
7719.jpg,train,7719.jpg,9da74572d54be3f56de48a9628449b19d2fbab757eca12b7a78208707d8c23c7
7720.jpg,train,7720.jpg,6c6a6295cc52f0fae533af62a4b3375858a97be82a2a196038eb203bb435194e
7721.jpg,validation,7721.jpg,054e1e372fc9e8d06338d398d0e7075caadb6fe1be8d6e1107bfeb79e3bfcf4a
7722.jpg,train,7722.jpg,60b20e1785bd71865f6c8a2a70095679af51b8e288bc8a4aee037cf61bb07a25
7723.jpg,train,7723.jpg,49d7534f235d8e0fe02f6feaa1baf5a81ff88efcdcf9c4df93f363ab8b02cfec
7724.jpg,validation,7724.jpg,62ad91fa8214d40be9b740520a85e6551e044b3829971bf7bf9c74fa276fe66c
7725.jpg,train,7725.jpg,ee42bcfa952f3d04ef44dedc428ea6a305d7b1f12cf140e51b46035ad83fba97
7726.jpg,train,7726.jpg,e9c11b1c6c5fcb47f913235dd9af755a7ad92321070f9f66c054995e56547beb
7727.jpg,train,7727.jpg,4771ba02193e6262a93a862e4c1aeda9b69ba090dfb02ff885411535223fe04f
7728.jpg,validation,7728.jpg,2808e50fa62d71dd2a9fbb467c4f5261a9c05a7b0d16224ea0ac4f568fa49477
7729.jpg,validation,7729.jpg,33c9f5b76b6ddc58d432179bb1582de6121b77f960d26f919aec1e24ca7ec423
7730.jpg,train,7730.jpg,7bb2a55d6eb47173ec8f1572a3eb16d70edbe624e32cc25ce49a36a22cf4999d
7731.jpg,train,7731.jpg,05bff6cb1e0de5f67544e13126bd7c53c35e7c7708eb21f31479a6d1bae1b400
7732.jpg,validation,7732.jpg,0dd8cbd0cd2223ae08f40bac4a98f7ac621054dd14599197c871eae56f72ea06
7733.jpg,train,7733.jpg,c40bceab88486dc1253b916da90d3b11777d1266f5e7c170ea1431abce75dd0f
7734.jpg,train,7734.jpg,5ce343f6b9b690532d511a3ec2376e9711b7e9770eb912154e2163e49d95b920
7735.jpg,validation,7735.jpg,99fb0438c319118201960b7b1c00283f5f7274be3b63a95fbc9886c6e5806e45
7736.jpg,train,7736.jpg,1ea10551a86c98515643386a0750b86afb6fdf997b31803a6d285e70d812ed06
7737.jpg,train,7737.jpg,0dc44e0a72836444689554fbf0c2b161eb1d2c22db6963458d8602ab01d0951e
7738.jpg,train,7738.jpg,cc62b338b9acfa3e608fc8d9697cbcbe9ed95ca12457c6ece1fa1e8e44b8fed5
7739.jpg,train,7739.jpg,c8a4644b7388e3ad5a8d36b820a5f5dab954278b5fbf4794672a37a1f3b8a151
7740.jpg,train,7740.jpg,fffebaf76fedd81e7fecac63529ab4f893095afa027a75944d05186d4f48d343
7741.jpg,train,7741.jpg,972ba8ed4591401bc4d1ef8928af1545aac6e56ca218ca91eb9fd612f12291d5
7742.jpg,train,7742.jpg,d74fe59811ed7275b8bd2599d5e18a98e359a05cbbabe61769569f75be6aa1b6
7743.jpg,train,7743.jpg,621d4231ba2c98f179f0c57a41bff5aea6408dd6a5d7ee868d654e1b306081ac
7744.jpg,train,7744.jpg,9c99967051a1d3fdd2c3b02a4efe0d626c327d48491e99915f9511720d40c0b6
7745.jpg,train,7745.jpg,a949a190995a4dfd27e3d3a1591b1cffff408dad6b167ac8867059d71e070cbb
7746.jpg,train,7746.jpg,86e5b2d87ba1547d0caa55e3b0c8451878dcd2c78f7a68b6eca163c9bc195a91
7747.jpg,train,7747.jpg,b14d3db6f6bd2bb8c1b0885a3bf0af02d99b5e387431551399315ebe63ff6352
7748.jpg,train,7748.jpg,c7ac81564e3f7695de78e708291e6842b82d9b8d3d33d53f2e49481b62426a7f
7749.jpg,train,7749.jpg,33f90a5e6e7fbcdf0db7960c4b5c6daffd41da7516fb0c4237f88ac4403225af
7750.jpg,train,7750.jpg,b78575e7651b1912f12c8ddce3b71d7aebbc1b367bd5c25e19407f620cec58f3
7751.jpg,train,7751.jpg,26b9877d16dcedf148f4a5abc498bbef99102ea5e79007a512af4717545c2193
7752.jpg,train,7752.jpg,03edd3fec98c5c22a9ef7dcea0fd9c0aad43806f73bff815880c4c925098e5d1
7753.jpg,train,7753.jpg,a5ccdebe0c5a7086bf55d73dc09f4ffd904fa2a5f423bbd7ce386f1f867fa9d5
7754.jpg,train,7754.jpg,938e61627b84eeb992942ac21c7d304fcf8900ee608428c336f78a243b86a65e
7755.jpg,train,7755.jpg,7dbf50a4cacc9d3ccfa92c56a8f07684e874592a97e9b9cedd7eeacbb70012ce
7756.jpg,train,7756.jpg,d22f1374415ed26fff4b694ff23bd4372c63bbfadb4a604df24d45906ef4746e
7757.jpg,train,7757.jpg,eaccab55d9ea2de7f271027836193693fe596cf4204b1a92a81313cca829d04d
7758.jpg,train,7758.jpg,12449681af0ea585f97284621f4d1fe0ed90ac953ca870dd9e52b1a68d8b7b29
7759.jpg,train,7759.jpg,8b935d2897af7562a956fcd7f664fe8eafdef024cfae2ee3378e5735caf5a113
7760.jpg,train,7760.jpg,c149bc35b9cd59d7069636e7d4b99f4b674a81dc5fbfd1618f4b8cdf9e807993
7761.jpg,train,7761.jpg,d12b1363b01ad18c63ecf9f874641fe723b804203571b4a97774afd72416d90c
7762.jpg,train,7762.jpg,3179e6280f88119e099f8b6a5aaca6aae2533c6818e6bdcffe3067b482a8b13f
7763.jpg,train,7763.jpg,cd8b7509e328a57267b3e2ca45365f82bc416c96ee8bf29e8f4b1c8bab6a7bbf
7764.jpg,train,7764.jpg,e96054b75c09f7875c4cbc5a01567d4aac6ba60f0ec09c00e955d07f1869601e
7765.jpg,train,7765.jpg,f0137de9b1de2b1e305c56c66adfbfeaa8498937c2b753c8a227d6fb3ab7b7d6
7766.jpg,train,7766.jpg,d8f9a73866ba73fed8619fc2bb500bc94d90948d53470c00bc9e7aab64a5e657
7767.jpg,train,7767.jpg,c2e28b29c330be44a2b48b6ed411e5915020fd34c4ef0266b9fcaf7d63b04177
7768.jpg,validation,7768.jpg,6a02b56d6610c763747d31d1a0a4e7e6f46cad00a9060e41cd4bba2520e77bfe
7769.jpg,train,7769.jpg,cce92abef628f6cd361261d6363b61edd9627ab61a7e13338f69592711a97e73
7770.jpg,train,7770.jpg,c2f6af1b4ca2fa763c92b64fec86d420bd223cf3582f3e41c9488e7b0d20683e
7771.jpg,train,7771.jpg,809e6dd339d8c43a19d57a227e787dbeff9dadce17ceb9bcb84842d4a92b6b09
7772.jpg,train,7772.jpg,fddfa76eeb8b8b250cd637cb811265c87c9e08e8f8aa6642bd97192f6f689158
7773.jpg,train,7773.jpg,9f36285c63da00ea3869a819abe6cf132ce456bd550788fdeecca1677e6acee5
7774.jpg,validation,7774.jpg,b64755ed2ad4ed8557181d925b2f57b5e9dc94d34b6ff68c513d36484a94a705
7775.jpg,train,7775.jpg,6037faaa4ff981d6a0bd47ba8ebbb0e8528340e72a60563e9b736c846f4803ce
7776.jpg,train,7776.jpg,e64c72a19ccdc7ef0931a64fab7f7166a1488bfebc8716c71488e0c3728d283b
7777.jpg,train,7777.jpg,e279b7b240a45a7710f30678490a60a51294f55a798733f13492030f2a7c816d
7778.jpg,train,7778.jpg,746dd9b6edc998489ce918cc461256bb748a215ac6d8318a144a059b92766bae
7779.jpg,train,7779.jpg,1a1a87029ad955b23a6d3baf3e1f14137985a9917c4238db6b395959517fee59
7780.jpg,train,7780.jpg,8b0ed9b02c447feb6d312331721c62d71fe1fa34bfcd830bdb7a2c72b80f3a43
7781.jpg,train,7781.jpg,9a7a369d22d58990eaadfc5a2ea67d1cfa4870bdd89b621677c4ee2ed60fb815
7782.jpg,train,7782.jpg,2947b3d0040193111ddeaec1d0e2fda8a957b70c6fe74cb74592d4e2a7149957
7783.jpg,train,7783.jpg,06697d15e2f7f099096366ca35d835acad8835063adf47d2ab1f457ca576e9da
7784.jpg,validation,7784.jpg,a9a38d6c55d70958531d0ccf0d90663f5c95df206da689eb25e739d46343458e
7785.jpg,train,7785.jpg,8720d566369b03e38b29e61e6a72f6decbc5bce848d357a346bec0753f166a9e
7786.jpg,train,7786.jpg,9b3d20c9a1bb05bab071455f2e8c33031e9d2148c430c14bfef330cb5337e862
7787.jpg,train,7787.jpg,894fc15cdf024ebe3f6a30109bae732adf548182e468cbfdd533e1c32e128c9b
7788.jpg,train,7788.jpg,4305491e05dc380800872a87d8aef928addee463a87e5a4ca2dee918603017dc
7789.jpg,train,7789.jpg,78a8a87a0c8e110df4d69406972f2962a24bbde4f79db71c9a7a02688281222b
7790.jpg,validation,7790.jpg,38b7fae6d216fa8e03bd99e0d6de0344016d4edd74f68da8f31ef3f754bc568b
7791.jpg,train,7791.jpg,73c46365bb0abdbe1f5eb6d33e62774b3b3d80525c7548e5db312e66715f7e7a
7792.jpg,train,7792.jpg,d811e6bfdb58b3f9abe286434ba3cbcb7ae413ec89b45a3c02ad9d2d9a2807b9
7793.jpg,train,7793.jpg,cf583cc5720ec0fa7797c2cf78ba13297475a50c96efed664559a0b6059c8a59
7794.jpg,train,7794.jpg,e1f9d80e526c478babdcfe348ff94bbedd1774cc194d41c4bf8db5757fa2c1c1
7795.jpg,train,7795.jpg,806e12fed9e5e7bda8a894c1801d55db936036f9f429d007aa3bc90d6e3148b7
7796.jpg,train,7796.jpg,fcf359d6e8018c3d798cbff0d20d4f030287013f712aeedceba879e4aa8e4c01
7797.jpg,train,7797.jpg,4ad52e4e0cbf72549cd32efbfb43387fb365f32475850b1efea61ea24bbcff03
7798.jpg,validation,7798.jpg,48030fd26f68c41ae1daabeb6305fffda3eb35555aa19a5d641bcd1f3b4b80b8
7799.jpg,train,7799.jpg,64a70bef36aa81b3b26773750191e9906f6b037e41562c26b0814d6c8e7b08de
7800.jpg,train,7800.jpg,1a15e785bc2ce1d76cd1f1edd42837eb09b53b2ac3fbb324a97175aa936b0bfe
7801.jpg,validation,7801.jpg,d02787378f06f37a663f9a64c16148e486a9e233be07a9d18d693bd8e7779760
7802.jpg,train,7802.jpg,8a7eb7cecb38aef02fa9821fb3fb66ea2e0541f6b54324ad19879829bef31f6b
7803.jpg,train,7803.jpg,139243e8c3f81ac3be01a3d0f4dc94593bb69df17c9f3c677474f8709bb8e2a7
7804.jpg,train,7804.jpg,247165d49248fe7dca8e7b92a31b972c805739c31db840315db8fde6928835ad
7805.jpg,train,7805.jpg,6ced32c80f33822805bd6b8b058d721f2dbd9554ead1ce1293c270fc4b71c7e1
7806.jpg,train,7806.jpg,5f4b2d5957a612ebc8f7ccb426104eef6adce9f8178f72e96feb35d2453a0d1b
7807.jpg,train,7807.jpg,f547acd515f5e5b88ecdda75aaa593bc4a65157d5f047985b7ef317a3f9c9284
7808.jpg,train,7808.jpg,aaf087ac19642b089cdc59fc5f042b958dc345a770f8b579f2c4bef776edac9f
7809.jpg,validation,7809.jpg,5ef0927441c8bcd652197fd3ffcd568ad137412aefd53a9b86e483a2ae78c591
7810.jpg,validation,7810.jpg,4e7c9353d3e3655e759db56f89df65fa4988e4ffd0bee589527dd6d536b498fc
7811.jpg,train,7811.jpg,c9fa3fe8b2673eca1553811e5692097e9e85c61710a2c06d8eaf863c4457a032
7812.jpg,train,7812.jpg,2e66e58d313114820b088b564dcff35576dd1b5385b3e60fe9e738768d61f57b
7813.jpg,train,7813.jpg,cbaa7db8da5db8753453b64066cc1acc30d59b5df010e68bdb1052a9e816dba9
7814.jpg,train,7814.jpg,9d17e119c39bd3782117537939b31180a0dc690de13e042bf34e919bd3718c0c
7815.jpg,train,7815.jpg,b74f94809b4e7c811a0d2e3dbf9a74ca49da8793aca3899a364d318f70422241
7816.jpg,train,7816.jpg,4cb3d120159d41c4e0987449f85d9f6b0b643dc4b564e6ce4538ad7eac9b836e
7817.jpg,train,7817.jpg,3150d14ecc8430246a2dc5c8908e1fa27963cb10f77139a2f630f5666f8d9e2d
7818.jpg,train,7818.jpg,4b970a6b8dea8813703afc9388af43b45eefe724ed8fd7142fccc35414d102d0
7819.jpg,train,7819.jpg,4c8a44a90ea323a7ecdac90dffdfd4e94a27fc3fc44d0f68d48339ef3cdf903b
7820.jpg,train,7820.jpg,1fb10be685b91a905fd56a6572aaa9df43837131751fa353ca9224837815f3ee
7821.jpg,train,7821.jpg,676c6a871deb3844175a44d79dd1a1d1a91f176afce64c045e5fcbca7a51a657
7822.jpg,train,7822.jpg,9c101b9c986134038ddf8979582430cd0dadc9a32eba530bf8eefd94ef58ebe0
7823.jpg,train,7823.jpg,afdb63db7d3e93d491213af10cfedf6e10ab3f0cbea056dfa3c7ed891238fcf5
7824.jpg,train,7824.jpg,bcf2e1295f2ddd408c0766d87e71f4b3b37e0a74f0972ae9a668daebe0e189c5
7825.jpg,validation,7825.jpg,e567531cd8a53272958bba55a0390906fce882cbbc10cd0f1df099b83a025036
7826.jpg,validation,7826.jpg,9015561fc63caeb3ad7b6ef4a1a735a231ccb3700d2bd0639507d38ad873c798
7827.jpg,train,7827.jpg,91034da9014b6bd2aa5097421936a3fc763a179930333fdb4181cdbe1b210bec
7828.jpg,validation,7828.jpg,ad62809d6002652b8feba37e2443130b793e265311c106602ec8101bb1597e77
7829.jpg,train,7829.jpg,7bd62b825f5d4bb59aaf5e298c30e259b0223e601acd3d9401ace21c9483c126
7830.jpg,train,7830.jpg,5118d8ecad9a94c735cdc03180c526ff070882b3e08d335bdd041a1a646fa5fc
7831.jpg,train,7831.jpg,7e1c0f78f9ade2f232830de63538629d558556f44cfcaf8d81ed27bddc5a1e43
7832.jpg,validation,7832.jpg,dfddd4603d70e7f12018b95834bdfb16962c355a421ff9139619fb7565526670
7833.jpg,train,7833.jpg,e8e8eb16012fe17fdc51e4064a3b8c9ca16d2da0ce66608b0095ccb2673b3b08
7834.jpg,validation,7834.jpg,1fc88faf6075d39c88771422c2c4247e5ad673c667eb0b5eab0ba6e22d1d8e48
7835.jpg,train,7835.jpg,303205d497a26e420612bcc2c173c3652ad32c1ba7e359286f07fa174e2aa4ef
7836.jpg,train,7836.jpg,f639b5c3e48ae52bff333c1680e0e3d16c9e55cb0d276a8a1e3c507691ce207e
7837.jpg,train,7837.jpg,d9d428393638e5614c320d6c02cd26e437cb54c589b59ee6b481ea9d13025de6
7838.jpg,train,7838.jpg,affb48f19858f9af90bc5c608502198d8f77999a76fc056621370f840c95fde2
7839.jpg,train,7839.jpg,c0c4d435e0b2e1a0def403522d4db0e53855027412607bb72c1931b7d68715e3
7840.jpg,validation,7840.jpg,f4a4ba570ed7b65f3e3d82ad24f259e431e9ebc3bf6042e0901bef06677d94d4
7841.jpg,train,7841.jpg,66d5b184c68e906f4c68ab0d71097943a5e1b6e97cc3afe3a7e369a9d46f4a42
7842.jpg,validation,7842.jpg,6b1bd20df95a003b32fdd90dc2eda2d36d8df84ab57eb301c7f7933e7965975b
7843.jpg,train,7843.jpg,fd882c812dbf7413b3f0101c11e9d2526b6ea4ff61891149dd1901b2883ccb69
7844.jpg,validation,7844.jpg,5b8c227564f6bfe85949c35716f7534f6fa454a8c86295f80aa5a8c8861bd1f5
7845.jpg,train,7845.jpg,526ab501c6da020b3e66b83f815c82eab1a952ed0cde178f8b6a522d4f67ff25
7846.jpg,train,7846.jpg,bf960ed1b8e47a7c71b2c1d36641fd8b7b862c46cfd6b09909b14278a3444cb7
7847.jpg,validation,7847.jpg,bdbc9d50dab44f59968e4cd5afaabaf9bdd813e8c7d01fc3cbe68b04a3cde210
7848.jpg,train,7848.jpg,b8c67bfbff5d6e3a49d321b7212be234af43c0f479d97bf11dcd82ecb87ad076
7849.jpg,validation,7849.jpg,2a0150f6efb077c5f297f10035b4396d1304e2648f1b17874c688a17ad37c3e8
7850.jpg,train,7850.jpg,5e3dc0efbeeb72b2a7296c4d1800ee6ddb80c7bdb1e3ca553750a4712eef51a0
7851.jpg,validation,7851.jpg,8f4b473b2b216c44b54acccc571c098f47a1306aa64721908ca9dfa8ce2d78f2
7852.jpg,train,7852.jpg,c58c84cd4d3bef3686dfc3e1d3e732c2362bdb46c89a690ec8147ccbf6d27efe
7853.jpg,train,7853.jpg,fc3546f3ed5f8db6d48c7f9933b83b4d24a755e369a1dfe9f6b4a62462fe8774
7854.jpg,train,7854.jpg,584ffbffc15a9f72023e40eba7009a9a5ca0f9f9f4eb1b3dc42e3a3ebaf7f8eb
7855.jpg,validation,7855.jpg,e3804e3ccb246d8f84a8be8dcc238b3a2b210bc51a848e3032406786552e4116
7856.jpg,train,7856.jpg,3bc709a2235502f713a7f7bccf020fb8ea2dd372e6a77a137cf83f6e9eaa1e82
7857.jpg,train,7857.jpg,7bf600345a0e5025e8071e1118f47712a38d0a3885c9debf1e702d2118e44329
7858.jpg,train,7858.jpg,cbb659b98630327fbe24e59d0a0208cd5649255399f8320ba2aa62a40c2e9c88
7859.jpg,train,7859.jpg,da02c240c8d209e383f77bccffadf61780d450f6572f3318cc92bbd3cb24dd6a
7860.jpg,train,7860.jpg,4d468b2e7c8a2339604ad0dc228ed79b72ea536f8f834bc7ec97d3e269142104
7861.jpg,train,7861.jpg,edf271316ac744fd93a404bc9fc0738ae9787e41ad70116f255eadfac52496e0
7862.jpg,train,7862.jpg,c1d69b9743739a5e5f3cd406a8dd44e26f5faa9c5d79dff31db12ec9a731f6a1
7863.jpg,train,7863.jpg,c04ab5c6ce91fb4990ee9c2181f08642a52d74f44e0d6e8191c5368a3ab74c07
7864.jpg,validation,7864.jpg,8bf2ec6632ced1e44334252a1d359adb28cee643ff90471a5597cee877d7bfe1
7865.jpg,train,7865.jpg,95981c199d9a4d8b5336ffc0b58594d1dfc5011d2962778b777fdb6f121f5e38
7866.jpg,train,7866.jpg,bcaf11d2f060319ec6fd5116bce22a496b8b343044b9cffaec16d4d027a2406a
7867.jpg,train,7867.jpg,e71e4d510cc79c40438b19c7665b1645d0f11f3712775e10897801ce3ff4ebf0
7868.jpg,train,7868.jpg,652a8fc3e7ac5ced7bb13bbc24173fa7761a8fecacccaf1b5145a6e89e68aef1
7869.jpg,train,7869.jpg,5011c59d0645254d505822ce2ca82f47ab86f3ea16f2bf487350a06bc8be701f
7870.jpg,train,7870.jpg,849b66f66999f59e84d903daf7d3b65bf194823e81bcb0809c701959cdb26f1a
7871.jpg,train,7871.jpg,30b53be6e633c03d3b2b508cccffa250b0c869b856c772edd0bd7b72068d3649
7872.jpg,train,7872.jpg,40c96b0cacf65192e95996ebe7f26f3834aa3a187ff563b6456f20e8a3f23235
7873.jpg,train,7873.jpg,45ac15402f777052d8133f9cc2329eb89524081b05de2e8c3c50b48c67263995
7874.jpg,train,7874.jpg,f37d3c712b159c125bc5022deaed38a04bc54706542cfb30486698e8d602a7df
7875.jpg,train,7875.jpg,683a38663ea55b98ec0d0856342ab055bfd885dce0ec0331d10e8e725224b4da
7876.jpg,train,7876.jpg,3ec5a7e914ddd84efe9941c85533231166ab2f3c2524469454a954dffbbd3bd0
7877.jpg,train,7877.jpg,cc4de0d8d6435b3e4cde77a67fe79d1f9666e1dd8c27b3fd43d2b78e08784e1d
7878.jpg,validation,7878.jpg,56a38eef1df139701fea66d833c40c2585c5513d09aecd8fba1b01fda43c3bdb
7879.jpg,train,7879.jpg,d7de0d16a8d0265137090b8912e56e5837a4faf74b3886cad7bce170656b2740
7880.jpg,train,7880.jpg,e17b30742d42985eb0b226b074f4d916278769f25dcc00067ca7203bb20b0e56
7881.jpg,validation,7881.jpg,a79ecc48185a9fd44cccbc60adaab941cb7cbc286a763cdcf3708fca06eb76f2
7882.jpg,train,7882.jpg,ebfdbced4c96f2173b46728bc7b29a038d95bcae946b98bfe0280f5d2b094644
7883.jpg,train,7883.jpg,c8ff9ae1edb4f9b2c004f52965649635c31d83f7878a67e365bdd9fa0162551c
7884.jpg,train,7884.jpg,e6b76a6adb248f30ecf2e7f18ec56f6020a86cbcab960090eeaded89d92204d0
7885.jpg,train,7885.jpg,31922b8e8fade8eda1127b3ed1f72e33e53f53e9214bd5f96794fe8c803529db
7886.jpg,train,7886.jpg,dfd563371e4b7240fa9eaa218fc4f83108fe9e135bbebaca41e9495cb638d440
7887.jpg,train,7887.jpg,a637d6e47556dfcd12ef56131622775b71a8650ad89e9ca31481f6ed7b3cfeca
7888.jpg,train,7888.jpg,6d004eeefac3806fb7f3ef8613c627955f265242d6afcb51f54a6a4dfd3d0aa1
7889.jpg,validation,7889.jpg,de06cec4c24e466ba6eef49b9d916d6c4791d74e6df6da454f03ce38b8347bb1
7890.jpg,train,7890.jpg,332d132c227f811b5da35d0577997dfb7c8fe8392c6b2000a7ad859b81ac92a1
7891.jpg,train,7891.jpg,644f8c90085d82f6ec738be7534a198db36ffa406bc0899c0f2ee6501f32155c
7892.jpg,train,7892.jpg,66605bc16255f1cb5861401870a0e786c0a046fd1de029ab285b6d5f89b6c320
7893.jpg,validation,7893.jpg,736a01097dacbd54255d76917443e5eb08a6767d49f34c4e5a53ab7556f259bb
7894.jpg,train,7894.jpg,34236a3a0b0cea47c66d7cd814f54423b38bc4d74c9b3f1b40a140b895a02858
7895.jpg,train,7895.jpg,d184de511b71150d021316b2c54bd6e839b7a8c3c270a80f42298ffaef73489f
7896.jpg,train,7896.jpg,af8640adc668fabb90671529f8db7892604d9a192d52b7c6ae8c35155c1d3bd0
7897.jpg,train,7897.jpg,25fa70fb31c84bc907acea3afeaac2745f846f278d0bb34fd60530db6b23a155
7898.jpg,train,7898.jpg,4e74ebd3aff91b92bc1c127852e29e3dcf1a7b696286afacaad5bafd05123b78
7899.jpg,train,7899.jpg,759069e6676084452eb8e3e2d738a40833c3dc3211c7adcd921c39cfe09dc992
7900.jpg,train,7900.jpg,72f3d791068603ae0cdb25e176335e7a18e1164e72532efce4c3c1513bc9d5d6
7901.jpg,train,7901.jpg,dbe28a0ae3af87fd2eebd8bb29519af38b92b37f1be3b8b90783d3e34206a8ab
7902.jpg,train,7902.jpg,77a79ca3aa35cc63b36b90fa916f77e18c5f4dcf8813bd2f41514c6f773b727f
7903.jpg,train,7903.jpg,aac8c0a4d7a67bfaa38f2a4ff2a60d2ba9cb445694ff58d4dd18a2b22fc2d000
7904.jpg,train,7904.jpg,7bafd8ec556a674e7edcd5efbfe37cf6b93a6ff811a531d39a13041d20def8f3
7905.jpg,validation,7905.jpg,67c83783c25ee409a343a41c2828e30cf6b91ba60a522cda1d78ade599856c3c
7906.jpg,validation,7906.jpg,49c419fda9acce51d63644bc0977105211e1f5f56581f8dfd478ad253ebf91e4
7907.jpg,validation,7907.jpg,49dbdfe3fe5e4f09da4355fce89d864c4dfa181f111a168feac8df7335ecd9b8
7908.jpg,train,7908.jpg,efc54971066b3669798f4c1df0a544bc5818573491580e1f6fbbf1805c6472ec
7909.jpg,train,7909.jpg,968991a5d550178b2cf6a96c48310ce7a94b517ab6374816995e1e999e623944
7910.jpg,train,7910.jpg,5073443cf3b3ea183fc131de7b71c35b81bec20a321c18f036639d358f72c1ac
7911.jpg,validation,7911.jpg,778685ad7bd83329adfd0b7a645af162b80ff8d1f94a50aeb435dc2163ffbf76
7912.jpg,train,7912.jpg,0e57b1366dba1d3bfaa55cdf21989efa6c376c773d0554d21e2ecfaebd37c732
7913.jpg,train,7913.jpg,3b50f76e1e181798d5f3a7b512dc50510382521fce93f41227f3eb1c5aba4da2
7914.jpg,train,7914.jpg,8f65c9d53eca3dcd50bbcd406d680c1b5ab4c543c4b0e312a5d60b1099d56e42
7915.jpg,train,7915.jpg,26200ff3e0129dfd2e52a08c4d48d2c0acb3b7d7bca33dcb8f2d3efa7125aece
7916.jpg,train,7916.jpg,1e9440a906d3ee35093617124a2db75f1dd1ea786b0b138ad89e8187250641d8
7917.jpg,train,7917.jpg,87fd2dd0f69b207876773b1cbb8a4ef32c5e048e60f03bde48284b78654ecccd
7918.jpg,validation,7918.jpg,e9898acb569a47b472a116a2ff7d70bc63220c7c183e7f5aee70c2a153207228
7919.jpg,validation,7919.jpg,055af9d715f4558e8b973638e0fabd707bffd9348297653021fb5fb67ac15805
7920.jpg,train,7920.jpg,2587491d38fe3d85f89ef25d818fdb58ad8172249b9eb22a1e39ff7fd5c9fa9a
7921.jpg,train,7921.jpg,da15838b3f8bc381cb503a93b83801a732fef4957c6fe7dc802d2e26011d6405
7922.jpg,train,7922.jpg,9d9644a87d5946582245c660868d415e1360c88a4b7f5fceb142dbcafd4f3a25
7923.jpg,train,7923.jpg,15dc2471790cf57aedcba6808c512bbc1b0be68d09e82f8e8773a0cd7d4aa9c6
7924.jpg,train,7924.jpg,33acacb8e3260a71f309f43baf238d8c3ad981d0df16280b8f42591db99170c7
7925.jpg,validation,7925.jpg,52504f03ca7e828510ce3b5178f6916db89823101f3db3d5746d84bba34574f9
7926.jpg,train,7926.jpg,c1dc6b2bc62f4912169097a7451e03e4a5e2b9440ebf8fa82c534c97c7648a69
7927.jpg,validation,7927.jpg,802f3683bb54ddf50b059b38b0d112d9c42df11807f1c571472cde819ecd2132
7928.jpg,validation,7928.jpg,439899b06ee23b6781e65b566dcf9d8dc3fa0cbe0f5e1cc5d1eb2c7a43c4a419
7929.jpg,validation,7929.jpg,bb1d78082b2676384bbb60b5d751cc1ae1fbd94bc506e9e5c9b2d95e26cdcf59
7930.jpg,train,7930.jpg,1a49e3be3ee9edd8dad371e6edd6f0d69fd5e30f1af33da5bfe1224f8ee5ca06
7931.jpg,train,7931.jpg,bd4841490a97a788402e9306fb90c7b3b5bca16eb6b6ee279e014f9c484f63bc
7932.jpg,train,7932.jpg,012db2a0c1645ba670f5371980f51b15726511dbc9e0e4f3283c7b6923bfe062
7933.jpg,train,7933.jpg,4c03334ef9f90f24edf29f52da9bff0b8afee0aba7ea75375fc9645796dbe5b2
7934.jpg,train,7934.jpg,ec52c1ffec3ac0a4445cffdf62e34cdb2e8b553263823f30a5fcf81fccc26ea7
7935.jpg,train,7935.jpg,dcede670257e4ff5aa6a293c49933528c4fff72fb621966f50c98fc9e6baab23
7936.jpg,validation,7936.jpg,ad7bf824bae50c29d08d1ca71b98eae465ac2c52102304eb6f4047fad7472b7d
7937.jpg,train,7937.jpg,74eff1119815f140d24ca6dce4df1017868ed56a0f0a1e44ec2820ecc728d474
7938.jpg,train,7938.jpg,b0f453930a80fb3a5e9ef9387d58538a1b83c030ffc3590c97d48e2b8ee5e7bd
7939.jpg,train,7939.jpg,a48de32a06cd94f6f9c1b0fdf4985680542ebf3f6e2c987847a6cfa53fb3ffc4
7940.jpg,validation,7940.jpg,7fd03e658f7229edd40a7d41c525a3d0669a450788490b0fcdce87d9cd07b0e4
7941.jpg,validation,7941.jpg,5dcfd1dbd62b2b7241345c5289fab118b2ed5e71132938e0cfcfab12a8142ff2
7942.jpg,validation,7942.jpg,f916364e7a35b50ebd434193ca63a6c423acfec34568a8790a247e769c4ff3e4
7943.jpg,validation,7943.jpg,67c39ed3b156fe49e58129950a9368962d6b876df0e95d58145b4443e0d6a024
7944.jpg,train,7944.jpg,9e63b6685037f37c4c63f4f015547869ced1bc2cf1b36a1593d59caa6a291c49
7945.jpg,validation,7945.jpg,890df13d3b722c450ae62b12f612b40668a34e1d835f8654b7cebb59ca3f5fbf
7946.jpg,train,7946.jpg,2c199183c01a72e3796bc077d5ba66c2d562f8b51faafc3138ccd21969d697ae
7947.jpg,train,7947.jpg,7baeb9e83070b5c997bdc7cc9f7250a5ef069b012c36606f2a59e41185bf3c18
7948.jpg,train,7948.jpg,56c16da7a5e5c855628a7a0137967bde951d1807af64dbb405c9a6edea4ef898
7949.jpg,train,7949.jpg,de452da1bacdbba67464defaa828d0061d0e88c4b0953ff6f4f397c54a82b268
7950.jpg,train,7950.jpg,fa191be892dfe5472b719aa56f29e1e765d5eb0e4b0f6a491d134217945dd67c
7951.jpg,validation,7951.jpg,7adb84adc4f5c82aeca656ee4d9606cc73081e33f2e9e826025861048f27d4ba
7952.jpg,train,7952.jpg,7c4ad205c6ec0dc3f7e6e7f861448a464920d4f9c41095d4af30658a9ec16ec1
7953.jpg,train,7953.jpg,ec3cd353500f0c8ae8e9a03b0e0aa812402bec8da3debcffdb31e50bf7639c41
7954.jpg,train,7954.jpg,e67d064ea9baec327198c827c4a804ed05b853e36e7611dc2cc2ffb21a6a1ae6
7955.jpg,train,7955.jpg,2d33462c1bac06cf779c4d0d5bbc523ad9b8e6a3454a6da8d2b84ffbe420e782
7956.jpg,validation,7956.jpg,23f2f9742df375f9a60f9dcffa2c3695a0a6fd03478c02d3eb33854149a80a80
7957.jpg,train,7957.jpg,18288310f0e58b06add7947e022a5488c5d22db54da6001c7567b77ef49225fa
7958.jpg,train,7958.jpg,ed7f5190ee7bc8656caa51bd7b7ea604bbf20f459859e913de84275411ab3650
7959.jpg,train,7959.jpg,c94e9b1e35fea52318918cfad6e6441336025b4ee37f92cbb9999445deb0a7e8
7960.jpg,train,7960.jpg,50b4f5a21173e7858664462fb5bf19b35d08b50179ba78b38bd6eba811ea130f
7961.jpg,validation,7961.jpg,7c5242a9229204079c38057abeb4130257cc14954ab2c78fe7279cb1bf4677cc
7962.jpg,train,7962.jpg,75163465c26979e5917304c1dd43666310dd6bf9e0c4ea396dabdf146da8d915
7963.jpg,train,7963.jpg,56263821ed5c92d8d004fc2dc5cc342de2d27d362f0e94e8b8925e9bf77c5b16
7964.jpg,validation,7964.jpg,9954e50f475aa17f5773dfde8a93bc3ed2b641578b7df5dfe07d5ff2f0a6f04e
7965.jpg,train,7965.jpg,9e4d53fcf68ba8ef6205f3d9a89e793e5d4bf4ce3c203cddf276c61601035d74
7966.jpg,train,7966.jpg,e3cbc67f8d264c6a24b00edd3ad1e53febf6d8bd03f10f05ef700d26497c0228
7967.jpg,train,7967.jpg,f37d66367868dbb02e3fd05db0cb758c176be4cea217ebe2275a435dd2388146
7968.jpg,train,7968.jpg,0ba5db31e76a78042fda58720ea3771187c244d98e36062947ae61e6ae415049
7969.jpg,train,7969.jpg,b0fee6b2f65801992e2838ae7799bfb7f0ef2d96bf852bcd3a0b37e6578a484b
7970.jpg,train,7970.jpg,757316ee1bab3fb75e4450a0f5d42bb0db38085df3ee5afb5c2514b018ebebbc
7971.jpg,train,7971.jpg,2be6b970ab47b7889924af72cd941466b2d64bfc8d12847a37c5b57ab9b652a5
7972.jpg,train,7972.jpg,c7c59b1aadcb13d41969eaf10997f88026177b74b4b61753cb4a3aef442af915
7973.jpg,train,7973.jpg,b49f30f428d6da1188871dd8ad2471f760764e64084002c8ff4c8184a7c58b91
7974.jpg,train,7974.jpg,a88274d9b3203b72dc3b5af8a2be6de545bb74db869f7b277b66aac7243af42c
7975.jpg,validation,7975.jpg,0113d80868c8535106aa119ba0a65304c92376798e7b3dc09a8b122c829d7cd1
7976.jpg,validation,7976.jpg,01ae27266ce1765fbf4b7d8a0f2c7c39dcd60ab18148854831d463b6b25f8f9f
7977.jpg,validation,7977.jpg,59c02e63d1e70db62a2080f1c4e26f328e17bd1e5bffb9942a6f97b7f763343b
7978.jpg,train,7978.jpg,4857a2345bbb835d0b2f8a4158bd641d2a0065decefb2111d41f39b19de7ef09
7979.jpg,train,7979.jpg,ecd6d05bb334333580cf9b80588d47eeedfc6aedee816ba940eb72914204d7fa
7980.jpg,train,7980.jpg,7240b639cc1efd4e839be2234b810c36f6d22b6a9f8b9629f49c664ca7f71660
7981.jpg,train,7981.jpg,a8b1c6b93200afcc167b1f55a983409bfe9b416663c3fbe5a38eda838f926056
7982.jpg,train,7982.jpg,7f1ba24c6e6b60d8b57cb1565811b2f2eb2f4f786913ca53b841ad60e8e9f44e
7983.jpg,train,7983.jpg,0ac615bdaabf58205e705d931fa73975fd77688ab8103c21a5cd00581a46b357
7984.jpg,train,7984.jpg,76dc6abb3c793a9b953d8e821edef8b797d7ae21a0098673ebe42043c80fb0ed
7985.jpg,train,7985.jpg,c23478aeaad5adc633383cf5c63289b8d092b33f6174a32cca9da36ccf272141
7986.jpg,validation,7986.jpg,5671bd3f1011eabfb23e33e0c69039cd9fffbf2955670d1f88f160075796a5e2
7987.jpg,train,7987.jpg,eb982fa79fcda3142879a46eefab4ee8404d90f094a52350d9622a96a4270ec8
7988.jpg,train,7988.jpg,dce88c1b00b407a26f6466a53b2dfc09b9ce8096b0429be00811fd18b910f3f2
7989.jpg,train,7989.jpg,7846702945863ca8766b28a8d4d3432e8789183ba3ad7aff73065fdf36789593
7990.jpg,train,7990.jpg,db2f2a7b090d47cd10b0b37c89d59d845b77bf1622d561c6c219e54cbc37f2b0
7991.jpg,train,7991.jpg,8068ed24afe8a57959d060a3ca69b7e3fed3358bb1887c1c60ceb61c765b8651
7992.jpg,train,7992.jpg,2bdce6c44cbbe5a062cc9c329075a8a135715687955b0ea7a94148fbc518e158
7993.jpg,train,7993.jpg,4c6fc439ff57c0dde6b8c6600021cac2552f5b2036fc4b9792a8cf0227ccd746
7994.jpg,train,7994.jpg,95f8ed9521f60923a349683c3af79db483e13c3751f17e679fc5fc9c56bc9dbe
7995.jpg,train,7995.jpg,dd1c5bf09180b752231b22620d853128b6d57524f1ce29117df4753866497f5a
7996.jpg,train,7996.jpg,9d029d0d70051eba672642133302ee6a6a7e85f325bd8cd712c0a2f0f0af7ba6
7997.jpg,train,7997.jpg,f576a7f2c6664af6ae9cb8fab0ed84ff79e8e4b8892ce4ff82e38fc13582d31a
7998.jpg,train,7998.jpg,40215718e0db4aaf18625390f5346581d32b4c25a35ee015ff9e891cbd2704c1
7999.jpg,train,7999.jpg,5430d75b054f8958e5d91fda0418cd4621df90f7c3d5ec92c67a1499dcb4b9b6
8000.jpg,train,8000.jpg,656f6368e1bddd9ec0e2de2ffe3c279bfd761aee305a7c7669f86f500fabed95
